  0
SECTION
  2
HEADER
  9
$ACADVER
  1
AC1032
  9
$ACADMAINTVER
 90
4
  9
$DWGCODEPAGE
  3
ANSI_949
  9
$LASTSAVEDBY
  1
user
  9
$REQUIREDVERSIONS
160
0
  9
$INSBASE
 10
0.0
 20
0.0
 30
0.0
  9
$EXTMIN
 10
1.232638554751865
 20
0.1295833333333333
 30
0.0
  9
$EXTMAX
 10
15.29499986111111
 20
11.57018443324881
 30
0.0
  9
$LIMMIN
 10
0.0
 20
0.0
  9
$LIMMAX
 10
12.0
 20
9.0
  9
$ORTHOMODE
 70
0
  9
$REGENMODE
 70
1
  9
$FILLMODE
 70
1
  9
$QTEXTMODE
 70
0
  9
$MIRRTEXT
 70
0
  9
$LTSCALE
 40
1.0
  9
$ATTMODE
 70
1
  9
$TEXTSIZE
 40
2.5
  9
$TRACEWID
 40
1.0
  9
$TEXTSTYLE
  7
Standard
  9
$CLAYER
  8
0
  9
$CELTYPE
  6
ByLayer
  9
$CECOLOR
 62
256
  9
$CELTSCALE
 40
1.0
  9
$DISPSILH
 70
0
  9
$DIMSCALE
 40
1.0
  9
$DIMASZ
 40
2.5
  9
$DIMEXO
 40
0.625
  9
$DIMDLI
 40
3.75
  9
$DIMRND
 40
0.0
  9
$DIMDLE
 40
0.0
  9
$DIMEXE
 40
1.25
  9
$DIMTP
 40
0.0
  9
$DIMTM
 40
0.0
  9
$DIMTXT
 40
2.5
  9
$DIMCEN
 40
2.5
  9
$DIMTSZ
 40
0.0
  9
$DIMTOL
 70
0
  9
$DIMLIM
 70
0
  9
$DIMTIH
 70
0
  9
$DIMTOH
 70
0
  9
$DIMSE1
 70
0
  9
$DIMSE2
 70
0
  9
$DIMTAD
 70
1
  9
$DIMZIN
 70
8
  9
$DIMBLK
  1

  9
$DIMASO
 70
1
  9
$DIMSHO
 70
1
  9
$DIMPOST
  1

  9
$DIMAPOST
  1

  9
$DIMALT
 70
0
  9
$DIMALTD
 70
3
  9
$DIMALTF
 40
0.03937007874016
  9
$DIMLFAC
 40
1.0
  9
$DIMTOFL
 70
1
  9
$DIMTVP
 40
0.0
  9
$DIMTIX
 70
0
  9
$DIMSOXD
 70
0
  9
$DIMSAH
 70
0
  9
$DIMBLK1
  1

  9
$DIMBLK2
  1

  9
$DIMSTYLE
  2
ISO-25
  9
$DIMCLRD
 70
0
  9
$DIMCLRE
 70
0
  9
$DIMCLRT
 70
0
  9
$DIMTFAC
 40
1.0
  9
$DIMGAP
 40
0.625
  9
$DIMJUST
 70
0
  9
$DIMSD1
 70
0
  9
$DIMSD2
 70
0
  9
$DIMTOLJ
 70
0
  9
$DIMTZIN
 70
8
  9
$DIMALTZ
 70
0
  9
$DIMALTTZ
 70
0
  9
$DIMUPT
 70
0
  9
$DIMDEC
 70
2
  9
$DIMTDEC
 70
2
  9
$DIMALTU
 70
2
  9
$DIMALTTD
 70
3
  9
$DIMTXSTY
  7
Standard
  9
$DIMAUNIT
 70
0
  9
$DIMADEC
 70
0
  9
$DIMALTRND
 40
0.0
  9
$DIMAZIN
 70
0
  9
$DIMDSEP
 70
44
  9
$DIMATFIT
 70
3
  9
$DIMFRAC
 70
0
  9
$DIMLDRBLK
  1

  9
$DIMLUNIT
 70
2
  9
$DIMLWD
 70
-2
  9
$DIMLWE
 70
-2
  9
$DIMTMOVE
 70
0
  9
$DIMFXL
 40
1.0
  9
$DIMFXLON
 70
0
  9
$DIMJOGANG
 40
0.7853981633974483
  9
$DIMTFILL
 70
0
  9
$DIMTFILLCLR
 70
0
  9
$DIMARCSYM
 70
0
  9
$DIMLTYPE
  6

  9
$DIMLTEX1
  6

  9
$DIMLTEX2
  6

  9
$DIMTXTDIRECTION
 70
0
  9
$LUNITS
 70
2
  9
$LUPREC
 70
4
  9
$SKETCHINC
 40
1.0
  9
$FILLETRAD
 40
0.0
  9
$AUNITS
 70
0
  9
$AUPREC
 70
0
  9
$MENU
  1
.
  9
$ELEVATION
 40
0.0
  9
$PELEVATION
 40
0.0
  9
$THICKNESS
 40
0.0
  9
$LIMCHECK
 70
0
  9
$CHAMFERA
 40
0.0
  9
$CHAMFERB
 40
0.0
  9
$CHAMFERC
 40
0.0
  9
$CHAMFERD
 40
0.0
  9
$SKPOLY
 70
0
  9
$TDCREATE
 40
2460815.5169328703
  9
$TDUCREATE
 40
2460800.596238426
  9
$TDUPDATE
 40
2460815.5169328703
  9
$TDUUPDATE
 40
2460800.596458334
  9
$TDINDWG
 40
0.0002199074
  9
$TDUSRTIMER
 40
0.0002199074
  9
$USRTIMER
 70
1
  9
$ANGBASE
 50
0.0
  9
$ANGDIR
 70
0
  9
$PDMODE
 70
0
  9
$PDSIZE
 40
0.0
  9
$PLINEWID
 40
0.0
  9
$SPLFRAME
 70
0
  9
$SPLINETYPE
 70
6
  9
$SPLINESEGS
 70
8
  9
$HANDSEED
  5
FCC
  9
$SURFTAB1
 70
6
  9
$SURFTAB2
 70
6
  9
$SURFTYPE
 70
6
  9
$SURFU
 70
6
  9
$SURFV
 70
6
  9
$UCSBASE
  2

  9
$UCSNAME
  2

  9
$UCSORG
 10
0.0
 20
0.0
 30
0.0
  9
$UCSXDIR
 10
1.0
 20
0.0
 30
0.0
  9
$UCSYDIR
 10
0.0
 20
1.0
 30
0.0
  9
$UCSORTHOREF
  2

  9
$UCSORTHOVIEW
 70
0
  9
$UCSORGTOP
 10
0.0
 20
0.0
 30
0.0
  9
$UCSORGBOTTOM
 10
0.0
 20
0.0
 30
0.0
  9
$UCSORGLEFT
 10
0.0
 20
0.0
 30
0.0
  9
$UCSORGRIGHT
 10
0.0
 20
0.0
 30
0.0
  9
$UCSORGFRONT
 10
0.0
 20
0.0
 30
0.0
  9
$UCSORGBACK
 10
0.0
 20
0.0
 30
0.0
  9
$PUCSBASE
  2

  9
$PUCSNAME
  2

  9
$PUCSORG
 10
0.0
 20
0.0
 30
0.0
  9
$PUCSXDIR
 10
1.0
 20
0.0
 30
0.0
  9
$PUCSYDIR
 10
0.0
 20
1.0
 30
0.0
  9
$PUCSORTHOREF
  2

  9
$PUCSORTHOVIEW
 70
0
  9
$PUCSORGTOP
 10
0.0
 20
0.0
 30
0.0
  9
$PUCSORGBOTTOM
 10
0.0
 20
0.0
 30
0.0
  9
$PUCSORGLEFT
 10
0.0
 20
0.0
 30
0.0
  9
$PUCSORGRIGHT
 10
0.0
 20
0.0
 30
0.0
  9
$PUCSORGFRONT
 10
0.0
 20
0.0
 30
0.0
  9
$PUCSORGBACK
 10
0.0
 20
0.0
 30
0.0
  9
$USERI1
 70
0
  9
$USERI2
 70
0
  9
$USERI3
 70
0
  9
$USERI4
 70
0
  9
$USERI5
 70
0
  9
$USERR1
 40
0.0
  9
$USERR2
 40
0.0
  9
$USERR3
 40
0.0
  9
$USERR4
 40
0.0
  9
$USERR5
 40
0.0
  9
$WORLDVIEW
 70
1
  9
$SHADEDGE
 70
3
  9
$SHADEDIF
 70
70
  9
$TILEMODE
 70
1
  9
$MAXACTVP
 70
64
  9
$PINSBASE
 10
0.0
 20
0.0
 30
0.0
  9
$PLIMCHECK
 70
0
  9
$PEXTMIN
 10
0.0
 20
0.0
 30
0.0
  9
$PEXTMAX
 10
0.0
 20
0.0
 30
0.0
  9
$PLIMMIN
 10
0.0
 20
0.0
  9
$PLIMMAX
 10
12.0
 20
9.0
  9
$UNITMODE
 70
0
  9
$VISRETAIN
 70
1
  9
$PLINEGEN
 70
0
  9
$PSLTSCALE
 70
1
  9
$TREEDEPTH
 70
3020
  9
$CMLSTYLE
  2
Standard
  9
$CMLJUST
 70
0
  9
$CMLSCALE
 40
20.0
  9
$PROXYGRAPHICS
 70
1
  9
$MEASUREMENT
 70
1
  9
$CELWEIGHT
370
-1
  9
$ENDCAPS
280
0
  9
$JOINSTYLE
280
0
  9
$LWDISPLAY
290
0
  9
$INSUNITS
 70
4
  9
$HYPERLINKBASE
  1

  9
$STYLESHEET
  1

  9
$XEDIT
290
1
  9
$CEPSNTYPE
380
0
  9
$PSTYLEMODE
290
1
  9
$FINGERPRINTGUID
  2
{8A8004DF-48F3-8649-94EC-CF4CD2062C45}
  9
$VERSIONGUID
  2
{2ADD40AF-3E63-4FEA-B4A7-8113D18BC8FD}
  9
$EXTNAMES
290
1
  9
$PSVPSCALE
 40
0.0
  9
$OLESTARTUP
290
0
  9
$SORTENTS
280
127
  9
$INDEXCTL
280
0
  9
$HIDETEXT
280
1
  9
$XCLIPFRAME
280
2
  9
$HALOGAP
280
0
  9
$OBSCOLOR
 70
257
  9
$OBSLTYPE
280
0
  9
$INTERSECTIONDISPLAY
280
0
  9
$INTERSECTIONCOLOR
 70
257
  9
$DIMASSOC
280
2
  9
$PROJECTNAME
  1

  9
$CAMERADISPLAY
290
0
  9
$LENSLENGTH
 40
50.0
  9
$CAMERAHEIGHT
 40
0.0
  9
$STEPSPERSEC
 40
2.0
  9
$STEPSIZE
 40
6.0
  9
$3DDWFPREC
 40
2.0
  9
$PSOLWIDTH
 40
5.0
  9
$PSOLHEIGHT
 40
80.0
  9
$LOFTANG1
 40
1.570796326794896
  9
$LOFTANG2
 40
1.570796326794896
  9
$LOFTMAG1
 40
0.0
  9
$LOFTMAG2
 40
0.0
  9
$LOFTPARAM
 70
7
  9
$LOFTNORMALS
280
1
  9
$LATITUDE
 40
37.795
  9
$LONGITUDE
 40
-122.394
  9
$NORTHDIRECTION
 40
0.0
  9
$TIMEZONE
 70
-8000
  9
$LIGHTGLYPHDISPLAY
280
1
  9
$TILEMODELIGHTSYNCH
280
1
  9
$CMATERIAL
347
EC
  9
$SOLIDHIST
280
0
  9
$SHOWHIST
280
1
  9
$DWFFRAME
280
2
  9
$DGNFRAME
280
0
  9
$REALWORLDSCALE
290
1
  9
$INTERFERECOLOR
 62
1
  9
$INTERFEREOBJVS
345
F9
  9
$INTERFEREVPVS
346
F6
  9
$CSHADOW
280
0
  9
$SHADOWPLANELOCATION
 40
0.0
  0
ENDSEC
  0
SECTION
  2
CLASSES
  0
CLASS
  1
ACDBDICTIONARYWDFLT
  2
AcDbDictionaryWithDefault
  3
ObjectDBX Classes
 90
0
 91
1
280
0
281
0
  0
CLASS
  1
DICTIONARYVAR
  2
AcDbDictionaryVar
  3
ObjectDBX Classes
 90
0
 91
11
280
0
281
0
  0
CLASS
  1
TABLESTYLE
  2
AcDbTableStyle
  3
ObjectDBX Classes
 90
4095
 91
1
280
0
281
0
  0
CLASS
  1
MATERIAL
  2
AcDbMaterial
  3
ObjectDBX Classes
 90
1153
 91
3
280
0
281
0
  0
CLASS
  1
VISUALSTYLE
  2
AcDbVisualStyle
  3
ObjectDBX Classes
 90
4095
 91
24
280
0
281
0
  0
CLASS
  1
SCALE
  2
AcDbScale
  3
ObjectDBX Classes
 90
1153
 91
17
280
0
281
0
  0
CLASS
  1
MLEADERSTYLE
  2
AcDbMLeaderStyle
  3
ACDB_MLEADERSTYLE_CLASS
 90
4095
 91
2
280
0
281
0
  0
CLASS
  1
CELLSTYLEMAP
  2
AcDbCellStyleMap
  3
ObjectDBX Classes
 90
1152
 91
1
280
0
281
0
  0
CLASS
  1
EXACXREFPANELOBJECT
  2
ExAcXREFPanelObject
  3
EXAC_ESW
 90
1025
 91
0
280
0
281
0
  0
CLASS
  1
NPOCOLLECTION
  2
AcDbImpNonPersistentObjectsCollection
  3
ObjectDBX Classes
 90
1153
 91
0
280
0
281
0
  0
CLASS
  1
LAYER_INDEX
  2
AcDbLayerIndex
  3
ObjectDBX Classes
 90
0
 91
0
280
0
281
0
  0
CLASS
  1
SPATIAL_INDEX
  2
AcDbSpatialIndex
  3
ObjectDBX Classes
 90
0
 91
0
280
0
281
0
  0
CLASS
  1
IDBUFFER
  2
AcDbIdBuffer
  3
ObjectDBX Classes
 90
0
 91
0
280
0
281
0
  0
CLASS
  1
ACDBSECTIONVIEWSTYLE
  2
AcDbSectionViewStyle
  3
ObjectDBX Classes
 90
1025
 91
1
280
0
281
0
  0
CLASS
  1
ACDBDETAILVIEWSTYLE
  2
AcDbDetailViewStyle
  3
ObjectDBX Classes
 90
1025
 91
1
280
0
281
0
  0
CLASS
  1
SUN
  2
AcDbSun
  3
SCENEOE
 90
1153
 91
0
280
0
281
0
  0
CLASS
  1
MENTALRAYRENDERSETTINGS
  2
AcDbMentalRayRenderSettings
  3
SCENEOE
 90
1024
 91
0
280
0
281
0
  0
CLASS
  1
RASTERVARIABLES
  2
AcDbRasterVariables
  3
ISM
 90
0
 91
0
280
0
281
0
  0
CLASS
  1
LAYOUT
  2
AcDbLayout
  3
ObjectDBX Classes
 90
0
 91
0
280
0
281
0
  0
CLASS
  1
ACDBPLACEHOLDER
  2
AcDbPlaceHolder
  3
ObjectDBX Classes
 90
0
 91
0
280
0
281
0
  0
ENDSEC
  0
SECTION
  2
TABLES
  0
TABLE
  2
VPORT
  5
8
330
0
100
AcDbSymbolTable
 70
1
  0
VPORT
  5
EA
330
8
100
AcDbSymbolTableRecord
100
AcDbViewportTableRecord
  2
*Active
 70
0
 10
0.0
 20
0.0
 11
1.0
 21
1.0
 12
8.263819207931485
 22
5.849883883291072
 13
0.0
 23
0.0
 14
10.0
 24
10.0
 15
10.0
 25
10.0
 16
0.0
 26
0.0
 36
1.0
 17
0.0
 27
0.0
 37
0.0
 40
13.1566912649028
 41
2.652416356877323
 42
50.0
 43
0.0
 44
0.0
 50
0.0
 51
0.0
 71
0
 72
1000
 73
1
 74
3
 75
0
 76
1
 77
0
 78
0
281
0
 65
1
110
0.0
120
0.0
130
0.0
111
1.0
121
0.0
131
0.0
112
0.0
122
1.0
132
0.0
 79
0
146
0.0
 60
3
 61
5
348
F5
292
1
282
1
141
0.0
142
0.0
 63
250
421
3355443
1001
ACAD_NAV_VCDISPLAY
1070
3
  0
ENDTAB
  0
TABLE
  2
LTYPE
  5
5
330
0
100
AcDbSymbolTable
 70
3
  0
LTYPE
  5
14
330
5
100
AcDbSymbolTableRecord
100
AcDbLinetypeTableRecord
  2
ByBlock
 70
0
  3

 72
65
 73
0
 40
0.0
  0
LTYPE
  5
15
330
5
100
AcDbSymbolTableRecord
100
AcDbLinetypeTableRecord
  2
ByLayer
 70
0
  3

 72
65
 73
0
 40
0.0
  0
LTYPE
  5
16
330
5
100
AcDbSymbolTableRecord
100
AcDbLinetypeTableRecord
  2
Continuous
 70
0
  3
Solid line
 72
65
 73
0
 40
0.0
  0
ENDTAB
  0
TABLE
  2
LAYER
  5
2
102
{ACAD_XDICTIONARY
360
1FF
102
}
330
0
100
AcDbSymbolTable
 70
5
  0
LAYER
  5
10
102
{ACAD_XDICTIONARY
360
13C
102
}
330
2
100
AcDbSymbolTableRecord
100
AcDbLayerTableRecord
  2
0
 70
0
 62
7
  6
Continuous
370
-3
390
F
347
EE
348
0
  0
LAYER
  5
2CE
330
2
100
AcDbSymbolTableRecord
100
AcDbLayerTableRecord
  2
PDF_형상
 70
0
 62
7
  6
Continuous
370
-3
390
F
347
EE
348
0
  0
LAYER
  5
2CF
330
2
100
AcDbSymbolTableRecord
100
AcDbLayerTableRecord
  2
PDF_솔리드 채우기
 70
0
 62
7
  6
Continuous
370
-3
390
F
347
EE
348
0
  0
LAYER
  5
2D2
330
2
100
AcDbSymbolTableRecord
100
AcDbLayerTableRecord
  2
PDF_문자
 70
0
 62
7
  6
Continuous
370
-3
390
F
347
EE
348
0
  0
LAYER
  5
FC2
330
2
100
AcDbSymbolTableRecord
100
AcDbLayerTableRecord
  2
Defpoints
 70
0
 62
7
  6
Continuous
290
0
370
-3
390
F
347
EE
  0
ENDTAB
  0
TABLE
  2
STYLE
  5
3
330
0
100
AcDbSymbolTable
 70
3
  0
STYLE
  5
11
330
3
100
AcDbSymbolTableRecord
100
AcDbTextStyleTableRecord
  2
Standard
 70
0
 40
0.0
 41
1.0
 50
0.0
 71
0
 42
2.5
  3
arial.ttf
  4

1001
ACAD
1000
Arial
1071
34
  0
STYLE
  5
132
330
3
100
AcDbSymbolTableRecord
100
AcDbTextStyleTableRecord
  2
주석
 70
0
 40
0.0
 41
1.0
 50
0.0
 71
0
 42
2.5
  3
arial.ttf
  4

1001
AcadAnnotative
1000
AnnotativeData
1002
{
1070
1
1070
1
1002
}
1001
ACAD
1000
Arial
1071
34
  0
STYLE
  5
2D1
330
3
100
AcDbSymbolTableRecord
100
AcDbTextStyleTableRecord
  2
PDF 맑은 고딕
 70
0
 40
0.0
 41
1.0
 50
0.0
 71
0
 42
2.5
  3
malgun.ttf
  4

1001
ACAD
1000
Malgun Gothic
1071
256
  0
ENDTAB
  0
TABLE
  2
VIEW
  5
6
330
0
100
AcDbSymbolTable
 70
0
  0
ENDTAB
  0
TABLE
  2
UCS
  5
7
330
0
100
AcDbSymbolTable
 70
0
  0
ENDTAB
  0
TABLE
  2
APPID
  5
9
330
0
100
AcDbSymbolTable
 70
11
  0
APPID
  5
12
330
9
100
AcDbSymbolTableRecord
100
AcDbRegAppTableRecord
  2
ACAD
 70
0
  0
APPID
  5
9E
330
9
100
AcDbSymbolTableRecord
100
AcDbRegAppTableRecord
  2
ACAD_PSEXT
 70
0
  0
APPID
  5
133
330
9
100
AcDbSymbolTableRecord
100
AcDbRegAppTableRecord
  2
AcadAnnoPO
 70
0
  0
APPID
  5
134
330
9
100
AcDbSymbolTableRecord
100
AcDbRegAppTableRecord
  2
AcadAnnotative
 70
0
  0
APPID
  5
135
330
9
100
AcDbSymbolTableRecord
100
AcDbRegAppTableRecord
  2
ACAD_DSTYLE_DIMJAG
 70
0
  0
APPID
  5
136
330
9
100
AcDbSymbolTableRecord
100
AcDbRegAppTableRecord
  2
ACAD_DSTYLE_DIMTALN
 70
0
  0
APPID
  5
165
330
9
100
AcDbSymbolTableRecord
100
AcDbRegAppTableRecord
  2
ACAD_MLEADERVER
 70
0
  0
APPID
  5
217
330
9
100
AcDbSymbolTableRecord
100
AcDbRegAppTableRecord
  2
ACAD_NAV_VCDISPLAY
 70
0
  0
APPID
  5
FBE
330
9
100
AcDbSymbolTableRecord
100
AcDbRegAppTableRecord
  2
DCO15
 70
0
  0
APPID
  5
FC3
330
9
100
AcDbSymbolTableRecord
100
AcDbRegAppTableRecord
  2
HATCHBACKGROUNDCOLOR
 70
0
  0
APPID
  5
FC4
330
9
100
AcDbSymbolTableRecord
100
AcDbRegAppTableRecord
  2
EZDXF
 70
0
  0
ENDTAB
  0
TABLE
  2
DIMSTYLE
  5
A
330
0
100
AcDbSymbolTable
 70
3
100
AcDbDimStyleTable
  0
DIMSTYLE
105
1B0
330
A
100
AcDbSymbolTableRecord
100
AcDbDimStyleTableRecord
  2
Standard
 70
0
 40
1.0
 41
2.5
 42
0.625
 43
3.75
 44
1.25
 45
0.0
 46
0.0
 47
0.0
 48
0.0
 49
2.5
140
2.5
141
2.5
142
0.0
143
0.03937007874
144
1.0
145
0.0
146
1.0
147
0.625
148
0.0
 69
0
 70
0
 71
0
 72
0
 73
0
 74
0
 75
0
 76
0
 77
1
 78
8
 79
3
170
0
171
3
172
1
173
0
174
0
175
0
176
0
177
0
178
0
179
2
271
2
272
2
273
2
274
3
275
0
276
0
277
2
278
44
279
0
280
0
281
0
282
0
283
0
284
8
285
0
286
0
288
0
289
3
290
0
340
11
371
-2
372
-2
  0
DIMSTYLE
105
137
330
A
100
AcDbSymbolTableRecord
100
AcDbDimStyleTableRecord
  2
주석
 70
0
 40
0.0
 41
2.5
 42
0.625
 43
3.75
 44
1.25
 45
0.0
 46
0.0
 47
0.0
 48
0.0
 49
2.5
140
2.5
141
2.5
142
0.0
143
0.03937007874016
144
1.0
145
0.0
146
1.0
147
0.625
148
0.0
 69
0
 70
0
 71
0
 72
0
 73
0
 74
0
 75
0
 76
0
 77
1
 78
8
 79
3
170
0
171
3
172
1
173
0
174
0
175
0
176
0
177
0
178
0
179
2
271
2
272
2
273
2
274
3
275
0
276
0
277
2
278
44
279
0
280
0
281
0
282
0
283
0
284
8
285
0
286
0
288
0
289
3
290
0
340
11
371
-2
372
-2
1001
AcadAnnotative
1000
AnnotativeData
1002
{
1070
1
1070
1
1002
}
1001
ACAD_DSTYLE_DIMJAG
1070
388
1040
1.5
1001
ACAD_DSTYLE_DIMTALN
1070
392
1070
0
  0
DIMSTYLE
105
27
330
A
100
AcDbSymbolTableRecord
100
AcDbDimStyleTableRecord
  2
ISO-25
 70
0
 40
1.0
 41
2.5
 42
0.625
 43
3.75
 44
1.25
 45
0.0
 46
0.0
 47
0.0
 48
0.0
 49
2.5
140
2.5
141
2.5
142
0.0
143
0.03937007874016
144
1.0
145
0.0
146
1.0
147
0.625
148
0.0
 69
0
 70
0
 71
0
 72
0
 73
0
 74
0
 75
0
 76
0
 77
1
 78
8
 79
3
170
0
171
3
172
1
173
0
174
0
175
0
176
0
177
0
178
0
179
2
271
2
272
2
273
2
274
3
275
0
276
0
277
2
278
44
279
0
280
0
281
0
282
0
283
0
284
8
285
0
286
0
288
0
289
3
290
0
340
11
371
-2
372
-2
  0
ENDTAB
  0
TABLE
  2
BLOCK_RECORD
  5
1
330
0
100
AcDbSymbolTable
 70
3
  0
BLOCK_RECORD
  5
1F
102
{ACAD_XDICTIONARY
360
1CE
102
}
330
1
100
AcDbSymbolTableRecord
100
AcDbBlockTableRecord
  2
*Model_Space
340
22
 70
0
280
1
281
0
  0
BLOCK_RECORD
  5
D2
330
1
100
AcDbSymbolTableRecord
100
AcDbBlockTableRecord
  2
*Paper_Space
340
D3
 70
0
280
1
281
0
  0
BLOCK_RECORD
  5
D6
330
1
100
AcDbSymbolTableRecord
100
AcDbBlockTableRecord
  2
*Paper_Space0
340
D7
 70
0
280
1
281
0
  0
ENDTAB
  0
ENDSEC
  0
SECTION
  2
BLOCKS
  0
BLOCK
  5
20
330
1F
100
AcDbEntity
  8
0
100
AcDbBlockBegin
  2
*Model_Space
 70
0
 10
0.0
 20
0.0
 30
0.0
  3
*Model_Space
  1

  0
ENDBLK
  5
21
330
1F
100
AcDbEntity
  8
0
100
AcDbBlockEnd
  0
BLOCK
  5
D4
330
D2
100
AcDbEntity
 67
1
  8
0
100
AcDbBlockBegin
  2
*Paper_Space
 70
0
 10
0.0
 20
0.0
 30
0.0
  3
*Paper_Space
  1

  0
ENDBLK
  5
D5
330
D2
100
AcDbEntity
 67
1
  8
0
100
AcDbBlockEnd
  0
BLOCK
  5
D8
330
D6
100
AcDbEntity
 67
1
  8
0
100
AcDbBlockBegin
  2
*Paper_Space0
 70
0
 10
0.0
 20
0.0
 30
0.0
  3
*Paper_Space0
  1

  0
ENDBLK
  5
D9
330
D6
100
AcDbEntity
 67
1
  8
0
100
AcDbBlockEnd
  0
ENDSEC
  0
SECTION
  2
ENTITIES
  0
LWPOLYLINE
  5
2D3
330
1F
100
AcDbEntity
  8
PDF_형상
370
5
100
AcDbPolyline
 90
4
 70
1
 10
49211.66639006349
 20
38916.8741763481
 10
49211.66639006349
 20
30365.40124193012
 10
56707.78453580155
 20
30365.40124193012
 10
56707.78453580155
 20
38916.8741763481
  0
LWPOLYLINE
  5
2D4
330
1F
100
AcDbEntity
  8
PDF_형상
370
5
100
AcDbPolyline
 90
50
 70
1
 10
98487.39490331565
 20
87447.65345865043
 10
98487.39490331565
 20
43557.329633797584
 10
107783.8250873066
 20
43557.329633797584
 10
107783.8250873066
 20
38668.55785225325
 10
109180.61595327743
 20
38668.55785225325
 10
109180.61595327743
 20
29698.04447646127
 10
86397.38311671557
 20
29698.04447646127
 10
86397.38311671557
 20
32460.591550197983
 10
84146.99209890475
 20
32460.591550197983
 10
84146.99209890475
 20
29698.04447646127
 10
86397.38311671557
 20
29698.04447646127
 10
109180.61595327743
 20
29698.04447646127
 10
109180.61595327743
 20
20525.77452383987
 10
63846.947335156714
 20
20525.77452383987
 10
49211.66639006349
 20
20525.77452383987
 10
49211.66639006349
 20
38916.8741763481
 10
64498.78095155461
 20
38916.8741763481
 10
64498.78095155461
 20
29713.56568554273
 10
67044.04623006882
 20
29713.56568554273
 10
67044.04623006882
 20
30970.67899104156
 10
68192.52064261223
 20
30970.67899104156
 10
68192.52064261223
 20
34524.739181637684
 10
71793.14458978533
 20
34524.739181637684
 10
71793.14458978533
 20
38963.43599293561
 10
76697.43576975427
 20
38963.43599293561
 10
76697.43576975427
 20
36464.72865102995
 10
79289.2588555444
 20
36464.72865102995
 10
79289.2588555444
 20
38963.43599293561
 10
68192.52064261223
 20
38963.43599293561
 10
68192.52064261223
 20
30970.67899104156
 10
67044.04623006882
 20
30970.67899104156
 10
67044.04623006882
 20
32522.6686265659
 10
64498.78095155461
 20
32522.6686265659
 10
64498.78095155461
 20
38916.8741763481
 10
68192.52064261223
 20
38916.8741763481
 10
68192.52064261223
 20
42176.05816625132
 10
62450.15646918582
 20
42176.05816625132
 10
62450.15646918582
 20
49765.29593585284
 10
70194.59507766295
 20
49765.29593585284
 10
70194.59507766295
 20
57664.93525387291
 10
62450.15646918582
 20
57664.93525387291
 10
62450.15646918582
 20
49765.29593585284
 10
62450.15646918582
 20
42269.17779011478
 10
53960.76074046838
 20
42269.17779011478
 10
53960.76074046838
 20
49718.7381285769
 10
49103.0273677754
 20
49718.7381285769
 10
49103.0273677754
 20
65207.61133621957
 10
49103.0273677754
 20
72455.41703784169
 10
49009.90774391194
 20
72455.41703784169
 10
49009.90774391194
 20
87447.65345865043
  0
LWPOLYLINE
  5
2D5
330
1F
100
AcDbEntity
  8
PDF_형상
370
5
100
AcDbPolyline
 90
26
 70
1
 10
62651.91511533734
 20
87447.65345865043
 10
62651.91511533734
 20
76211.23380526726
 10
62651.91511533734
 20
72455.41703784169
 10
62450.15646918582
 20
72455.41703784169
 10
62450.15646918582
 20
61203.474235387584
 10
70194.59507766295
 20
61203.474235387584
 10
70194.59507766295
 20
57664.93525387291
 10
70194.59507766295
 20
49765.29593585284
 10
68394.27915943113
 20
49765.29593585284
 10
62450.15646918582
 20
49765.29593585284
 10
62450.15646918582
 20
49718.7381285769
 10
62450.15646918582
 20
42269.17779011478
 10
62450.15646918582
 20
42176.05816625132
 10
68192.52064261223
 20
42176.05816625132
 10
68192.52064261223
 20
38963.43599293561
 10
71700.02095661031
 20
38963.43599293561
 10
76697.43576975427
 20
38963.43599293561
 10
79289.2588555444
 20
38963.43599293561
 10
82936.44060999351
 20
38963.43599293561
 10
86397.38311671557
 20
38963.43599293561
 10
90448.08203413505
 20
38963.43599293561
 10
105440.31845494382
 20
38963.43599293561
 10
107783.8250873066
 20
38963.43599293561
 10
107783.8250873066
 20
43557.329633797584
 10
98487.39490331565
 20
43557.329633797584
 10
98487.39490331565
 20
87447.65345865043
  0
LWPOLYLINE
  5
2D6
330
1F
100
AcDbEntity
  8
PDF_형상
370
5
100
AcDbPolyline
 90
11
 70
1
 10
49103.0273677754
 20
65207.61133621957
 10
49103.0273677754
 20
49718.7381285769
 10
54007.31854774435
 20
49718.7381285769
 10
62450.15646918582
 20
49718.7381285769
 10
62450.15646918582
 20
49765.29593585284
 10
62450.15646918582
 20
51162.090811135284
 10
62450.15646918582
 20
56252.62123883115
 10
62450.15646918582
 20
57664.93525387291
 10
62450.15646918582
 20
61203.474235387584
 10
62450.15646918582
 20
65207.61133621957
 10
58958.17542427975
 20
65207.61133621957
  0
LWPOLYLINE
  5
2D7
330
1F
100
AcDbEntity
  8
PDF_형상
370
5
100
AcDbPolyline
 90
25
 70
1
 10
84146.99209890475
 20
30970.67899104156
 10
84146.99209890475
 20
32460.591550197983
 10
84146.99209890475
 20
34245.38018071466
 10
82936.44060999351
 20
34245.38018071466
 10
82936.44060999351
 20
30877.559367178103
 10
79289.2588555444
 20
30877.559367178103
 10
76697.43576975427
 20
30877.559367178103
 10
76697.43576975427
 20
36464.72865102995
 10
76697.43576975427
 20
38963.43599293561
 10
71793.14458978533
 20
38963.43599293561
 10
71793.14458978533
 20
34524.739181637684
 10
71793.14458978533
 20
30970.67899104156
 10
68192.52064261223
 20
30970.67899104156
 10
67044.04623006882
 20
30970.67899104156
 10
67044.04623006882
 20
29713.56568554273
 10
64498.78095155461
 20
29713.56568554273
 10
64498.78095155461
 20
29667.005808944676
 10
63846.947335156714
 20
29667.005808944676
 10
63846.947335156714
 20
27323.49917658198
 10
71700.02095661031
 20
27323.49917658198
 10
76697.43576975427
 20
27323.49917658198
 10
81694.85045356558
 20
27323.49917658198
 10
84115.95356072082
 20
27323.49917658198
 10
84115.95356072082
 20
29698.04447646127
 10
84146.99209890475
 20
29698.04447646127
  0
LWPOLYLINE
  5
2D8
330
1F
100
AcDbEntity
  8
PDF_형상
370
5
100
AcDbPolyline
 90
4
 70
1
 10
53960.76074046838
 20
49718.7381285769
 10
53960.76074046838
 20
42269.17779011478
 10
62450.15646918582
 20
42269.17779011478
 10
62450.15646918582
 20
49718.7381285769
  0
LWPOLYLINE
  5
2D9
330
1F
100
AcDbEntity
  8
PDF_형상
370
5
100
AcDbPolyline
 90
6
 70
1
 10
49009.90774391194
 20
87447.65345865043
 10
49009.90774391194
 20
72455.41703784169
 10
58958.17542427975
 20
72455.41703784169
 10
62450.15646918582
 20
72455.41703784169
 10
62651.91511533734
 20
72455.41703784169
 10
62651.91511533734
 20
87447.65345865043
  0
LWPOLYLINE
  5
2DA
330
1F
100
AcDbEntity
  8
PDF_형상
370
5
100
AcDbPolyline
 90
5
 70
1
 10
49103.0273677754
 20
72455.41703784169
 10
49103.0273677754
 20
65207.61133621957
 10
58958.17542427975
 20
65207.61133621957
 10
58958.17542427975
 20
72455.41703784169
 10
57701.05823880197
 20
72455.41703784169
  0
LWPOLYLINE
  5
2DB
330
1F
100
AcDbEntity
  8
PDF_형상
370
5
100
AcDbPolyline
 90
4
 70
1
 10
58958.17542427975
 20
72455.41703784169
 10
58958.17542427975
 20
65207.61133621957
 10
62450.15646918582
 20
65207.61133621957
 10
62450.15646918582
 20
72455.41703784169
  0
LWPOLYLINE
  5
2DC
330
1F
100
AcDbEntity
  8
PDF_형상
370
5
100
AcDbPolyline
 90
5
 70
1
 10
56707.78453580155
 20
38916.8741763481
 10
56707.78453580155
 20
29667.005808944676
 10
64498.78095155461
 20
29667.005808944676
 10
64498.78095155461
 20
32522.6686265659
 10
64498.78095155461
 20
38916.8741763481
  0
LWPOLYLINE
  5
2DD
330
1F
100
AcDbEntity
  8
PDF_형상
370
5
100
AcDbPolyline
 90
4
 70
1
 10
68192.52064261223
 20
34524.739181637684
 10
68192.52064261223
 20
30970.67899104156
 10
71793.14458978533
 20
30970.67899104156
 10
71793.14458978533
 20
34524.739181637684
  0
LWPOLYLINE
  5
2DE
330
1F
100
AcDbEntity
  8
PDF_형상
370
5
100
AcDbPolyline
 90
7
 70
1
 10
56707.78453580155
 20
20525.77452383987
 10
56707.78453580155
 20
29667.005808944676
 10
56707.78453580155
 20
30023.963224649713
 10
56707.78453580155
 20
30365.40124193012
 10
49211.66639006349
 20
30365.40124193012
 10
49211.66639006349
 20
26454.38376496161
 10
49211.66639006349
 20
20525.77452383987
  0
LWPOLYLINE
  5
2DF
330
1F
100
AcDbEntity
  8
PDF_형상
370
5
100
AcDbPolyline
 90
4
 70
1
 10
63846.947335156714
 20
27323.49917658198
 10
63846.947335156714
 20
20525.77452383987
 10
71343.06160091581
 20
20525.77452383987
 10
71343.06160091581
 20
27323.49917658198
  0
LWPOLYLINE
  5
2E0
330
1F
100
AcDbEntity
  8
PDF_형상
370
5
100
AcDbPolyline
 90
14
 70
1
 10
85342.03220801461
 20
27323.49917658198
 10
85342.03220801461
 20
22419.2041166341
 10
96718.12541255831
 20
22419.2041166341
 10
96718.12541255831
 20
27323.49917658198
 10
100815.38226658637
 20
27323.49917658198
 10
105440.31845494382
 20
27323.49917658198
 10
109180.61595327743
 20
27323.49917658198
 10
109180.61595327743
 20
29698.04447646127
 10
105440.31845494382
 20
29698.04447646127
 10
90448.08203413505
 20
29698.04447646127
 10
86397.38311671557
 20
29698.04447646127
 10
84146.99209890475
 20
29698.04447646127
 10
84115.95356072082
 20
29698.04447646127
 10
84115.95356072082
 20
27323.49917658198
  0
LWPOLYLINE
  5
2E1
330
1F
100
AcDbEntity
  8
PDF_형상
370
5
100
AcDbPolyline
 90
5
 70
1
 10
62450.15646918582
 20
61203.474235387584
 10
62450.15646918582
 20
57664.93525387291
 10
68394.27915943113
 20
57664.93525387291
 10
70194.59507766295
 20
57664.93525387291
 10
70194.59507766295
 20
61203.474235387584
  0
LWPOLYLINE
  5
2E2
330
1F
100
AcDbEntity
  8
PDF_형상
370
5
100
AcDbPolyline
 90
4
 70
1
 10
76697.43576975427
 20
36464.72865102995
 10
76697.43576975427
 20
30877.559367178103
 10
79289.2588555444
 20
30877.559367178103
 10
79289.2588555444
 20
36464.72865102995
  0
LWPOLYLINE
  5
2E3
330
1F
100
AcDbEntity
  8
PDF_형상
370
5
100
AcDbPolyline
 90
5
 70
1
 10
79289.2588555444
 20
38963.43599293561
 10
79289.2588555444
 20
36464.72865102995
 10
79289.2588555444
 20
30877.559367178103
 10
82936.44060999351
 20
30877.559367178103
 10
82936.44060999351
 20
38963.43599293561
  0
LWPOLYLINE
  5
2E4
330
1F
100
AcDbEntity
  8
PDF_형상
370
5
100
AcDbPolyline
 90
6
 70
1
 10
82936.44060999351
 20
38963.43599293561
 10
82936.44060999351
 20
34245.38018071466
 10
84146.99209890475
 20
34245.38018071466
 10
84146.99209890475
 20
32460.591550197983
 10
86397.38311671557
 20
32460.591550197983
 10
86397.38311671557
 20
38963.43599293561
  0
LWPOLYLINE
  5
2E5
330
1F
100
AcDbEntity
  8
PDF_형상
370
5
100
AcDbPolyline
 90
5
 70
1
 10
86397.38311671557
 20
38963.43599293561
 10
86397.38311671557
 20
32460.591550197983
 10
86397.38311671557
 20
29698.04447646127
 10
90448.08203413505
 20
29698.04447646127
 10
90448.08203413505
 20
38963.43599293561
  0
LWPOLYLINE
  5
2E6
330
1F
100
AcDbEntity
  8
PDF_형상
370
5
100
AcDbPolyline
 90
5
 70
1
 10
90448.08203413505
 20
38963.43599293561
 10
90448.08203413505
 20
29698.04447646127
 10
101684.50168751834
 20
29698.04447646127
 10
105440.31845494382
 20
29698.04447646127
 10
105440.31845494382
 20
38963.43599293561
  0
LWPOLYLINE
  5
2E7
330
1F
100
AcDbEntity
  8
PDF_형상
370
5
100
AcDbPolyline
 90
6
 70
1
 10
107783.8250873066
 20
38668.55785225325
 10
107783.8250873066
 20
38963.43599293561
 10
105440.31845494382
 20
38963.43599293561
 10
105440.31845494382
 20
29698.04447646127
 10
109180.61595327743
 20
29698.04447646127
 10
109180.61595327743
 20
38668.55785225325
  0
LWPOLYLINE
  5
2E8
330
1F
100
AcDbEntity
  8
PDF_형상
370
5
100
AcDbPolyline
 90
7
 70
1
 10
64498.78095155461
 20
38916.8741763481
 10
64498.78095155461
 20
32522.6686265659
 10
67044.04623006882
 20
32522.6686265659
 10
67044.04623006882
 20
30970.67899104156
 10
68192.52064261223
 20
30970.67899104156
 10
68192.52064261223
 20
34524.739181637684
 10
68192.52064261223
 20
38916.8741763481
  0
LWPOLYLINE
  5
2E9
330
1F
100
AcDbEntity
  8
PDF_형상
370
5
100
AcDbPolyline
 90
6
 70
1
 10
81601.72682039054
 20
22419.2041166341
 10
85342.03220801461
 20
22419.2041166341
 10
100815.38226658637
 20
22419.2041166341
 10
105440.31845494382
 20
22419.2041166341
 10
105440.31845494382
 20
20525.77452383987
 10
81601.72682039054
 20
20525.77452383987
  0
LWPOLYLINE
  5
2EA
330
1F
100
AcDbEntity
  8
PDF_형상
370
5
100
AcDbPolyline
 90
4
 70
1
 10
75952.4785201813
 20
27323.49917658198
 10
75952.4785201813
 20
20525.77452383987
 10
71343.06160091581
 20
20525.77452383987
 10
71343.06160091581
 20
27323.49917658198
  0
LWPOLYLINE
  5
2EB
330
1F
100
AcDbEntity
  8
PDF_형상
370
5
100
AcDbPolyline
 90
7
 70
1
 10
81601.72682039054
 20
20525.77452383987
 10
81601.72682039054
 20
22419.2041166341
 10
85342.03220801461
 20
22419.2041166341
 10
85342.03220801461
 20
27323.49917658198
 10
84115.95356072082
 20
27323.49917658198
 10
75952.4785201813
 20
27323.49917658198
 10
75952.4785201813
 20
20525.77452383987
  0
LWPOLYLINE
  5
2EC
330
1F
100
AcDbEntity
  8
PDF_형상
370
5
100
AcDbPolyline
 90
5
 70
1
 10
109180.61595327743
 20
27323.49917658198
 10
109180.61595327743
 20
20525.77452383987
 10
105440.31845494382
 20
20525.77452383987
 10
105440.31845494382
 20
22419.2041166341
 10
105440.31845494382
 20
27323.49917658198
  0
LWPOLYLINE
  5
2ED
330
1F
100
AcDbEntity
  8
PDF_형상
370
5
100
AcDbPolyline
 90
4
 70
1
 10
100815.38226658637
 20
27323.49917658198
 10
105440.31845494382
 20
27323.49917658198
 10
105440.31845494382
 20
22419.2041166341
 10
100815.38226658637
 20
22419.2041166341
  0
LWPOLYLINE
  5
2EE
330
1F
100
AcDbEntity
  8
PDF_형상
370
5
100
AcDbPolyline
 90
5
 70
1
 10
56707.78453580155
 20
29667.005808944676
 10
63846.947335156714
 20
29667.005808944676
 10
63846.947335156714
 20
27323.49917658198
 10
63846.947335156714
 20
20525.77452383987
 10
56707.78453580155
 20
20525.77452383987
  0
LWPOLYLINE
  5
2EF
330
1F
100
AcDbEntity
  8
PDF_형상
370
5
100
AcDbPolyline
 90
4
 70
1
 10
96718.12541255831
 20
27323.49917658198
 10
100815.38226658637
 20
27323.49917658198
 10
100815.38226658637
 20
22419.2041166341
 10
96718.12541255831
 20
22419.2041166341
  0
LWPOLYLINE
  5
2F1
330
1F
100
AcDbEntity
  8
PDF_형상
370
5
100
AcDbPolyline
 90
6
 70
0
 10
78544.30949526203
 20
33314.18769272636
 10
77100.95293272471
 20
33314.18769272636
 10
78544.30949526203
 20
31513.8756544735
 10
78544.30949526203
 20
33314.18769272636
 10
77100.95293272471
 20
31513.8756544735
 10
78544.30949526203
 20
31513.8756544735
  0
LWPOLYLINE
  5
2F8
330
1F
100
AcDbEntity
  8
PDF_형상
370
5
100
AcDbPolyline
 90
2
 70
0
 10
76806.07854268864
 20
32414.029733610463
 10
76852.6364792972
 20
32414.029733610463
  0
LWPOLYLINE
  5
2F9
330
1F
100
AcDbEntity
  8
PDF_형상
370
5
100
AcDbPolyline
 90
2
 70
0
 10
77659.67080523811
 20
33376.264769094305
 10
77752.78654912261
 20
33376.264769094305
  0
LWPOLYLINE
  5
2FA
330
1F
100
AcDbEntity
  8
PDF_형상
370
5
100
AcDbPolyline
 90
2
 70
0
 10
77659.67080523811
 20
33469.38439295776
 10
77752.78654912261
 20
33469.38439295776
  0
LWPOLYLINE
  5
2FB
330
1F
100
AcDbEntity
  8
PDF_형상
370
5
100
AcDbPolyline
 90
2
 70
0
 10
77706.228612514
 20
33376.264769094305
 10
77706.228612514
 20
33469.38439295776
  0
LWPOLYLINE
  5
2FC
330
1F
100
AcDbEntity
  8
PDF_형상
370
5
100
AcDbPolyline
 90
2
 70
0
 10
76945.7520938491
 20
32414.029733610463
 10
76992.31791974818
 20
32414.029733610463
  0
LWPOLYLINE
  5
2FD
330
1F
100
AcDbEntity
  8
PDF_형상
370
5
100
AcDbPolyline
 90
2
 70
0
 10
78761.58741050553
 20
32972.74760612386
 10
78808.1452177814
 20
32972.74760612386
  0
LWPOLYLINE
  5
2FE
330
1F
100
AcDbEntity
  8
PDF_형상
370
5
100
AcDbPolyline
 90
2
 70
0
 10
78761.58741050553
 20
31855.313801086544
 10
78808.1452177814
 20
31855.313801086544
  0
LWPOLYLINE
  5
2FF
330
1F
100
AcDbEntity
  8
PDF_형상
370
5
100
AcDbPolyline
 90
2
 70
0
 10
77706.228612514
 20
31451.796508783467
 10
77706.228612514
 20
31513.8756544735
  0
LWPOLYLINE
  5
300
330
1F
100
AcDbEntity
  8
PDF_형상
370
5
100
AcDbPolyline
 90
2
 70
0
 10
77659.67080523811
 20
31513.8756544735
 10
77752.78654912261
 20
31513.8756544735
  0
LWPOLYLINE
  5
301
330
1F
100
AcDbEntity
  8
PDF_형상
370
5
100
AcDbPolyline
 90
2
 70
0
 10
77659.67080523811
 20
31451.796508783467
 10
77752.78654912261
 20
31451.796508783467
  0
LWPOLYLINE
  5
302
330
1F
100
AcDbEntity
  8
PDF_형상
370
5
100
AcDbPolyline
 90
2
 70
0
 10
78947.82665823247
 20
32414.029733610463
 10
78637.42523914653
 20
32414.029733610463
  0
LWPOLYLINE
  5
303
330
1F
100
AcDbEntity
  8
PDF_형상
 62
1
370
5
100
AcDbPolyline
 90
4
 70
1
 10
78870.22229414935
 20
32895.147251352384
 10
78870.22229414935
 20
31917.392817443942
 10
78715.02158460642
 20
31917.392817443942
 10
78715.02158460642
 20
32895.147251352384
  0
LWPOLYLINE
  5
304
330
1F
100
AcDbEntity
  8
PDF_형상
370
5
100
AcDbPolyline
 90
2
 70
0
 10
78792.62594868946
 20
31777.713446315065
 10
78792.62594868946
 20
33050.34796089534
  0
LWPOLYLINE
  5
305
330
1F
100
AcDbEntity
  8
PDF_형상
370
5
100
AcDbPolyline
 90
8
 70
1
 10
77023.35645793217
 20
31482.83517630006
 10
77023.35645793217
 20
31405.23676151805
 10
76930.23282475716
 20
31405.23676151805
 10
76930.23282475716
 20
33422.826585681796
 10
77023.35645793217
 20
33422.826585681796
 10
77023.35645793217
 20
33345.22623091033
 10
78575.34803344593
 20
33345.22623091033
 10
78575.34803344593
 20
31482.83517630006
  0
LWPOLYLINE
  5
307
330
1F
100
AcDbEntity
  8
PDF_형상
370
5
100
AcDbPolyline
 90
5
 70
0
 10
77100.95293272471
 20
32941.709067939904
 10
77007.83718884016
 20
32941.709067939904
 10
77007.83718884016
 20
32879.62798226039
 10
77100.95293272471
 20
32879.62798226039
 10
77100.95293272471
 20
33314.18769272636
  0
LWPOLYLINE
  5
308
330
1F
100
AcDbEntity
  8
PDF_형상
370
5
100
AcDbPolyline
 90
5
 70
0
 10
77100.95293272471
 20
31513.8756544735
 10
77100.95293272471
 20
31948.433424950003
 10
77007.83718884016
 20
31948.433424950003
 10
77007.83718884016
 20
31886.35427925997
 10
77100.95293272471
 20
31886.35427925997
  0
LWPOLYLINE
  5
309
330
1F
100
AcDbEntity
  8
PDF_형상
370
5
100
AcDbPolyline
 90
4
 70
1
 10
76992.31791974818
 20
31917.392817443942
 10
76992.31791974818
 20
32910.66652044436
 10
76945.7520938491
 20
32910.66652044436
 10
76945.7520938491
 20
31917.392817443942
  0
LWPOLYLINE
  5
30A
330
1F
100
AcDbEntity
  8
PDF_형상
370
5
100
AcDbPolyline
 90
4
 70
1
 10
76806.07854268864
 20
32910.66652044436
 10
76852.6364792972
 20
32910.66652044436
 10
76852.6364792972
 20
31917.392817443942
 10
76806.07854268864
 20
31917.392817443942
  0
LWPOLYLINE
  5
313
330
1F
100
AcDbEntity
  8
PDF_형상
370
5
100
AcDbPolyline
 90
14
 70
0
 10
76790.55927359666
 20
31948.433424950003
 10
76743.99357703021
 20
31948.433424950003
 10
76557.75419997067
 20
31932.914155858023
 10
76557.75419997067
 20
31901.87354835195
 10
76790.55927359666
 20
31901.87354835195
 10
76790.55927359666
 20
31327.636406746584
 10
76899.19428657317
 20
31327.636406746584
 10
76899.19428657317
 20
33484.90366204974
 10
76790.55927359666
 20
33484.90366204974
 10
76790.55927359666
 20
32926.18979884791
 10
76557.75419997067
 20
32926.18979884791
 10
76557.75419997067
 20
32895.147251352384
 10
76743.99357703021
 20
32879.62798226039
 10
76790.55927359666
 20
32879.62798226039
  0
LWPOLYLINE
  5
31D
330
1F
100
AcDbEntity
  8
PDF_형상
370
5
100
AcDbPolyline
 90
12
 70
0
 10
76790.55927359666
 20
34478.18137436172
 10
76743.99357703021
 20
34478.18137436172
 10
76557.75419997067
 20
34462.658095958184
 10
76557.75419997067
 20
34431.619557774226
 10
76790.55927359666
 20
34431.619557774226
 10
76790.55927359666
 20
33872.90155592819
 10
76899.19428657317
 20
33872.90155592819
 10
76899.19428657317
 20
36030.17294987554
 10
76790.55927359666
 20
36030.17294987554
 10
76790.55927359666
 20
35471.45494802952
 10
76588.79286748722
 20
35471.45494802952
 10
76588.79286748722
 20
35797.37175622848
  0
LWPOLYLINE
  5
31E
330
1F
100
AcDbEntity
  8
PDF_형상
370
5
100
AcDbPolyline
 90
4
 70
0
 10
76790.55927359666
 20
35409.37386235002
 10
76743.99357703021
 20
35409.37386235002
 10
76557.75419997067
 20
35440.412529866626
 10
76557.75419997067
 20
35471.45494802952
  0
LWPOLYLINE
  5
31F
330
1F
100
AcDbEntity
  8
PDF_형상
370
5
100
AcDbPolyline
 90
4
 70
1
 10
76852.6364792972
 20
34447.138826866205
 10
76852.6364792972
 20
35455.93567893754
 10
76806.07854268864
 20
35455.93567893754
 10
76806.07854268864
 20
34447.138826866205
  0
LWPOLYLINE
  5
325
330
1F
100
AcDbEntity
  8
PDF_형상
370
5
100
AcDbPolyline
 90
8
 70
1
 10
77023.35645793217
 20
35874.97211099996
 10
77023.35645793217
 20
35968.09186419605
 10
76930.23282475716
 20
35968.09186419605
 10
76930.23282475716
 20
33934.982641607676
 10
77023.35645793217
 20
33934.982641607676
 10
77023.35645793217
 20
34028.102394803784
 10
78575.34803344593
 20
34028.102394803784
 10
78575.34803344593
 20
35874.97211099996
  0
LWPOLYLINE
  5
32C
330
1F
100
AcDbEntity
  8
PDF_형상
370
5
100
AcDbPolyline
 90
4
 70
1
 10
76992.31791974818
 20
35455.93567893754
 10
76945.7520938491
 20
35455.93567893754
 10
76945.7520938491
 20
34447.138826866205
 10
76992.31791974818
 20
34447.138826866205
  0
LWPOLYLINE
  5
32D
330
1F
100
AcDbEntity
  8
PDF_형상
370
5
100
AcDbPolyline
 90
5
 70
0
 10
77100.95293272471
 20
35471.45494802952
 10
77007.83718884016
 20
35471.45494802952
 10
77007.83718884016
 20
35409.37386235002
 10
77100.95293272471
 20
35409.37386235002
 10
77100.95293272471
 20
35843.933572816
  0
LWPOLYLINE
  5
32E
330
1F
100
AcDbEntity
  8
PDF_형상
370
5
100
AcDbPolyline
 90
9
 70
0
 10
78544.30949526203
 20
34043.62166389576
 10
77100.95293272471
 20
35843.933572816
 10
78544.30949526203
 20
35843.933572816
 10
78544.30949526203
 20
34043.62166389576
 10
77100.95293272471
 20
34043.62166389576
 10
77100.95293272471
 20
34478.18137436172
 10
77007.83718884016
 20
34478.18137436172
 10
77007.83718884016
 20
34431.619557774226
 10
77100.95293272471
 20
34431.619557774226
  0
LWPOLYLINE
  5
331
330
1F
100
AcDbEntity
  8
PDF_형상
370
5
100
AcDbPolyline
 90
2
 70
0
 10
78792.62594868946
 20
35580.093970317605
 10
78792.62594868946
 20
34307.46126639416
  0
LWPOLYLINE
  5
332
330
1F
100
AcDbEntity
  8
PDF_형상
 62
1
370
5
100
AcDbPolyline
 90
4
 70
1
 10
78870.22229414935
 20
34462.658095958184
 10
78715.02158460642
 20
34462.658095958184
 10
78715.02158460642
 20
35440.412529866626
 10
78870.22229414935
 20
35440.412529866626
  0
LWPOLYLINE
  5
333
330
1F
100
AcDbEntity
  8
PDF_형상
370
5
100
AcDbPolyline
 90
2
 70
0
 10
78947.82665823247
 20
34943.77561370009
 10
78637.42523914653
 20
34943.77561370009
  0
LWPOLYLINE
  5
334
330
1F
100
AcDbEntity
  8
PDF_형상
370
5
100
AcDbPolyline
 90
2
 70
0
 10
77659.67080523811
 20
35906.01077851657
 10
77752.78654912261
 20
35906.01077851657
  0
LWPOLYLINE
  5
335
330
1F
100
AcDbEntity
  8
PDF_형상
370
5
100
AcDbPolyline
 90
2
 70
0
 10
77659.67080523811
 20
35843.933572816
 10
77752.78654912261
 20
35843.933572816
  0
LWPOLYLINE
  5
336
330
1F
100
AcDbEntity
  8
PDF_형상
370
5
100
AcDbPolyline
 90
2
 70
0
 10
77706.228612514
 20
35906.01077851657
 10
77706.228612514
 20
35843.933572816
  0
LWPOLYLINE
  5
337
330
1F
100
AcDbEntity
  8
PDF_형상
370
5
100
AcDbPolyline
 90
2
 70
0
 10
78761.58741050553
 20
35518.012884638105
 10
78808.1452177814
 20
35518.012884638105
  0
LWPOLYLINE
  5
338
330
1F
100
AcDbEntity
  8
PDF_형상
370
5
100
AcDbPolyline
 90
2
 70
0
 10
78761.58741050553
 20
34385.06162116564
 10
78808.1452177814
 20
34385.06162116564
  0
LWPOLYLINE
  5
339
330
1F
100
AcDbEntity
  8
PDF_형상
370
5
100
AcDbPolyline
 90
2
 70
0
 10
76945.7520938491
 20
34943.77561370009
 10
76992.31791974818
 20
34943.77561370009
  0
LWPOLYLINE
  5
33A
330
1F
100
AcDbEntity
  8
PDF_형상
370
5
100
AcDbPolyline
 90
2
 70
0
 10
77706.228612514
 20
33997.063727287175
 10
77706.228612514
 20
33888.420954352805
  0
LWPOLYLINE
  5
33B
330
1F
100
AcDbEntity
  8
PDF_형상
370
5
100
AcDbPolyline
 90
2
 70
0
 10
77659.67080523811
 20
33888.420954352805
 10
77752.78654912261
 20
33888.420954352805
  0
LWPOLYLINE
  5
33C
330
1F
100
AcDbEntity
  8
PDF_형상
370
5
100
AcDbPolyline
 90
2
 70
0
 10
77659.67080523811
 20
33997.063727287175
 10
77752.78654912261
 20
33997.063727287175
  0
LWPOLYLINE
  5
33D
330
1F
100
AcDbEntity
  8
PDF_형상
370
5
100
AcDbPolyline
 90
2
 70
0
 10
76806.07854268864
 20
34943.77561370009
 10
76852.6364792972
 20
34943.77561370009
  0
LWPOLYLINE
  5
341
330
1F
100
AcDbEntity
  8
PDF_형상
370
5
100
AcDbPolyline
 90
2
 70
0
 10
77100.95293272471
 20
34043.62166389576
 10
78544.30949526203
 20
35843.933572816
  0
LWPOLYLINE
  5
342
330
1F
100
AcDbEntity
  8
PDF_형상
370
5
100
AcDbPolyline
 90
2
 70
0
 10
76899.19428657317
 20
33872.90155592819
 10
76790.55927359666
 20
33872.90155592819
  0
LWPOLYLINE
  5
343
330
1F
100
AcDbEntity
  8
PDF_형상
370
5
100
AcDbPolyline
 90
2
 70
0
 10
68564.99926739871
 20
33376.264769094305
 10
68564.99926739871
 20
31979.473903123442
  0
LWPOLYLINE
  5
344
330
1F
100
AcDbEntity
  8
PDF_형상
370
5
100
AcDbPolyline
 90
4
 70
1
 10
68642.6035021491
 20
32134.670732687453
 10
68502.92206169815
 20
32134.670732687453
 10
68502.92206169815
 20
33236.587337954894
 10
68642.6035021491
 20
33236.587337954894
  0
LWPOLYLINE
  5
345
330
1F
100
AcDbEntity
  8
PDF_형상
370
5
100
AcDbPolyline
 90
2
 70
0
 10
68720.19997694167
 20
32677.86933610886
 10
68425.3178269477
 20
32677.86933610886
  0
LWPOLYLINE
  5
346
330
1F
100
AcDbEntity
  8
PDF_형상
370
5
100
AcDbPolyline
 90
2
 70
0
 10
68549.4799983067
 20
33314.18769272636
 10
68596.03780558267
 20
33314.18769272636
  0
LWPOLYLINE
  5
347
330
1F
100
AcDbEntity
  8
PDF_형상
370
5
100
AcDbPolyline
 90
2
 70
0
 10
68549.4799983067
 20
32057.074257894907
 10
68596.03780558267
 20
32057.074257894907
  0
LWPOLYLINE
  5
348
330
1F
100
AcDbEntity
  8
PDF_형상
370
5
100
AcDbPolyline
 90
2
 70
0
 10
68859.88141739262
 20
32569.23044315342
 10
68751.23851512563
 20
32569.23044315342
  0
LWPOLYLINE
  5
349
330
1F
100
AcDbEntity
  8
PDF_형상
370
5
100
AcDbPolyline
 90
2
 70
0
 10
68751.23851512563
 20
32522.6686265659
 10
68751.23851512563
 20
32615.78825042936
  0
LWPOLYLINE
  5
34A
330
1F
100
AcDbEntity
  8
PDF_형상
370
5
100
AcDbPolyline
 90
2
 70
0
 10
68859.88141739262
 20
32522.6686265659
 10
68859.88141739262
 20
32615.78825042936
  0
LWPOLYLINE
  5
34B
330
1F
100
AcDbEntity
  8
PDF_형상
370
5
100
AcDbPolyline
 90
2
 70
0
 10
71312.02306273185
 20
32522.6686265659
 10
71312.02306273185
 20
32615.78825042936
  0
LWPOLYLINE
  5
34C
330
1F
100
AcDbEntity
  8
PDF_형상
370
5
100
AcDbPolyline
 90
2
 70
0
 10
71420.66596499887
 20
32522.6686265659
 10
71420.66596499887
 20
32615.78825042936
  0
LWPOLYLINE
  5
34D
330
1F
100
AcDbEntity
  8
PDF_형상
370
5
100
AcDbPolyline
 90
2
 70
0
 10
71312.02306273185
 20
32569.23044315342
 10
71420.66596499887
 20
32569.23044315342
  0
LWPOLYLINE
  5
34E
330
1F
100
AcDbEntity
  8
PDF_형상
370
5
100
AcDbPolyline
 90
2
 70
0
 10
71234.4265879393
 20
31389.715552436603
 10
68937.47789218517
 20
33997.063727287175
  0
LWPOLYLINE
  5
34F
330
1F
100
AcDbEntity
  8
PDF_형상
370
5
100
AcDbPolyline
 90
4
 70
0
 10
69465.15722651458
 20
31312.117137654604
 10
69465.15722651458
 20
31389.715552436603
 10
68937.47789218517
 20
31389.715552436603
 10
71234.4265879393
 20
33997.063727287175
  0
LWPOLYLINE
  5
350
330
1F
100
AcDbEntity
  8
PDF_형상
370
5
100
AcDbPolyline
 90
2
 70
0
 10
70287.71082154747
 20
31467.31590720808
 10
70287.71082154747
 20
31482.83517630006
  0
LWPOLYLINE
  5
351
330
1F
100
AcDbEntity
  8
PDF_형상
370
5
100
AcDbPolyline
 90
2
 70
0
 10
70287.71082154747
 20
30924.119243776142
 10
70287.71082154747
 20
31420.756030610042
  0
LWPOLYLINE
  5
352
330
1F
100
AcDbEntity
  8
PDF_형상
370
5
100
AcDbPolyline
 90
5
 70
1
 10
71280.98452454786
 20
30768.92047422265
 10
71249.94585703126
 20
30768.92047422265
 10
71234.4265879393
 20
30986.19826013354
 10
71234.4265879393
 20
31017.2388676396
 10
71280.98452454786
 20
31017.2388676396
  0
LWPOLYLINE
  5
353
330
1F
100
AcDbEntity
  8
PDF_형상
370
5
100
AcDbPolyline
 90
6
 70
0
 10
71265.46525545591
 20
31187.95690628507
 10
71265.46525545591
 20
31265.557261056536
 10
71234.4265879393
 20
31265.557261056536
 10
71234.4265879393
 20
33997.063727287175
 10
68937.47789218517
 20
33997.063727287175
 10
68937.47789218517
 20
31389.715552436603
  0
LWPOLYLINE
  5
354
330
1F
100
AcDbEntity
  8
PDF_형상
370
5
100
AcDbPolyline
 90
2
 70
0
 10
68425.3178269477
 20
31156.918368101098
 10
68425.3178269477
 20
30986.19826013354
  0
LWPOLYLINE
  5
355
330
1F
100
AcDbEntity
  8
PDF_형상
370
5
100
AcDbPolyline
 90
2
 70
0
 10
68471.88352351419
 20
31343.155675838563
 10
68471.88352351419
 20
31187.95690628507
  0
LWPOLYLINE
  5
356
330
1F
100
AcDbEntity
  8
PDF_형상
370
5
100
AcDbPolyline
 90
5
 70
0
 10
69465.15722651458
 20
31017.2388676396
 10
69465.15722651458
 20
30986.19826013354
 10
69434.11855899803
 20
30768.92047422265
 10
69403.07213152353
 20
30768.92047422265
 10
69403.07213152353
 20
31017.2388676396
  0
LWPOLYLINE
  5
357
330
1F
100
AcDbEntity
  8
PDF_형상
370
5
100
AcDbPolyline
 90
8
 70
0
 10
68456.36425442218
 20
31187.95690628507
 10
71312.02306273185
 20
31187.95690628507
 10
71312.02306273185
 20
31343.155675838563
 10
71280.98452454786
 20
31343.155675838563
 10
71280.98452454786
 20
34043.62166389576
 10
68890.91995557658
 20
34043.62166389576
 10
68890.91995557658
 20
31343.155675838563
 10
68456.36425442218
 20
31343.155675838563
  0
LWPOLYLINE
  5
358
330
1F
100
AcDbEntity
  8
PDF_형상
370
5
100
AcDbPolyline
 90
4
 70
0
 10
69434.11855899803
 20
31063.79861490502
 10
70303.23009063942
 20
31063.79861490502
 10
70303.23009063942
 20
31017.2388676396
 10
69434.11855899803
 20
31017.2388676396
  0
LWPOLYLINE
  5
35A
330
1F
100
AcDbEntity
  8
PDF_형상
370
5
100
AcDbPolyline
 90
4
 70
1
 10
71249.94585703126
 20
31063.79861490502
 10
71249.94585703126
 20
31110.35849150306
 10
70256.67228336348
 20
31110.35849150306
 10
70256.67228336348
 20
31063.79861490502
  0
LWPOLYLINE
  5
35B
330
1F
100
AcDbEntity
  8
PDF_형상
370
5
100
AcDbPolyline
 90
4
 70
1
 10
71249.94585703126
 20
31265.557261056536
 10
71249.94585703126
 20
31218.997384458497
 10
70256.67228336348
 20
31218.997384458497
 10
70256.67228336348
 20
31265.557261056536
  0
LWPOLYLINE
  5
35C
330
1F
100
AcDbEntity
  8
PDF_형상
370
5
100
AcDbPolyline
 90
2
 70
0
 10
71513.78157955075
 20
31156.918368101098
 10
68394.27915943113
 20
31156.918368101098
  0
LWPOLYLINE
  5
35E
330
1F
100
AcDbEntity
  8
PDF_형상
370
5
100
AcDbPolyline
 90
2
 70
0
 10
71265.46525545591
 20
31017.2388676396
 10
71265.46525545591
 20
31156.918368101098
  0
LWPOLYLINE
  5
363
330
1F
100
AcDbEntity
  8
PDF_형상
370
5
100
AcDbPolyline
 90
4
 70
1
 10
70303.23009063942
 20
31281.07653014853
 10
69434.11855899803
 20
31281.07653014853
 10
69434.11855899803
 20
31312.117137654604
 10
70303.23009063942
 20
31312.117137654604
  0
LWPOLYLINE
  5
36D
330
1F
100
AcDbEntity
  8
PDF_형상
370
5
100
AcDbPolyline
 90
6
 70
0
 10
55419.62868280719
 20
43324.5325787947
 10
55838.6730041601
 20
40748.22475278493
 10
55590.348661442156
 20
40561.985505058015
 10
56180.105201472106
 20
40453.34648276994
 10
55916.26947895267
 20
40251.58796595103
 10
56428.429544190105
 20
37287.2822460628
  0
LWPOLYLINE
  5
36E
330
1F
100
AcDbEntity
  8
PDF_형상
370
5
100
AcDbPolyline
 90
2
 70
0
 10
63055.43227830778
 20
40593.02792322091
 10
56381.86371829103
 20
40593.02792322091
  0
LWPOLYLINE
  5
36F
330
1F
100
AcDbEntity
  8
PDF_형상
370
5
100
AcDbPolyline
 90
6
 70
1
 10
56661.22672852558
 20
41074.14557029546
 10
56381.86371829103
 20
40593.02792322091
 10
56661.22672852558
 20
40111.910405479
 10
56583.62236444255
 20
39987.74823412
 10
56242.19016713054
 20
40593.02792322091
 10
56583.62236444255
 20
41182.7844632509
  0
LWPOLYLINE
  5
373
330
1F
100
AcDbEntity
  8
PDF_형상
370
5
100
AcDbPolyline
 90
2
 70
0
 10
85124.74653281328
 20
29822.204578498182
 10
86288.74021444864
 20
32398.510464518484
  0
LWPOLYLINE
  5
374
330
1F
100
AcDbEntity
  8
PDF_형상
370
5
100
AcDbPolyline
 90
2
 70
0
 10
84224.59646298787
 20
32398.510464518484
 10
86288.74021444864
 20
29822.204578498182
  0
LWPOLYLINE
  5
376
330
1F
100
AcDbEntity
  8
PDF_형상
370
5
100
AcDbPolyline
 90
12
 70
0
 10
76588.79286748722
 20
31901.87354835195
 10
76588.79286748722
 20
30768.92047422265
 10
80235.97462193626
 20
30768.92047422265
 10
80235.97462193626
 20
30970.67899104156
 10
79397.90162847882
 20
30970.67899104156
 10
79397.90162847882
 20
38870.31636907216
 10
82874.36340429295
 20
38870.31636907216
 10
82874.36340429295
 20
30970.67899104156
 10
82036.2905401681
 20
30970.67899104156
 10
82036.2905401681
 20
30768.92047422265
 10
83014.0448447439
 20
30768.92047422265
 10
83014.0448447439
 20
39056.5557461317
  0
LWPOLYLINE
  5
377
330
1F
100
AcDbEntity
  8
PDF_형상
370
5
100
AcDbPolyline
 90
5
 70
0
 10
86288.74021444864
 20
20370.57575428638
 10
86288.74021444864
 20
19222.101341743015
 10
109537.57517963926
 20
19222.101341743015
 10
109537.57517963926
 20
20370.57575428638
 10
105735.20060493778
 20
20370.57575428638
  0
LWPOLYLINE
  5
378
330
1F
100
AcDbEntity
  8
PDF_형상
370
5
100
AcDbPolyline
 90
9
 70
0
 10
66004.21471979246
 20
52527.84300958954
 10
64452.22314427867
 20
52527.84300958954
 10
64452.22314427867
 20
52791.678732109
 10
67602.76410258222
 20
52791.678732109
 10
67602.76410258222
 20
52838.24054869652
 10
64405.665337002705
 20
52838.24054869652
 10
64405.665337002705
 20
52481.28119300203
 10
66004.21471979246
 20
52481.28119300203
 10
66004.21471979246
 20
51255.20642568716
  0
LWPOLYLINE
  5
37A
330
1F
100
AcDbEntity
  8
PDF_형상
370
5
100
AcDbPolyline
 90
2
 70
0
 10
64498.78095155461
 20
52589.920215290105
 10
66004.21471979246
 20
52589.920215290105
  0
LWPOLYLINE
  5
37B
330
1F
100
AcDbEntity
  8
PDF_형상
370
5
100
AcDbPolyline
 90
3
 70
0
 10
64498.78095155461
 20
52729.601655741084
 10
67494.12908960575
 20
52729.601655741084
 10
67494.12908960575
 20
52791.678732109
  0
LWPOLYLINE
  5
380
330
1F
100
AcDbEntity
  8
PDF_형상
370
5
100
AcDbPolyline
 90
4
 70
0
 10
65786.93680454894
 20
51876.005513212694
 10
63521.02664697879
 20
51876.005513212694
 10
63521.02664697879
 20
55554.2258058457
 10
65786.93680454894
 20
55554.2258058457
  0
LWPOLYLINE
  5
381
330
1F
100
AcDbEntity
  8
PDF_형상
370
5
100
AcDbPolyline
 90
6
 70
0
 10
66174.93469842743
 20
50898.25107930424
 10
66081.81106525239
 20
51798.40515844123
 10
66205.97323661139
 20
51860.486244120715
 10
65957.65691251656
 20
51953.60586798416
 10
66066.29179616038
 20
52031.202213444085
 10
65973.1761816085
 20
52807.19800120098
  0
LWPOLYLINE
  5
382
330
1F
100
AcDbEntity
  8
PDF_형상
370
5
100
AcDbPolyline
 90
6
 70
1
 10
65600.69755682202
 20
56050.8625926796
 10
65554.13962021346
 20
55942.22369972416
 10
65786.93680454894
 20
55554.2258058457
 10
65554.13962021346
 20
55150.70864287526
 10
65600.69755682202
 20
55042.06974991982
 10
65895.57181752547
 20
55554.2258058457
  0
LWPOLYLINE
  5
386
330
1F
100
AcDbEntity
  8
PDF_형상
370
5
100
AcDbPolyline
 90
6
 70
0
 10
65973.1761816085
 20
56563.0187779381
 10
66066.29179616038
 20
55709.422635409726
 10
65957.65691251656
 20
55631.82616061718
 10
66205.97323661139
 20
55523.183258350175
 10
66097.33046367699
 20
55476.62545107422
 10
66174.93469842743
 20
54654.07185604136
  0
LWPOLYLINE
  5
387
330
1F
100
AcDbEntity
  8
PDF_형상
370
5
100
AcDbPolyline
 90
8
 70
0
 10
66159.41542933542
 20
54886.86891104423
 10
64452.22314427867
 20
54886.86891104423
 10
64452.22314427867
 20
54638.54857763783
 10
67602.76410258222
 20
54638.54857763783
 10
67602.76410258222
 20
54591.990770361874
 10
64405.665337002705
 20
54591.990770361874
 10
64405.665337002705
 20
54933.426847652816
 10
66143.89616024344
 20
54933.426847652816
  0
LWPOLYLINE
  5
38B
330
1F
100
AcDbEntity
  8
PDF_형상
370
5
100
AcDbPolyline
 90
3
 70
0
 10
64498.78095155461
 20
54685.11039422533
 10
67494.12908960575
 20
54685.11039422533
 10
67494.12908960575
 20
54638.54857763783
  0
LWPOLYLINE
  5
38C
330
1F
100
AcDbEntity
  8
PDF_형상
370
5
100
AcDbPolyline
 90
2
 70
0
 10
64498.78095155461
 20
54840.30722378934
 10
66159.41542933542
 20
54840.30722378934
  0
LWPOLYLINE
  5
390
330
1F
100
AcDbEntity
  8
PDF_형상
370
5
100
AcDbPolyline
 90
2
 70
0
 10
67494.12908960575
 20
53707.355960316876
 10
63521.02664697879
 20
53707.355960316876
  0
LWPOLYLINE
  5
392
330
1F
100
AcDbEntity
  8
PDF_형상
370
5
100
AcDbPolyline
 90
5
 70
0
 10
98332.20208306321
 20
72160.53488784778
 10
107333.74998772754
 20
72160.53488784778
 10
107333.74998772754
 20
72455.41703784169
 10
99030.59350673707
 20
72455.41703784169
 10
107551.02790297104
 20
87106.21350138055
  0
LWPOLYLINE
  5
393
330
1F
100
AcDbEntity
  8
PDF_형상
370
5
100
AcDbPolyline
 90
2
 70
0
 10
99030.59350673707
 20
87447.65345865043
 10
107690.70934342202
 20
72750.29142787776
  0
LWPOLYLINE
  5
394
330
1F
100
AcDbEntity
  8
PDF_형상
370
5
100
AcDbPolyline
 90
4
 70
0
 10
62946.78937604079
 20
56361.260131786585
 10
68301.16354487922
 20
57556.29248093854
 10
62946.78937604079
 20
57556.29248093854
 10
68301.16354487922
 20
56361.260131786585
  0
LWPOLYLINE
  5
396
330
1F
100
AcDbEntity
  8
PDF_형상
370
5
100
AcDbPolyline
 90
4
 70
0
 10
62946.78937604079
 20
51053.447908868264
 10
68301.16354487922
 20
49858.41568904895
 10
62946.78937604079
 20
49858.41568904895
 10
68301.16354487922
 20
51053.447908868264
  0
LWPOLYLINE
  5
398
330
1F
100
AcDbEntity
  8
PDF_형상
370
5
100
AcDbPolyline
 90
6
 70
1
 10
65554.13962021346
 20
52279.52267618312
 10
65786.93680454894
 20
51876.005513212694
 10
65554.13962021346
 20
51472.48835024225
 10
65600.69755682202
 20
51379.36859704616
 10
65895.57181752547
 20
51876.005513212694
 10
65600.69755682202
 20
52372.64230004658
  0
LWPOLYLINE
  5
39C
330
1F
100
AcDbEntity
  8
PDF_형상
370
5
100
AcDbPolyline
 90
4
 70
0
 10
79196.1431116599
 20
36573.367543985405
 10
76790.55927359666
 20
38870.31636907216
 10
76790.55927359666
 20
36573.367543985405
 10
79196.1431116599
 20
38653.03845382864
  0
LWPOLYLINE
  5
3A0
330
1F
100
AcDbEntity
  8
PDF_형상
370
5
100
AcDbPolyline
 90
2
 70
0
 10
84224.59646298787
 20
31141.397029687017
 10
84969.55371256084
 20
29822.204578498182
  0
LWPOLYLINE
  5
3A1
330
1F
100
AcDbEntity
  8
PDF_형상
370
5
100
AcDbPolyline
 90
2
 70
0
 10
84224.59646298787
 20
29822.204578498182
 10
84969.55371256084
 20
31141.397029687017
  0
LWPOLYLINE
  5
3A2
330
1F
100
AcDbEntity
  8
PDF_형상
370
5
100
AcDbPolyline
 90
14
 70
0
 10
64607.42385382163
 20
32445.072151773355
 10
66981.96902436831
 20
31296.59579924051
 10
64607.42385382163
 20
31296.59579924051
 10
64607.42385382163
 20
32445.072151773355
 10
66981.96902436831
 20
32445.072151773355
 10
66981.96902436831
 20
32212.271087458947
 10
67121.65059415191
 20
32212.271087458947
 10
67121.65059415191
 20
32584.7497122454
 10
64607.42385382163
 20
32584.7497122454
 10
64607.42385382163
 20
38761.67747611671
 10
64824.70176906513
 20
38761.67747611671
 10
64824.70176906513
 20
39056.5557461317
 10
54162.519257287306
 20
39056.5557461317
 10
54162.519257287306
 20
42113.97708057182
  0
LWPOLYLINE
  5
3A3
330
1F
100
AcDbEntity
  8
PDF_형상
370
5
100
AcDbPolyline
 90
2
 70
0
 10
64607.42385382163
 20
31296.59579924051
 10
66981.96902436831
 20
32445.072151773355
  0
LWPOLYLINE
  5
3A4
330
1F
100
AcDbEntity
  8
PDF_형상
370
5
100
AcDbPolyline
 90
2
 70
0
 10
64607.42385382163
 20
31141.397029687017
 10
66935.41121709235
 20
29822.204578498182
  0
LWPOLYLINE
  5
3A5
330
1F
100
AcDbEntity
  8
PDF_형상
370
5
100
AcDbPolyline
 90
9
 70
0
 10
64607.42385382163
 20
29620.44606167927
 10
64607.42385382163
 20
30411.96111852816
 10
63800.38952788075
 20
30411.96111852816
 10
63800.38952788075
 20
29620.44606167927
 10
64607.42385382163
 20
29620.44606167927
 10
65600.69755682202
 20
29620.44606167927
 10
65600.69755682202
 20
29822.204578498182
 10
64607.42385382163
 20
29822.204578498182
 10
66935.41121709235
 20
31141.397029687017
  0
LWPOLYLINE
  5
3A6
330
1F
100
AcDbEntity
  8
PDF_형상
370
5
100
AcDbPolyline
 90
4
 70
0
 10
80173.89741623575
 20
33934.982641607676
 10
80173.89741623575
 20
37814.96158039223
 10
82082.84834744401
 20
37814.96158039223
 10
82082.84834744401
 20
36107.76929533546
  0
LWPOLYLINE
  5
3A7
330
1F
100
AcDbEntity
  8
PDF_형상
370
5
100
AcDbPolyline
 90
6
 70
0
 10
81074.05537535164
 20
35471.45494802952
 10
82005.24411269363
 20
35673.21359418106
 10
82051.80980926006
 20
35797.37175622848
 10
82160.44482223653
 20
35595.613239409584
 10
82207.0026295125
 20
35719.771401457
 10
83153.71839590439
 20
35906.01077851657
  0
LWPOLYLINE
  5
3A9
330
1F
100
AcDbEntity
  8
PDF_형상
370
5
100
AcDbPolyline
 90
8
 70
0
 10
81306.85255968712
 20
35518.012884638105
 10
81306.85255968712
 20
37007.92725445136
 10
80949.89320399264
 20
37007.92725445136
 10
80949.89320399264
 20
33810.82447956026
 10
81011.97040969324
 20
33810.82447956026
 10
81011.97040969324
 20
36961.36543786384
 10
81260.29475241115
 20
36961.36543786384
 10
81260.29475241115
 20
35518.012884638105
  0
LWPOLYLINE
  5
3AB
330
1F
100
AcDbEntity
  8
PDF_형상
370
5
100
AcDbPolyline
 90
3
 70
0
 10
81058.5361062596
 20
36914.8076305879
 10
81058.5361062596
 20
33919.4633725157
 10
81011.97040969324
 20
33919.4633725157
  0
LWPOLYLINE
  5
3AC
330
1F
100
AcDbEntity
  8
PDF_형상
370
5
100
AcDbPolyline
 90
2
 70
0
 10
81213.72892651214
 20
36914.8076305879
 10
81213.72892651214
 20
35502.493615546126
  0
LWPOLYLINE
  5
3B1
330
1F
100
AcDbEntity
  8
PDF_형상
370
5
100
AcDbPolyline
 90
6
 70
1
 10
82595.00052339099
 20
36278.489403303036
 10
82486.36551041446
 20
36340.57048898252
 10
82082.84834744401
 20
36107.76929533546
 10
81694.85045356558
 20
36340.57048898252
 10
81586.20755129856
 20
36278.489403303036
 10
82082.84834744401
 20
35999.130402380026
  0
LWPOLYLINE
  5
3B5
330
1F
100
AcDbEntity
  8
PDF_형상
370
5
100
AcDbPolyline
 90
6
 70
0
 10
70303.23009063942
 20
60225.71980147914
 10
71405.14669590686
 20
60225.71980147914
 10
71405.14669590686
 20
55181.74718105922
 10
71498.26231045877
 20
55181.74718105922
 10
71498.26231045877
 20
60334.358823767216
 10
70303.23009063942
 20
60334.358823767216
  0
LWPOLYLINE
  5
3B7
330
1F
100
AcDbEntity
  8
PDF_형상
370
5
100
AcDbPolyline
 90
2
 70
0
 10
70303.23009063942
 20
58534.05079482591
 10
71405.14669590686
 20
58534.05079482591
  0
LWPOLYLINE
  5
3B9
330
1F
100
AcDbEntity
  8
PDF_형상
370
5
100
AcDbPolyline
 90
2
 70
0
 10
70846.42869406087
 20
55290.386203347305
 10
70846.42869406087
 20
58456.45044005445
  0
LWPOLYLINE
  5
3BA
330
1F
100
AcDbEntity
  8
PDF_형상
370
5
100
AcDbPolyline
 90
4
 70
1
 10
65104.05676067657
 20
61110.354611524126
 10
65104.05676067657
 20
61312.11312834302
 10
67804.52274873377
 20
61312.11312834302
 10
67804.52274873377
 20
61110.354611524126
  0
LWPOLYLINE
  5
3BC
330
1F
100
AcDbEntity
  8
PDF_형상
370
5
100
AcDbPolyline
 90
2
 70
0
 10
65181.66112475963
 20
61203.474235387584
 10
65181.66112475963
 20
61312.11312834302
  0
LWPOLYLINE
  5
3BE
330
1F
100
AcDbEntity
  8
PDF_형상
370
5
100
AcDbPolyline
 90
2
 70
0
 10
67711.40700484927
 20
61203.474235387584
 10
67711.40700484927
 20
61312.11312834302
  0
LWPOLYLINE
  5
3BF
330
1F
100
AcDbEntity
  8
PDF_형상
370
5
100
AcDbPolyline
 90
10
 70
0
 10
62558.79148216233
 20
49656.6570428974
 10
62558.79148216233
 20
48818.580169461005
 10
62357.03296534343
 20
48818.580169461005
 10
62357.03296534343
 20
58953.08722688833
 10
62357.03296534343
 20
60163.63871579964
 10
62450.15646918582
 20
60163.63871579964
 10
62450.15646918582
 20
58953.08722688833
 10
62357.03296534343
 20
58953.08722688833
 10
62558.79148216233
 20
58953.08722688833
 10
62558.79148216233
 20
60163.63871579964
  0
LWPOLYLINE
  5
3C0
330
1F
100
AcDbEntity
  8
PDF_형상
370
5
100
AcDbPolyline
 90
10
 70
0
 10
89501.36626774327
 20
36262.97000487841
 10
89563.44334411122
 20
35999.130402380026
 10
89703.1247845622
 20
35781.8524871365
 10
89889.36416162168
 20
35595.613239409584
 10
90122.16121662459
 20
35471.45494802952
 10
90386.00482843454
 20
35424.89313144201
 10
90184.24631161567
 20
35362.81605507408
 10
90013.52633298068
 20
35238.65388371508
 10
89889.36416162168
 20
35067.937785059075
 10
89827.28695592108
 20
34866.17926824018
  0
LWPOLYLINE
  5
3C2
330
1F
100
AcDbEntity
  8
PDF_형상
370
5
100
AcDbPolyline
 90
10
 70
0
 10
89361.68469795967
 20
30629.240973761138
 10
89097.84897544018
 20
30567.159888081653
 10
88880.57118952925
 20
30427.482327609607
 10
88694.33181246974
 20
30241.24307988269
 10
88570.16964111074
 20
30008.443955557734
 10
88523.61183383477
 20
29760.125562140784
 10
88461.53475746686
 20
29961.88407895968
 10
88337.37258610791
 20
30132.60211760515
 10
88166.6524781403
 20
30241.24307988269
 10
87964.8939613214
 20
30303.322225572723
  0
LWPOLYLINE
  5
3C3
330
1F
100
AcDbEntity
  8
PDF_형상
370
5
100
AcDbPolyline
 90
11
 70
0
 10
63365.82580810318
 20
47080.34934622027
 10
63303.748731735264
 20
47328.669679626684
 10
63164.067291284315
 20
47561.466863962174
 10
62977.82791422475
 20
47732.186842597126
 10
62745.030859221864
 20
47856.345133977164
 10
62481.19513670243
 20
47918.42621965666
 10
62745.030859221864
 20
47964.987906911534
 10
62977.82791422475
 20
48089.1461982916
 10
63164.067291284315
 20
48259.86617692654
 10
63303.748731735264
 20
48492.66336126204
 10
63365.82580810318
 20
48740.98369466846
  0
LWPOLYLINE
  5
3C4
330
1F
100
AcDbEntity
  8
PDF_형상
370
5
100
AcDbPolyline
 90
11
 70
0
 10
74353.92900805893
 20
39879.10934116456
 10
74105.6126839641
 20
39817.032135464
 10
73872.80761033807
 20
39677.35069501303
 10
73702.09539166103
 20
39491.1114472861
 10
73577.933220302
 20
39258.3142629506
 10
73515.85614393406
 20
38994.474660452215
 10
73469.29044736763
 20
39258.3142629506
 10
73345.13616529915
 20
39491.1114472861
 10
73174.41605733159
 20
39677.35069501303
 10
72941.6190023287
 20
39817.032135464
 10
72693.2946596107
 20
39879.10934116456
  0
LWPOLYLINE
  5
3C5
330
1F
100
AcDbEntity
  8
PDF_형상
370
5
100
AcDbPolyline
 90
4
 70
1
 10
105362.7219801513
 20
33919.4633725157
 10
105362.7219801513
 20
34509.219912545705
 10
105517.92268969429
 20
34509.219912545705
 10
105517.92268969429
 20
33919.4633725157
  0
LWPOLYLINE
  5
3C7
330
1F
100
AcDbEntity
  8
PDF_형상
370
5
100
AcDbPolyline
 90
2
 70
0
 10
90448.08203413505
 20
34462.658095958184
 10
90448.08203413505
 20
33966.021309124284
  0
LWPOLYLINE
  5
3C8
330
1F
100
AcDbEntity
  8
PDF_형상
370
5
100
AcDbPolyline
 90
2
 70
0
 10
90370.48555934259
 20
34462.658095958184
 10
90510.159110503
 20
34462.658095958184
  0
LWPOLYLINE
  5
3C9
330
1F
100
AcDbEntity
  8
PDF_형상
370
5
100
AcDbPolyline
 90
2
 70
0
 10
90370.48555934259
 20
33966.021309124284
 10
90510.159110503
 20
33966.021309124284
  0
LWPOLYLINE
  5
3CA
330
1F
100
AcDbEntity
  8
PDF_형상
370
5
100
AcDbPolyline
 90
4
 70
1
 10
90510.159110503
 20
34509.219912545705
 10
90510.159110503
 20
33919.4633725157
 10
90370.48555934259
 20
33919.4633725157
 10
90370.48555934259
 20
34509.219912545705
  0
LWPOLYLINE
  5
3CD
330
1F
100
AcDbEntity
  8
PDF_형상
370
5
100
AcDbPolyline
 90
4
 70
0
 10
83790.04063250076
 20
30551.640618989673
 10
83929.71418366126
 20
30598.200366255078
 10
84069.39575344486
 20
30613.719764679707
 10
84069.39575344486
 20
30023.963224649713
  0
LWPOLYLINE
  5
3CE
330
1F
100
AcDbEntity
  8
PDF_형상
370
5
100
AcDbPolyline
 90
2
 70
0
 10
79397.90162847882
 20
36914.8076305879
 10
80949.89320399264
 20
36914.8076305879
  0
LWPOLYLINE
  5
3CF
330
1F
100
AcDbEntity
  8
PDF_형상
370
5
100
AcDbPolyline
 90
2
 70
0
 10
79397.90162847882
 20
36619.929360572896
 10
80949.89320399264
 20
36619.929360572896
  0
LWPOLYLINE
  5
3D0
330
1F
100
AcDbEntity
  8
PDF_형상
370
5
100
AcDbPolyline
 90
2
 70
0
 10
79397.90162847882
 20
36309.527941486995
 10
80949.89320399264
 20
36309.527941486995
  0
LWPOLYLINE
  5
3D1
330
1F
100
AcDbEntity
  8
PDF_형상
370
5
100
AcDbPolyline
 90
2
 70
0
 10
79397.90162847882
 20
36014.64967147199
 10
80949.89320399264
 20
36014.64967147199
  0
LWPOLYLINE
  5
3D2
330
1F
100
AcDbEntity
  8
PDF_형상
370
5
100
AcDbPolyline
 90
2
 70
0
 10
79397.90162847882
 20
35719.771401457
 10
80949.89320399264
 20
35719.771401457
  0
LWPOLYLINE
  5
3D3
330
1F
100
AcDbEntity
  8
PDF_형상
370
5
100
AcDbPolyline
 90
2
 70
0
 10
79397.90162847882
 20
35409.37386235002
 10
80949.89320399264
 20
35409.37386235002
  0
LWPOLYLINE
  5
3D4
330
1F
100
AcDbEntity
  8
PDF_형상
370
5
100
AcDbPolyline
 90
2
 70
0
 10
79397.90162847882
 20
35114.49572166766
 10
80949.89320399264
 20
35114.49572166766
  0
LWPOLYLINE
  5
3D5
330
1F
100
AcDbEntity
  8
PDF_형상
370
5
100
AcDbPolyline
 90
2
 70
0
 10
79397.90162847882
 20
34819.61745165267
 10
80949.89320399264
 20
34819.61745165267
  0
LWPOLYLINE
  5
3D6
330
1F
100
AcDbEntity
  8
PDF_형상
370
5
100
AcDbPolyline
 90
2
 70
0
 10
79397.90162847882
 20
34509.219912545705
 10
80949.89320399264
 20
34509.219912545705
  0
LWPOLYLINE
  5
3D7
330
1F
100
AcDbEntity
  8
PDF_형상
370
5
100
AcDbPolyline
 90
2
 70
0
 10
79397.90162847882
 20
34214.3416425307
 10
80949.89320399264
 20
34214.3416425307
  0
LWPOLYLINE
  5
3D8
330
1F
100
AcDbEntity
  8
PDF_형상
370
5
100
AcDbPolyline
 90
2
 70
0
 10
79397.90162847882
 20
33919.4633725157
 10
80949.89320399264
 20
33919.4633725157
  0
LWPOLYLINE
  5
3DA
330
1F
100
AcDbEntity
  8
PDF_형상
370
5
100
AcDbPolyline
 90
2
 70
0
 10
81011.97040969324
 20
34214.3416425307
 10
81058.5361062596
 20
34214.3416425307
  0
LWPOLYLINE
  5
3DB
330
1F
100
AcDbEntity
  8
PDF_형상
370
5
100
AcDbPolyline
 90
2
 70
0
 10
81011.97040969324
 20
34509.219912545705
 10
81058.5361062596
 20
34509.219912545705
  0
LWPOLYLINE
  5
3DC
330
1F
100
AcDbEntity
  8
PDF_형상
370
5
100
AcDbPolyline
 90
2
 70
0
 10
81011.97040969324
 20
34819.61745165267
 10
81058.5361062596
 20
34819.61745165267
  0
LWPOLYLINE
  5
3DD
330
1F
100
AcDbEntity
  8
PDF_형상
370
5
100
AcDbPolyline
 90
2
 70
0
 10
81011.97040969324
 20
35114.49572166766
 10
81058.5361062596
 20
35114.49572166766
  0
LWPOLYLINE
  5
3DE
330
1F
100
AcDbEntity
  8
PDF_형상
370
5
100
AcDbPolyline
 90
2
 70
0
 10
81011.97040969324
 20
35409.37386235002
 10
81058.5361062596
 20
35409.37386235002
  0
LWPOLYLINE
  5
3DF
330
1F
100
AcDbEntity
  8
PDF_형상
370
5
100
AcDbPolyline
 90
2
 70
0
 10
81011.97040969324
 20
35719.771401457
 10
81058.5361062596
 20
35719.771401457
  0
LWPOLYLINE
  5
3E0
330
1F
100
AcDbEntity
  8
PDF_형상
370
5
100
AcDbPolyline
 90
2
 70
0
 10
81011.97040969324
 20
36014.64967147199
 10
81058.5361062596
 20
36014.64967147199
  0
LWPOLYLINE
  5
3E1
330
1F
100
AcDbEntity
  8
PDF_형상
370
5
100
AcDbPolyline
 90
2
 70
0
 10
81011.97040969324
 20
36309.527941486995
 10
81058.5361062596
 20
36309.527941486995
  0
LWPOLYLINE
  5
3E2
330
1F
100
AcDbEntity
  8
PDF_형상
370
5
100
AcDbPolyline
 90
2
 70
0
 10
81011.97040969324
 20
36619.929360572896
 10
81058.5361062596
 20
36619.929360572896
  0
LWPOLYLINE
  5
3E3
330
1F
100
AcDbEntity
  8
PDF_형상
370
5
100
AcDbPolyline
 90
2
 70
0
 10
81011.97040969324
 20
36914.8076305879
 10
81260.29475241115
 20
36914.8076305879
  0
LWPOLYLINE
  5
3E4
330
1F
100
AcDbEntity
  8
PDF_형상
370
5
100
AcDbPolyline
 90
2
 70
0
 10
81306.85255968712
 20
36914.8076305879
 10
82874.36340429295
 20
36914.8076305879
  0
LWPOLYLINE
  5
3E5
330
1F
100
AcDbEntity
  8
PDF_형상
370
5
100
AcDbPolyline
 90
2
 70
0
 10
81306.85255968712
 20
36619.929360572896
 10
82874.36340429295
 20
36619.929360572896
  0
LWPOLYLINE
  5
3E6
330
1F
100
AcDbEntity
  8
PDF_형상
370
5
100
AcDbPolyline
 90
2
 70
0
 10
81306.85255968712
 20
36309.527941486995
 10
82874.36340429295
 20
36309.527941486995
  0
LWPOLYLINE
  5
3E7
330
1F
100
AcDbEntity
  8
PDF_형상
370
5
100
AcDbPolyline
 90
2
 70
0
 10
81306.85255968712
 20
36014.64967147199
 10
82874.36340429295
 20
36014.64967147199
  0
LWPOLYLINE
  5
3E8
330
1F
100
AcDbEntity
  8
PDF_형상
370
5
100
AcDbPolyline
 90
2
 70
0
 10
81306.85255968712
 20
35719.771401457
 10
82020.76338178558
 20
35719.771401457
  0
LWPOLYLINE
  5
3E9
330
1F
100
AcDbEntity
  8
PDF_형상
370
5
100
AcDbPolyline
 90
2
 70
0
 10
81213.72892651214
 20
36619.929360572896
 10
81260.29475241115
 20
36619.929360572896
  0
LWPOLYLINE
  5
3EA
330
1F
100
AcDbEntity
  8
PDF_형상
370
5
100
AcDbPolyline
 90
2
 70
0
 10
81213.72892651214
 20
36309.527941486995
 10
81260.29475241115
 20
36309.527941486995
  0
LWPOLYLINE
  5
3EB
330
1F
100
AcDbEntity
  8
PDF_형상
370
5
100
AcDbPolyline
 90
2
 70
0
 10
81213.72892651214
 20
36014.64967147199
 10
81260.29475241115
 20
36014.64967147199
  0
LWPOLYLINE
  5
3EC
330
1F
100
AcDbEntity
  8
PDF_형상
370
5
100
AcDbPolyline
 90
2
 70
0
 10
81213.72892651214
 20
35719.771401457
 10
81260.29475241115
 20
35719.771401457
  0
LWPOLYLINE
  5
3EE
330
1F
100
AcDbEntity
  8
PDF_형상
370
5
100
AcDbPolyline
 90
2
 70
0
 10
64498.78095155461
 20
56159.50161496766
 10
64498.78095155461
 20
54933.426847652816
  0
LWPOLYLINE
  5
3EF
330
1F
100
AcDbEntity
  8
PDF_형상
370
5
100
AcDbPolyline
 90
2
 70
0
 10
64793.6632308812
 20
56159.50161496766
 10
64793.6632308812
 20
54933.426847652816
  0
LWPOLYLINE
  5
3F0
330
1F
100
AcDbEntity
  8
PDF_형상
370
5
100
AcDbPolyline
 90
2
 70
0
 10
65104.05676067657
 20
56159.50161496766
 10
65104.05676067657
 20
54933.426847652816
  0
LWPOLYLINE
  5
3F1
330
1F
100
AcDbEntity
  8
PDF_형상
370
5
100
AcDbPolyline
 90
2
 70
0
 10
65398.938910670506
 20
56159.50161496766
 10
65398.938910670506
 20
54933.426847652816
  0
LWPOLYLINE
  5
3F2
330
1F
100
AcDbEntity
  8
PDF_형상
370
5
100
AcDbPolyline
 90
2
 70
0
 10
65693.8131713739
 20
56159.50161496766
 10
65693.8131713739
 20
54933.426847652816
  0
LWPOLYLINE
  5
3F3
330
1F
100
AcDbEntity
  8
PDF_형상
370
5
100
AcDbPolyline
 90
2
 70
0
 10
66004.21471979246
 20
56159.50161496766
 10
66004.21471979246
 20
54933.426847652816
  0
LWPOLYLINE
  5
3F4
330
1F
100
AcDbEntity
  8
PDF_형상
370
5
100
AcDbPolyline
 90
2
 70
0
 10
66299.08898049592
 20
54685.11039422533
 10
66299.08898049592
 20
54638.54857763783
  0
LWPOLYLINE
  5
3F5
330
1F
100
AcDbEntity
  8
PDF_형상
370
5
100
AcDbPolyline
 90
2
 70
0
 10
66593.97113048982
 20
54685.11039422533
 10
66593.97113048982
 20
54638.54857763783
  0
LWPOLYLINE
  5
3F6
330
1F
100
AcDbEntity
  8
PDF_형상
370
5
100
AcDbPolyline
 90
2
 70
0
 10
66904.37267890839
 20
54685.11039422533
 10
66904.37267890839
 20
54638.54857763783
  0
LWPOLYLINE
  5
3F7
330
1F
100
AcDbEntity
  8
PDF_형상
370
5
100
AcDbPolyline
 90
2
 70
0
 10
67199.24693961181
 20
54685.11039422533
 10
67199.24693961181
 20
54638.54857763783
  0
LWPOLYLINE
  5
3FB
330
1F
100
AcDbEntity
  8
PDF_형상
370
5
100
AcDbPolyline
 90
2
 70
0
 10
65693.8131713739
 20
52589.920215290105
 10
65693.8131713739
 20
52527.84300958954
  0
LWPOLYLINE
  5
3FC
330
1F
100
AcDbEntity
  8
PDF_형상
370
5
100
AcDbPolyline
 90
2
 70
0
 10
65398.938910670506
 20
52589.920215290105
 10
65398.938910670506
 20
52527.84300958954
  0
LWPOLYLINE
  5
3FD
330
1F
100
AcDbEntity
  8
PDF_형상
370
5
100
AcDbPolyline
 90
2
 70
0
 10
65104.05676067657
 20
52589.920215290105
 10
65104.05676067657
 20
52527.84300958954
  0
LWPOLYLINE
  5
3FE
330
1F
100
AcDbEntity
  8
PDF_형상
370
5
100
AcDbPolyline
 90
2
 70
0
 10
64793.6632308812
 20
52589.920215290105
 10
64793.6632308812
 20
52527.84300958954
  0
LWPOLYLINE
  5
3FF
330
1F
100
AcDbEntity
  8
PDF_형상
370
5
100
AcDbPolyline
 90
2
 70
0
 10
64498.78095155461
 20
52791.678732109
 10
64498.78095155461
 20
52527.84300958954
  0
LWPOLYLINE
  5
401
330
1F
100
AcDbEntity
  8
PDF_형상
370
5
100
AcDbPolyline
 90
2
 70
0
 10
64498.78095155461
 20
52481.28119300203
 10
64498.78095155461
 20
51255.20642568716
  0
LWPOLYLINE
  5
402
330
1F
100
AcDbEntity
  8
PDF_형상
370
5
100
AcDbPolyline
 90
2
 70
0
 10
64793.6632308812
 20
52481.28119300203
 10
64793.6632308812
 20
51255.20642568716
  0
LWPOLYLINE
  5
403
330
1F
100
AcDbEntity
  8
PDF_형상
370
5
100
AcDbPolyline
 90
2
 70
0
 10
65104.05676067657
 20
52481.28119300203
 10
65104.05676067657
 20
51255.20642568716
  0
LWPOLYLINE
  5
404
330
1F
100
AcDbEntity
  8
PDF_형상
370
5
100
AcDbPolyline
 90
2
 70
0
 10
65398.938910670506
 20
52481.28119300203
 10
65398.938910670506
 20
51255.20642568716
  0
LWPOLYLINE
  5
405
330
1F
100
AcDbEntity
  8
PDF_형상
370
5
100
AcDbPolyline
 90
2
 70
0
 10
65693.8131713739
 20
52481.28119300203
 10
65693.8131713739
 20
51255.20642568716
  0
LWPOLYLINE
  5
407
330
1F
100
AcDbEntity
  8
PDF_형상
370
5
100
AcDbPolyline
 90
2
 70
0
 10
67199.24693961181
 20
52791.678732109
 10
67199.24693961181
 20
52729.601655741084
  0
LWPOLYLINE
  5
408
330
1F
100
AcDbEntity
  8
PDF_형상
370
5
100
AcDbPolyline
 90
2
 70
0
 10
66904.37267890839
 20
52791.678732109
 10
66904.37267890839
 20
52729.601655741084
  0
LWPOLYLINE
  5
409
330
1F
100
AcDbEntity
  8
PDF_형상
370
5
100
AcDbPolyline
 90
2
 70
0
 10
66593.97113048982
 20
52791.678732109
 10
66593.97113048982
 20
52729.601655741084
  0
LWPOLYLINE
  5
40A
330
1F
100
AcDbEntity
  8
PDF_형상
370
5
100
AcDbPolyline
 90
2
 70
0
 10
66299.08898049592
 20
52791.678732109
 10
66299.08898049592
 20
52729.601655741084
  0
LWPOLYLINE
  5
40B
330
1F
100
AcDbEntity
  8
PDF_형상
370
5
100
AcDbPolyline
 90
2
 70
0
 10
66004.21471979246
 20
52791.678732109
 10
66004.21471979246
 20
52729.601655741084
  0
LWPOLYLINE
  5
40C
330
1F
100
AcDbEntity
  8
PDF_형상
370
5
100
AcDbPolyline
 90
2
 70
0
 10
65693.8131713739
 20
52791.678732109
 10
65693.8131713739
 20
52729.601655741084
  0
LWPOLYLINE
  5
40D
330
1F
100
AcDbEntity
  8
PDF_형상
370
5
100
AcDbPolyline
 90
2
 70
0
 10
65398.938910670506
 20
52791.678732109
 10
65398.938910670506
 20
52729.601655741084
  0
LWPOLYLINE
  5
40E
330
1F
100
AcDbEntity
  8
PDF_형상
370
5
100
AcDbPolyline
 90
2
 70
0
 10
65104.05676067657
 20
52791.678732109
 10
65104.05676067657
 20
52729.601655741084
  0
LWPOLYLINE
  5
40F
330
1F
100
AcDbEntity
  8
PDF_형상
370
5
100
AcDbPolyline
 90
2
 70
0
 10
64793.6632308812
 20
52791.678732109
 10
64793.6632308812
 20
52729.601655741084
  0
LWPOLYLINE
  5
410
330
1F
100
AcDbEntity
  8
PDF_형상
370
5
100
AcDbPolyline
 90
2
 70
0
 10
67494.12908960575
 20
54591.990770361874
 10
67494.12908960575
 20
52838.24054869652
  0
LWPOLYLINE
  5
411
330
1F
100
AcDbEntity
  8
PDF_형상
370
5
100
AcDbPolyline
 90
2
 70
0
 10
67199.24693961181
 20
54591.990770361874
 10
67199.24693961181
 20
52838.24054869652
  0
LWPOLYLINE
  5
412
330
1F
100
AcDbEntity
  8
PDF_형상
370
5
100
AcDbPolyline
 90
2
 70
0
 10
66904.37267890839
 20
54591.990770361874
 10
66904.37267890839
 20
52838.24054869652
  0
LWPOLYLINE
  5
413
330
1F
100
AcDbEntity
  8
PDF_형상
370
5
100
AcDbPolyline
 90
2
 70
0
 10
66593.97113048982
 20
54591.990770361874
 10
66593.97113048982
 20
52838.24054869652
  0
LWPOLYLINE
  5
414
330
1F
100
AcDbEntity
  8
PDF_형상
370
5
100
AcDbPolyline
 90
2
 70
0
 10
66299.08898049592
 20
54591.990770361874
 10
66299.08898049592
 20
52838.24054869652
  0
LWPOLYLINE
  5
415
330
1F
100
AcDbEntity
  8
PDF_형상
370
5
100
AcDbPolyline
 90
2
 70
0
 10
66004.21471979246
 20
54591.990770361874
 10
66004.21471979246
 20
52838.24054869652
  0
LWPOLYLINE
  5
416
330
1F
100
AcDbEntity
  8
PDF_형상
370
5
100
AcDbPolyline
 90
2
 70
0
 10
65693.8131713739
 20
54591.990770361874
 10
65693.8131713739
 20
52838.24054869652
  0
LWPOLYLINE
  5
417
330
1F
100
AcDbEntity
  8
PDF_형상
370
5
100
AcDbPolyline
 90
2
 70
0
 10
65398.938910670506
 20
54591.990770361874
 10
65398.938910670506
 20
52838.24054869652
  0
LWPOLYLINE
  5
418
330
1F
100
AcDbEntity
  8
PDF_형상
370
5
100
AcDbPolyline
 90
2
 70
0
 10
65104.05676067657
 20
54591.990770361874
 10
65104.05676067657
 20
52838.24054869652
  0
LWPOLYLINE
  5
419
330
1F
100
AcDbEntity
  8
PDF_형상
370
5
100
AcDbPolyline
 90
2
 70
0
 10
64793.6632308812
 20
54591.990770361874
 10
64793.6632308812
 20
52838.24054869652
  0
LWPOLYLINE
  5
41A
330
1F
100
AcDbEntity
  8
PDF_형상
370
5
100
AcDbPolyline
 90
2
 70
0
 10
64498.78095155461
 20
54591.990770361874
 10
64498.78095155461
 20
52838.24054869652
  0
LWPOLYLINE
  5
41B
330
1F
100
AcDbEntity
  8
PDF_형상
370
5
100
AcDbPolyline
 90
2
 70
0
 10
66004.21471979246
 20
54685.11039422533
 10
66004.21471979246
 20
54638.54857763783
  0
LWPOLYLINE
  5
41C
330
1F
100
AcDbEntity
  8
PDF_형상
370
5
100
AcDbPolyline
 90
2
 70
0
 10
65693.8131713739
 20
54685.11039422533
 10
65693.8131713739
 20
54638.54857763783
  0
LWPOLYLINE
  5
41D
330
1F
100
AcDbEntity
  8
PDF_형상
370
5
100
AcDbPolyline
 90
2
 70
0
 10
65398.938910670506
 20
54685.11039422533
 10
65398.938910670506
 20
54638.54857763783
  0
LWPOLYLINE
  5
41E
330
1F
100
AcDbEntity
  8
PDF_형상
370
5
100
AcDbPolyline
 90
2
 70
0
 10
65104.05676067657
 20
54685.11039422533
 10
65104.05676067657
 20
54638.54857763783
  0
LWPOLYLINE
  5
41F
330
1F
100
AcDbEntity
  8
PDF_형상
370
5
100
AcDbPolyline
 90
2
 70
0
 10
64793.6632308812
 20
54685.11039422533
 10
64793.6632308812
 20
54638.54857763783
  0
LWPOLYLINE
  5
420
330
1F
100
AcDbEntity
  8
PDF_형상
370
5
100
AcDbPolyline
 90
2
 70
0
 10
64498.78095155461
 20
54886.86891104423
 10
64498.78095155461
 20
54638.54857763783
  0
LWPOLYLINE
  5
421
330
1F
100
AcDbEntity
  8
PDF_형상
370
5
100
AcDbPolyline
 90
2
 70
0
 10
66004.21471979246
 20
54886.86891104423
 10
66004.21471979246
 20
54840.30722378934
  0
LWPOLYLINE
  5
422
330
1F
100
AcDbEntity
  8
PDF_형상
370
5
100
AcDbPolyline
 90
2
 70
0
 10
65693.8131713739
 20
54886.86891104423
 10
65693.8131713739
 20
54840.30722378934
  0
LWPOLYLINE
  5
423
330
1F
100
AcDbEntity
  8
PDF_형상
370
5
100
AcDbPolyline
 90
2
 70
0
 10
65398.938910670506
 20
54886.86891104423
 10
65398.938910670506
 20
54840.30722378934
  0
LWPOLYLINE
  5
424
330
1F
100
AcDbEntity
  8
PDF_형상
370
5
100
AcDbPolyline
 90
2
 70
0
 10
65104.05676067657
 20
54886.86891104423
 10
65104.05676067657
 20
54840.30722378934
  0
LWPOLYLINE
  5
425
330
1F
100
AcDbEntity
  8
PDF_형상
370
5
100
AcDbPolyline
 90
2
 70
0
 10
64793.6632308812
 20
54886.86891104423
 10
64793.6632308812
 20
54840.30722378934
  0
LWPOLYLINE
  5
426
330
1F
100
AcDbEntity
  8
PDF_형상
370
5
100
AcDbPolyline
 90
2
 70
0
 10
70303.23009063942
 20
58285.73033208686
 10
71405.14669590686
 20
58285.73033208686
  0
LWPOLYLINE
  5
427
330
1F
100
AcDbEntity
  8
PDF_형상
370
5
100
AcDbPolyline
 90
2
 70
0
 10
70303.23009063942
 20
58037.40999868044
 10
71405.14669590686
 20
58037.40999868044
  0
LWPOLYLINE
  5
428
330
1F
100
AcDbEntity
  8
PDF_형상
370
5
100
AcDbPolyline
 90
2
 70
0
 10
70303.23009063942
 20
57789.093545252974
 10
71405.14669590686
 20
57789.093545252974
  0
LWPOLYLINE
  5
429
330
1F
100
AcDbEntity
  8
PDF_형상
370
5
100
AcDbPolyline
 90
2
 70
0
 10
70303.23009063942
 20
57540.77308251392
 10
71405.14669590686
 20
57540.77308251392
  0
LWPOLYLINE
  5
42A
330
1F
100
AcDbEntity
  8
PDF_형상
370
5
100
AcDbPolyline
 90
2
 70
0
 10
70303.23009063942
 20
57276.93735999446
 10
71405.14669590686
 20
57276.93735999446
  0
LWPOLYLINE
  5
42B
330
1F
100
AcDbEntity
  8
PDF_형상
370
5
100
AcDbPolyline
 90
2
 70
0
 10
70303.23009063942
 20
57028.61702658804
 10
71405.14669590686
 20
57028.61702658804
  0
LWPOLYLINE
  5
42C
330
1F
100
AcDbEntity
  8
PDF_형상
370
5
100
AcDbPolyline
 90
2
 70
0
 10
70303.23009063942
 20
56780.296693181626
 10
71405.14669590686
 20
56780.296693181626
  0
LWPOLYLINE
  5
42D
330
1F
100
AcDbEntity
  8
PDF_형상
370
5
100
AcDbPolyline
 90
2
 70
0
 10
70303.23009063942
 20
56531.98023975414
 10
71405.14669590686
 20
56531.98023975414
  0
LWPOLYLINE
  5
42E
330
1F
100
AcDbEntity
  8
PDF_형상
370
5
100
AcDbPolyline
 90
2
 70
0
 10
70303.23009063942
 20
56283.659777015106
 10
71405.14669590686
 20
56283.659777015106
  0
LWPOLYLINE
  5
42F
330
1F
100
AcDbEntity
  8
PDF_형상
370
5
100
AcDbPolyline
 90
2
 70
0
 10
70303.23009063942
 20
56035.34332358761
 10
71405.14669590686
 20
56035.34332358761
  0
LWPOLYLINE
  5
430
330
1F
100
AcDbEntity
  8
PDF_형상
370
5
100
AcDbPolyline
 90
2
 70
0
 10
70303.23009063942
 20
55787.022990181205
 10
71405.14669590686
 20
55787.022990181205
  0
LWPOLYLINE
  5
431
330
1F
100
AcDbEntity
  8
PDF_형상
370
5
100
AcDbPolyline
 90
2
 70
0
 10
70303.23009063942
 20
55538.70653675372
 10
71405.14669590686
 20
55538.70653675372
  0
LWPOLYLINE
  5
432
330
1F
100
AcDbEntity
  8
PDF_형상
370
5
100
AcDbPolyline
 90
2
 70
0
 10
70303.23009063942
 20
55290.386203347305
 10
71405.14669590686
 20
55290.386203347305
  0
LWPOLYLINE
  5
433
330
1F
100
AcDbEntity
  8
PDF_형상
370
5
100
AcDbPolyline
 90
2
 70
0
 10
54550.51715116574
 20
42207.096704435295
 10
58197.69903494742
 20
42207.096704435295
  0
LWPOLYLINE
  5
434
330
1F
100
AcDbEntity
  8
PDF_형상
370
5
100
AcDbPolyline
 90
2
 70
0
 10
54550.51715116574
 20
42315.73559739073
 10
58197.69903494742
 20
42315.73559739073
  0
LWPOLYLINE
  5
437
330
1F
100
AcDbEntity
  8
PDF_형상
370
5
100
AcDbPolyline
 90
6
 70
0
 10
99682.43501242551
 20
71012.0604753044
 10
99682.43501242551
 20
70003.26750321197
 10
100691.22798451786
 20
70003.26750321197
 10
100691.22798451786
 20
71012.0604753044
 10
99682.43501242551
 20
71012.0604753044
 10
100691.22798451786
 20
70003.26750321197
  0
LWPOLYLINE
  5
43A
330
1F
100
AcDbEntity
  8
PDF_형상
370
5
100
AcDbPolyline
 90
2
 70
0
 10
99682.43501242551
 20
70003.26750321197
 10
100691.22798451786
 20
71012.0604753044
  0
LWPOLYLINE
  5
43B
330
1F
100
AcDbEntity
  8
PDF_형상
370
5
100
AcDbPolyline
 90
2
 70
0
 10
98642.59561285858
 20
71198.29985236394
 10
106433.59202861165
 20
57602.85416819341
  0
LWPOLYLINE
  5
43C
330
1F
100
AcDbEntity
  8
PDF_형상
370
5
100
AcDbPolyline
 90
2
 70
0
 10
98751.23851512563
 20
57804.61281434495
 10
106433.59202861165
 20
71198.29985236394
  0
LWPOLYLINE
  5
43D
330
1F
100
AcDbEntity
  8
PDF_형상
370
5
100
AcDbPolyline
 90
2
 70
0
 10
98673.6341510426
 20
57106.21738135952
 10
106433.59202861165
 20
43712.53047267316
  0
LWPOLYLINE
  5
43E
330
1F
100
AcDbEntity
  8
PDF_형상
370
5
100
AcDbPolyline
 90
2
 70
0
 10
98642.59561285858
 20
43712.53047267316
 10
106433.59202861165
 20
57307.97602751105
  0
LWPOLYLINE
  5
43F
330
1F
100
AcDbEntity
  8
PDF_형상
370
5
100
AcDbPolyline
 90
3
 70
0
 10
67059.56549916083
 20
87292.45274910747
 10
63055.43227830778
 20
87804.61281434496
 10
67152.68913233584
 20
87804.61281434496
  0
LWPOLYLINE
  5
440
330
1F
100
AcDbEntity
  8
PDF_형상
370
5
100
AcDbPolyline
 90
5
 70
0
 10
63055.43227830778
 20
42238.13925193082
 10
64871.259576341065
 20
42238.13925193082
 10
64871.259576341065
 20
42113.97708057182
 10
63055.43227830778
 20
42113.97708057182
 10
63055.43227830778
 20
39056.5557461317
  0
LWPOLYLINE
  5
441
330
1F
100
AcDbEntity
  8
PDF_형상
370
5
100
AcDbPolyline
 90
2
 70
0
 10
62713.992191705285
 20
42113.97708057182
 10
62713.992191705285
 20
39056.5557461317
  0
LWPOLYLINE
  5
442
330
1F
100
AcDbEntity
  8
PDF_형상
370
5
100
AcDbPolyline
 90
2
 70
0
 10
62388.07150352739
 20
42113.97708057182
 10
62388.07150352739
 20
39056.5557461317
  0
LWPOLYLINE
  5
443
330
1F
100
AcDbEntity
  8
PDF_형상
370
5
100
AcDbPolyline
 90
2
 70
0
 10
62046.63930621538
 20
42113.97708057182
 10
62046.63930621538
 20
39056.5557461317
  0
LWPOLYLINE
  5
444
330
1F
100
AcDbEntity
  8
PDF_형상
370
5
100
AcDbPolyline
 90
2
 70
0
 10
61720.718618037485
 20
42113.97708057182
 10
61720.718618037485
 20
39056.5557461317
  0
LWPOLYLINE
  5
445
330
1F
100
AcDbEntity
  8
PDF_형상
370
5
100
AcDbPolyline
 90
2
 70
0
 10
61379.27853143499
 20
42113.97708057182
 10
61379.27853143499
 20
39056.5557461317
  0
LWPOLYLINE
  5
446
330
1F
100
AcDbEntity
  8
PDF_형상
370
5
100
AcDbPolyline
 90
2
 70
0
 10
61053.357843257065
 20
42113.97708057182
 10
61053.357843257065
 20
39056.5557461317
  0
LWPOLYLINE
  5
447
330
1F
100
AcDbEntity
  8
PDF_형상
370
5
100
AcDbPolyline
 90
2
 70
0
 10
60711.92564594511
 20
42113.97708057182
 10
60711.92564594511
 20
39056.5557461317
  0
LWPOLYLINE
  5
448
330
1F
100
AcDbEntity
  8
PDF_형상
370
5
100
AcDbPolyline
 90
2
 70
0
 10
60386.00482843457
 20
42113.97708057182
 10
60386.00482843457
 20
39056.5557461317
  0
LWPOLYLINE
  5
449
330
1F
100
AcDbEntity
  8
PDF_형상
370
5
100
AcDbPolyline
 90
2
 70
0
 10
60060.08414025667
 20
42113.97708057182
 10
60060.08414025667
 20
39056.5557461317
  0
LWPOLYLINE
  5
44A
330
1F
100
AcDbEntity
  8
PDF_형상
370
5
100
AcDbPolyline
 90
2
 70
0
 10
59718.65194294466
 20
42113.97708057182
 10
59718.65194294466
 20
39056.5557461317
  0
LWPOLYLINE
  5
44B
330
1F
100
AcDbEntity
  8
PDF_형상
370
5
100
AcDbPolyline
 90
2
 70
0
 10
59392.73125476674
 20
42113.97708057182
 10
59392.73125476674
 20
39056.5557461317
  0
LWPOLYLINE
  5
44C
330
1F
100
AcDbEntity
  8
PDF_형상
370
5
100
AcDbPolyline
 90
2
 70
0
 10
59051.29116816427
 20
42113.97708057182
 10
59051.29116816427
 20
39056.5557461317
  0
LWPOLYLINE
  5
44D
330
1F
100
AcDbEntity
  8
PDF_형상
370
5
100
AcDbPolyline
 90
2
 70
0
 10
57856.25894834493
 20
42113.97708057182
 10
57856.25894834493
 20
39056.5557461317
  0
LWPOLYLINE
  5
44E
330
1F
100
AcDbEntity
  8
PDF_형상
370
5
100
AcDbPolyline
 90
2
 70
0
 10
57545.85739992639
 20
42113.97708057182
 10
57545.85739992639
 20
39056.5557461317
  0
LWPOLYLINE
  5
44F
330
1F
100
AcDbEntity
  8
PDF_형상
370
5
100
AcDbPolyline
 90
2
 70
0
 10
57235.46387013099
 20
42113.97708057182
 10
57235.46387013099
 20
39056.5557461317
  0
LWPOLYLINE
  5
450
330
1F
100
AcDbEntity
  8
PDF_형상
370
5
100
AcDbPolyline
 90
2
 70
0
 10
56925.06245104507
 20
42113.97708057182
 10
56925.06245104507
 20
39056.5557461317
  0
LWPOLYLINE
  5
451
330
1F
100
AcDbEntity
  8
PDF_형상
370
5
100
AcDbPolyline
 90
2
 70
0
 10
56614.66879191702
 20
42113.97708057182
 10
56614.66879191702
 20
39056.5557461317
  0
LWPOLYLINE
  5
452
330
1F
100
AcDbEntity
  8
PDF_형상
370
5
100
AcDbPolyline
 90
2
 70
0
 10
56319.786641923114
 20
42113.97708057182
 10
56319.786641923114
 20
39056.5557461317
  0
LWPOLYLINE
  5
453
330
1F
100
AcDbEntity
  8
PDF_형상
370
5
100
AcDbPolyline
 90
3
 70
0
 10
55698.99156370915
 20
42113.97708057182
 10
55698.99156370915
 20
41617.3401644053
 10
55698.99156370915
 20
39056.5557461317
  0
LWPOLYLINE
  5
454
330
1F
100
AcDbEntity
  8
PDF_형상
370
5
100
AcDbPolyline
 90
2
 70
0
 10
55388.59014462323
 20
42113.97708057182
 10
55388.59014462323
 20
39056.5557461317
  0
LWPOLYLINE
  5
455
330
1F
100
AcDbEntity
  8
PDF_형상
370
5
100
AcDbPolyline
 90
2
 70
0
 10
55078.19648549518
 20
42113.97708057182
 10
55078.19648549518
 20
39056.5557461317
  0
LWPOLYLINE
  5
456
330
1F
100
AcDbEntity
  8
PDF_형상
370
5
100
AcDbPolyline
 90
2
 70
0
 10
54767.795066409264
 20
42113.97708057182
 10
54767.795066409264
 20
39056.5557461317
  0
LWPOLYLINE
  5
457
330
1F
100
AcDbEntity
  8
PDF_형상
370
5
100
AcDbPolyline
 90
2
 70
0
 10
54457.39364732335
 20
42113.97708057182
 10
54457.39364732335
 20
39056.5557461317
  0
LWPOLYLINE
  5
458
330
1F
100
AcDbEntity
  8
PDF_형상
370
5
100
AcDbPolyline
 90
2
 70
0
 10
52951.96776837598
 20
39056.5557461317
 10
52951.96776837598
 20
42113.97708057182
  0
LWPOLYLINE
  5
459
330
1F
100
AcDbEntity
  8
PDF_형상
370
5
100
AcDbPolyline
 90
2
 70
0
 10
52641.566349290064
 20
42113.97708057182
 10
52641.566349290064
 20
39056.5557461317
  0
LWPOLYLINE
  5
45A
330
1F
100
AcDbEntity
  8
PDF_형상
370
5
100
AcDbPolyline
 90
2
 70
0
 10
52346.69195925402
 20
42113.97708057182
 10
52346.69195925402
 20
39056.5557461317
  0
LWPOLYLINE
  5
45B
330
1F
100
AcDbEntity
  8
PDF_형상
370
5
100
AcDbPolyline
 90
2
 70
0
 10
52036.290540168106
 20
42113.97708057182
 10
52036.290540168106
 20
39056.5557461317
  0
LWPOLYLINE
  5
45C
330
1F
100
AcDbEntity
  8
PDF_형상
370
5
100
AcDbPolyline
 90
2
 70
0
 10
51725.88899174954
 20
42113.97708057182
 10
51725.88899174954
 20
39056.5557461317
  0
LWPOLYLINE
  5
45D
330
1F
100
AcDbEntity
  8
PDF_형상
370
5
100
AcDbPolyline
 90
2
 70
0
 10
51415.49546195414
 20
42113.97708057182
 10
51415.49546195414
 20
39056.5557461317
  0
LWPOLYLINE
  5
45E
330
1F
100
AcDbEntity
  8
PDF_형상
370
5
100
AcDbPolyline
 90
2
 70
0
 10
51105.09404286822
 20
42113.97708057182
 10
51105.09404286822
 20
39056.5557461317
  0
LWPOLYLINE
  5
45F
330
1F
100
AcDbEntity
  8
PDF_형상
370
5
100
AcDbPolyline
 90
2
 70
0
 10
50794.7003837402
 20
42113.97708057182
 10
50794.7003837402
 20
39056.5557461317
  0
LWPOLYLINE
  5
460
330
1F
100
AcDbEntity
  8
PDF_형상
370
5
100
AcDbPolyline
 90
2
 70
0
 10
50484.298964654285
 20
42113.97708057182
 10
50484.298964654285
 20
39056.5557461317
  0
LWPOLYLINE
  5
461
330
1F
100
AcDbEntity
  8
PDF_형상
370
5
100
AcDbPolyline
 90
2
 70
0
 10
49568.62173644641
 20
42113.97708057182
 10
49568.62173644641
 20
39056.5557461317
  0
LWPOLYLINE
  5
462
330
1F
100
AcDbEntity
  8
PDF_형상
370
5
100
AcDbPolyline
 90
2
 70
0
 10
49879.0231555323
 20
42113.97708057182
 10
49879.0231555323
 20
39056.5557461317
  0
LWPOLYLINE
  5
463
330
1F
100
AcDbEntity
  8
PDF_형상
370
5
100
AcDbPolyline
 90
2
 70
0
 10
50189.42069463931
 20
42113.97708057182
 10
50189.42069463931
 20
39056.5557461317
  0
LWPOLYLINE
  5
464
330
1F
100
AcDbEntity
  8
PDF_형상
370
5
100
AcDbPolyline
 90
2
 70
0
 10
49258.22419733943
 20
42113.97708057182
 10
49258.22419733943
 20
39056.5557461317
  0
LWPOLYLINE
  5
465
330
1F
100
AcDbEntity
  8
PDF_형상
370
5
100
AcDbPolyline
 90
3
 70
0
 10
53852.11783820139
 20
42113.97708057182
 10
49149.58530438399
 20
42113.97708057182
 10
49149.58530438399
 20
39056.5557461317
  0
LWPOLYLINE
  5
466
330
1F
100
AcDbEntity
  8
PDF_형상
370
5
100
AcDbPolyline
 90
3
 70
0
 10
53852.11783820139
 20
42315.73559739073
 10
48854.707034368985
 20
42315.73559739073
 10
48854.707034368985
 20
39056.5557461317
  0
LWPOLYLINE
  5
469
330
1F
100
AcDbEntity
  8
PDF_형상
370
5
100
AcDbPolyline
 90
2
 70
0
 10
56009.38522283717
 20
42113.97708057182
 10
56009.38522283717
 20
39056.5557461317
  0
LWPOLYLINE
  5
46C
330
1F
100
AcDbEntity
  8
PDF_형상
370
5
100
AcDbPolyline
 90
12
 70
0
 10
68301.16354487922
 20
56795.81984225254
 10
68487.40279260614
 20
56795.81984225254
 10
68487.40279260614
 20
56780.296693181626
 10
68502.92206169815
 20
56780.296693181626
 10
68673.6421696657
 20
56811.33911134452
 10
68828.83498991815
 20
56888.939466116
 10
68937.47789218517
 20
57013.09775749606
 10
69015.07423764507
 20
57168.29458706009
 10
69030.60139602759
 20
57339.014565695026
 10
68487.40279260614
 20
57339.014565695026
 10
68487.40279260614
 20
57323.49529660303
 10
68301.16354487922
 20
57323.49529660303
  0
LWPOLYLINE
  5
470
330
1F
100
AcDbEntity
  8
PDF_형상
370
5
100
AcDbPolyline
 90
2
 70
0
 10
68502.92206169815
 20
57307.97602751105
 10
69030.60139602759
 20
57307.97602751105
  0
LWPOLYLINE
  5
474
330
1F
100
AcDbEntity
  8
PDF_형상
370
5
100
AcDbPolyline
 90
11
 70
0
 10
68301.16354487922
 20
50091.2127440518
 10
68487.40279260614
 20
50091.2127440518
 10
69030.60139602759
 20
50091.2127440518
 10
69015.07423764507
 20
50246.41358292741
 10
68937.47789218517
 20
50401.61429247035
 10
68828.83498991815
 20
50525.77245451777
 10
68673.6421696657
 20
50603.372809289234
 10
68502.92206169815
 20
50634.41147680586
 10
68487.40279260614
 20
50634.41147680586
 10
68487.40279260614
 20
50618.89207838123
 10
68301.16354487922
 20
50618.89207838123
  0
LWPOLYLINE
  5
475
330
1F
100
AcDbEntity
  8
PDF_형상
370
5
100
AcDbPolyline
 90
2
 70
0
 10
68502.92206169815
 20
50122.25529154734
 10
69030.60139602759
 20
50122.25529154734
  0
LWPOLYLINE
  5
47D
330
1F
100
AcDbEntity
  8
PDF_형상
370
5
100
AcDbPolyline
 90
22
 70
0
 10
68301.16354487922
 20
38870.31636907216
 10
71700.02095661031
 20
34617.85880550114
 10
71700.02095661031
 20
37814.96158039223
 10
71901.77947342918
 20
37814.96158039223
 10
71901.77947342918
 20
30768.92047422265
 10
71280.98452454786
 20
30768.92047422265
 10
71280.98452454786
 20
30970.67899104156
 10
71498.26231045877
 20
30970.67899104156
 10
71498.26231045877
 20
31172.437637193092
 10
71700.02095661031
 20
31172.437637193092
 10
71700.02095661031
 20
34431.619557774226
 10
68301.16354487922
 20
34431.619557774226
 10
68301.16354487922
 20
30970.67899104156
 10
69403.07213152353
 20
30970.67899104156
 10
69403.07213152353
 20
30768.92047422265
 10
68099.4048987277
 20
30768.92047422265
 10
68099.4048987277
 20
38761.67747611671
 10
67820.04201782575
 20
38761.67747611671
 10
67820.04201782575
 20
39056.5557461317
 10
72615.69818481819
 20
39056.5557461317
 10
72615.69818481819
 20
38870.31636907216
 10
71901.77947342918
 20
38870.31636907216
  0
LWPOLYLINE
  5
47E
330
1F
100
AcDbEntity
  8
PDF_형상
370
5
100
AcDbPolyline
 90
2
 70
0
 10
68301.16354487922
 20
34617.85880550114
 10
71544.82024706736
 20
38668.55785225325
  0
LWPOLYLINE
  5
47F
330
1F
100
AcDbEntity
  8
PDF_형상
370
5
100
AcDbPolyline
 90
10
 70
0
 10
77038.87572702415
 20
39009.993929544195
 10
77038.87572702415
 20
39553.1925329656
 10
77023.35645793217
 20
39553.1925329656
 10
77023.35645793217
 20
38963.43599293561
 10
77566.55506135359
 20
38963.43599293561
 10
77566.55506135359
 20
39009.993929544195
 10
77519.9893647871
 20
39211.75244636309
 10
77411.35435181063
 20
39382.47255433066
 10
77240.63437317566
 20
39506.630716378095
 10
77038.87572702415
 20
39553.1925329656
  0
LWPOLYLINE
  5
480
330
1F
100
AcDbEntity
  8
PDF_형상
370
5
100
AcDbPolyline
 90
2
 70
0
 10
54597.07508777433
 20
42315.73559739073
 10
54597.07508777433
 20
42207.096704435295
  0
LWPOLYLINE
  5
481
330
1F
100
AcDbEntity
  8
PDF_형상
370
5
100
AcDbPolyline
 90
2
 70
0
 10
58151.13320904835
 20
42315.73559739073
 10
58151.13320904835
 20
42207.096704435295
  0
LWPOLYLINE
  5
482
330
1F
100
AcDbEntity
  8
PDF_형상
370
5
100
AcDbPolyline
 90
2
 70
0
 10
62310.47502873487
 20
42315.73559739073
 10
62310.47502873487
 20
42207.096704435295
  0
LWPOLYLINE
  5
483
330
1F
100
AcDbEntity
  8
PDF_형상
370
5
100
AcDbPolyline
 90
2
 70
0
 10
58740.88974907833
 20
42315.73559739073
 10
58740.88974907833
 20
42207.096704435295
  0
LWPOLYLINE
  5
484
330
1F
100
AcDbEntity
  8
PDF_형상
370
5
100
AcDbPolyline
 90
2
 70
0
 10
58709.85108156175
 20
42315.73559739073
 10
62357.03296534343
 20
42315.73559739073
  0
LWPOLYLINE
  5
485
330
1F
100
AcDbEntity
  8
PDF_형상
370
5
100
AcDbPolyline
 90
2
 70
0
 10
58709.85108156175
 20
42207.096704435295
 10
62357.03296534343
 20
42207.096704435295
  0
LWPOLYLINE
  5
486
330
1F
100
AcDbEntity
  8
PDF_형상
370
5
100
AcDbPolyline
 90
2
 70
0
 10
58709.85108156175
 20
42408.855221254205
 10
62357.03296534343
 20
42408.855221254205
  0
LWPOLYLINE
  5
487
330
1F
100
AcDbEntity
  8
PDF_형상
370
5
100
AcDbPolyline
 90
2
 70
0
 10
54550.51715116574
 20
42408.855221254205
 10
58197.69903494742
 20
42408.855221254205
  0
LWPOLYLINE
  5
489
330
1F
100
AcDbEntity
  8
PDF_형상
370
5
100
AcDbPolyline
 90
2
 70
0
 10
64824.70176906513
 20
42238.13925193082
 10
64824.70176906513
 20
42113.97708057182
  0
LWPOLYLINE
  5
48A
330
1F
100
AcDbEntity
  8
PDF_형상
370
5
100
AcDbPolyline
 90
2
 70
0
 10
63101.99008558372
 20
42113.97708057182
 10
63101.99008558372
 20
42238.13925193082
  0
LWPOLYLINE
  5
48B
330
1F
100
AcDbEntity
  8
PDF_형상
370
5
100
AcDbPolyline
 90
2
 70
0
 10
63101.99008558372
 20
42176.05816625132
 10
64824.70176906513
 20
42176.05816625132
  0
LWPOLYLINE
  5
48C
330
1F
100
AcDbEntity
  8
PDF_형상
370
5
100
AcDbPolyline
 90
19
 70
1
 10
67804.52274873377
 20
43697.011074248534
 10
67525.1677571223
 20
43665.96865608564
 10
67245.80474688775
 20
43588.36830131416
 10
66997.48842279289
 20
43448.69074084215
 10
66764.69123845738
 20
43262.451493115215
 10
66593.97113048982
 20
43045.17357787169
 10
66454.28969003887
 20
42796.85311513265
 10
66361.17407548694
 20
42517.49424354226
 10
66345.65480639499
 20
42238.13925193082
 10
66314.61613887838
 20
42517.49424354226
 10
66221.49263503599
 20
42796.85311513265
 10
66097.33046367699
 20
43045.17357787169
 10
65911.09108661745
 20
43262.451493115215
 10
65693.8131713739
 20
43448.69074084215
 10
65429.977448854464
 20
43588.36830131416
 10
65166.14172633503
 20
43665.96865608564
 10
64871.259576341065
 20
43697.011074248534
 10
64871.259576341065
 20
42238.13925193082
 10
67804.52274873377
 20
42238.13925193082
  0
LWPOLYLINE
  5
48D
330
1F
100
AcDbEntity
  8
PDF_형상
370
5
100
AcDbPolyline
 90
2
 70
0
 10
64902.29811452502
 20
42238.13925193082
 10
64902.29811452502
 20
43697.011074248534
  0
LWPOLYLINE
  5
490
330
1F
100
AcDbEntity
  8
PDF_형상
370
5
100
AcDbPolyline
 90
2
 70
0
 10
67773.48421054978
 20
42238.13925193082
 10
67773.48421054978
 20
43697.011074248534
  0
LWPOLYLINE
  5
492
330
1F
100
AcDbEntity
  8
PDF_형상
370
5
100
AcDbPolyline
 90
2
 70
0
 10
64871.259576341065
 20
42191.5774353433
 10
67804.52274873377
 20
42191.5774353433
  0
LWPOLYLINE
  5
493
330
1F
100
AcDbEntity
  8
PDF_형상
370
5
100
AcDbPolyline
 90
3
 70
1
 10
64048.7059813082
 20
20370.57575428638
 10
56599.14163353456
 20
19516.98155174747
 10
64048.7059813082
 20
19516.98155174747
  0
LWPOLYLINE
  5
494
330
1F
100
AcDbEntity
  8
PDF_형상
370
5
100
AcDbPolyline
 90
4
 70
0
 10
56304.267372831106
 20
20370.57575428638
 10
56304.267372831106
 20
19222.101341743015
 10
72103.53811958076
 20
19222.101341743015
 10
72103.53811958076
 20
20370.57575428638
  0
LWPOLYLINE
  5
496
330
1F
100
AcDbEntity
  8
PDF_형상
370
5
100
AcDbPolyline
 90
4
 70
1
 10
71793.14458978533
 20
20370.57575428638
 10
71793.14458978533
 20
19516.98155174747
 10
64343.58024201165
 20
20370.57575428638
 10
64343.58024201165
 20
19516.98155174747
  0
LWPOLYLINE
  5
498
330
1F
100
AcDbEntity
  8
PDF_형상
370
5
100
AcDbPolyline
 90
3
 70
0
 10
56599.14163353456
 20
19516.98155174747
 10
56599.14163353456
 20
20370.57575428638
 10
64048.7059813082
 20
19516.98155174747
  0
LWPOLYLINE
  5
49C
330
1F
100
AcDbEntity
  8
PDF_형상
370
5
100
AcDbPolyline
 90
4
 70
1
 10
94033.17882292574
 20
19516.98155174747
 10
86599.1416335345
 20
20370.57575428638
 10
86599.1416335345
 20
19516.98155174747
 10
94033.17882292574
 20
20370.57575428638
  0
LWPOLYLINE
  5
4A0
330
1F
100
AcDbEntity
  8
PDF_형상
370
5
100
AcDbPolyline
 90
4
 70
1
 10
109227.18164984389
 20
20370.57575428638
 10
109227.18164984389
 20
19516.98155174747
 10
101839.70239706126
 20
20370.57575428638
 10
101839.70239706126
 20
19516.98155174747
  0
LWPOLYLINE
  5
4A3
330
1F
100
AcDbEntity
  8
PDF_형상
370
5
100
AcDbPolyline
 90
6
 70
0
 10
94343.5802420116
 20
19516.98155174747
 10
94343.5802420116
 20
20370.57575428638
 10
101529.30097797532
 20
19516.98155174747
 10
94343.5802420116
 20
19516.98155174747
 10
101529.30097797532
 20
20370.57575428638
 10
101529.30097797532
 20
19516.98155174747
  0
LWPOLYLINE
  5
4A5
330
1F
100
AcDbEntity
  8
PDF_형상
370
5
100
AcDbPolyline
 90
4
 70
1
 10
102088.01885048869
 20
20572.33427110529
 10
105129.92479581582
 20
20572.33427110529
 10
105129.92479581582
 20
20463.695378149852
 10
102088.01885048869
 20
20463.695378149852
  0
LWPOLYLINE
  5
4A7
330
1F
100
AcDbEntity
  8
PDF_형상
370
5
100
AcDbPolyline
 90
2
 70
0
 10
102134.57665776466
 20
20463.695378149852
 10
102134.57665776466
 20
20572.33427110529
  0
LWPOLYLINE
  5
4A8
330
1F
100
AcDbEntity
  8
PDF_형상
370
5
100
AcDbPolyline
 90
2
 70
0
 10
105083.35909924934
 20
20572.33427110529
 10
105083.35909924934
 20
20463.695378149852
  0
LWPOLYLINE
  5
4A9
330
1F
100
AcDbEntity
  8
PDF_형상
370
5
100
AcDbPolyline
 90
2
 70
0
 10
105129.92479581582
 20
20370.57575428638
 10
102088.01885048869
 20
20370.57575428638
  0
LWPOLYLINE
  5
4AA
330
1F
100
AcDbEntity
  8
PDF_형상
370
5
100
AcDbPolyline
 90
2
 70
0
 10
97633.80264076624
 20
20370.57575428638
 10
94591.8966954391
 20
20370.57575428638
  0
LWPOLYLINE
  5
4AB
330
1F
100
AcDbEntity
  8
PDF_형상
370
5
100
AcDbPolyline
 90
2
 70
0
 10
97587.24483349024
 20
20572.33427110529
 10
97587.24483349024
 20
20463.695378149852
  0
LWPOLYLINE
  5
4AC
330
1F
100
AcDbEntity
  8
PDF_형상
370
5
100
AcDbPolyline
 90
2
 70
0
 10
94638.46239200559
 20
20463.695378149852
 10
94638.46239200559
 20
20572.33427110529
  0
LWPOLYLINE
  5
4AD
330
1F
100
AcDbEntity
  8
PDF_형상
370
5
100
AcDbPolyline
 90
4
 70
1
 10
98239.07844988814
 20
20572.33427110529
 10
101280.98452454786
 20
20572.33427110529
 10
101280.98452454786
 20
20463.695378149852
 10
98239.07844988814
 20
20463.695378149852
  0
LWPOLYLINE
  5
4AE
330
1F
100
AcDbEntity
  8
PDF_형상
370
5
100
AcDbPolyline
 90
2
 70
0
 10
98285.63625716411
 20
20463.695378149852
 10
98285.63625716411
 20
20572.33427110529
  0
LWPOLYLINE
  5
4AF
330
1F
100
AcDbEntity
  8
PDF_형상
370
5
100
AcDbPolyline
 90
2
 70
0
 10
101234.42658793925
 20
20572.33427110529
 10
101234.42658793925
 20
20463.695378149852
  0
LWPOLYLINE
  5
4B0
330
1F
100
AcDbEntity
  8
PDF_형상
370
5
100
AcDbPolyline
 90
2
 70
0
 10
101280.98452454786
 20
20370.57575428638
 10
98239.07844988814
 20
20370.57575428638
  0
LWPOLYLINE
  5
4B1
330
1F
100
AcDbEntity
  8
PDF_형상
370
5
100
AcDbPolyline
 90
2
 70
0
 10
87142.34023695589
 20
20463.695378149852
 10
87142.34023695589
 20
20572.33427110529
  0
LWPOLYLINE
  5
4B2
330
1F
100
AcDbEntity
  8
PDF_형상
370
5
100
AcDbPolyline
 90
2
 70
0
 10
90091.12267844057
 20
20572.33427110529
 10
90091.12267844057
 20
20463.695378149852
  0
LWPOLYLINE
  5
4B3
330
1F
100
AcDbEntity
  8
PDF_형상
370
5
100
AcDbPolyline
 90
2
 70
0
 10
90137.68048571654
 20
20370.57575428638
 10
87095.78242968001
 20
20370.57575428638
  0
LWPOLYLINE
  5
4B4
330
1F
100
AcDbEntity
  8
PDF_형상
370
5
100
AcDbPolyline
 90
2
 70
0
 10
93738.30443288966
 20
20572.33427110529
 10
93738.30443288966
 20
20463.695378149852
  0
LWPOLYLINE
  5
4B5
330
1F
100
AcDbEntity
  8
PDF_형상
370
5
100
AcDbPolyline
 90
2
 70
0
 10
90789.52212073763
 20
20463.695378149852
 10
90789.52212073763
 20
20572.33427110529
  0
LWPOLYLINE
  5
4B6
330
1F
100
AcDbEntity
  8
PDF_형상
370
5
100
AcDbPolyline
 90
4
 70
1
 10
90742.95629483856
 20
20572.33427110529
 10
93784.86236949822
 20
20572.33427110529
 10
93784.86236949822
 20
20463.695378149852
 10
90742.95629483856
 20
20463.695378149852
  0
LWPOLYLINE
  5
4B7
330
1F
100
AcDbEntity
  8
PDF_형상
370
5
100
AcDbPolyline
 90
2
 70
0
 10
60106.649836823126
 20
20572.33427110529
 10
60106.649836823126
 20
20463.695378149852
  0
LWPOLYLINE
  5
4B8
330
1F
100
AcDbEntity
  8
PDF_형상
370
5
100
AcDbPolyline
 90
2
 70
0
 10
57142.34023695595
 20
20463.695378149852
 10
57142.34023695595
 20
20572.33427110529
  0
LWPOLYLINE
  5
4B9
330
1F
100
AcDbEntity
  8
PDF_형상
370
5
100
AcDbPolyline
 90
4
 70
1
 10
57111.30169877199
 20
20572.33427110529
 10
60153.207773431684
 20
20572.33427110529
 10
60153.207773431684
 20
20463.695378149852
 10
57111.30169877199
 20
20463.695378149852
  0
LWPOLYLINE
  5
4BA
330
1F
100
AcDbEntity
  8
PDF_형상
370
5
100
AcDbPolyline
 90
2
 70
0
 10
60805.04138982958
 20
20463.695378149852
 10
60805.04138982958
 20
20572.33427110529
  0
LWPOLYLINE
  5
4BB
330
1F
100
AcDbEntity
  8
PDF_형상
370
5
100
AcDbPolyline
 90
2
 70
0
 10
63753.82370198167
 20
20572.33427110529
 10
63753.82370198167
 20
20463.695378149852
  0
LWPOLYLINE
  5
4BC
330
1F
100
AcDbEntity
  8
PDF_형상
370
5
100
AcDbPolyline
 90
2
 70
0
 10
63800.38952788075
 20
20370.57575428638
 10
60758.48345322102
 20
20370.57575428638
  0
LWPOLYLINE
  5
4BD
330
1F
100
AcDbEntity
  8
PDF_형상
370
5
100
AcDbPolyline
 90
2
 70
0
 10
60153.207773431684
 20
20370.57575428638
 10
57111.30169877199
 20
20370.57575428638
  0
LWPOLYLINE
  5
4BE
330
1F
100
AcDbEntity
  8
PDF_형상
370
5
100
AcDbPolyline
 90
2
 70
0
 10
71296.50379363987
 20
20370.57575428638
 10
64607.42385382163
 20
20370.57575428638
  0
LWPOLYLINE
  5
4BF
330
1F
100
AcDbEntity
  8
PDF_형상
370
5
100
AcDbPolyline
 90
2
 70
0
 10
67602.76410258222
 20
20572.33427110529
 10
67602.76410258222
 20
20463.695378149852
  0
LWPOLYLINE
  5
4C0
330
1F
100
AcDbEntity
  8
PDF_형상
370
5
100
AcDbPolyline
 90
2
 70
0
 10
64653.98166109757
 20
20463.695378149852
 10
64653.98166109757
 20
20572.33427110529
  0
LWPOLYLINE
  5
4C1
330
1F
100
AcDbEntity
  8
PDF_형상
370
5
100
AcDbPolyline
 90
4
 70
1
 10
64607.42385382163
 20
20572.33427110529
 10
64607.42385382163
 20
20463.695378149852
 10
67649.32203919081
 20
20463.695378149852
 10
67649.32203919081
 20
20572.33427110529
  0
LWPOLYLINE
  5
4C2
330
1F
100
AcDbEntity
  8
PDF_형상
370
5
100
AcDbPolyline
 90
2
 70
0
 10
71249.94585703126
 20
20572.33427110529
 10
71249.94585703126
 20
20463.695378149852
  0
LWPOLYLINE
  5
4C3
330
1F
100
AcDbEntity
  8
PDF_형상
370
5
100
AcDbPolyline
 90
2
 70
0
 10
68301.16354487922
 20
20463.695378149852
 10
68301.16354487922
 20
20572.33427110529
  0
LWPOLYLINE
  5
4C4
330
1F
100
AcDbEntity
  8
PDF_형상
370
5
100
AcDbPolyline
 90
4
 70
1
 10
68254.60560827066
 20
20572.33427110529
 10
68254.60560827066
 20
20463.695378149852
 10
71296.50379363987
 20
20463.695378149852
 10
71296.50379363987
 20
20572.33427110529
  0
LWPOLYLINE
  5
4C6
330
1F
100
AcDbEntity
  8
PDF_형상
370
5
100
AcDbPolyline
 90
5
 70
0
 10
58709.85108156175
 20
42113.97708057182
 10
62357.03296534343
 20
42113.97708057182
 10
62357.03296534343
 20
47018.2721405197
 10
62558.79148216233
 20
47018.2721405197
 10
62558.79148216233
 20
42812.37251355727
  0
LWPOLYLINE
  5
4C7
330
1F
100
AcDbEntity
  8
PDF_형상
370
5
100
AcDbPolyline
 90
2
 70
0
 10
54550.51715116574
 20
42113.97708057182
 10
58197.69903494742
 20
42113.97708057182
  0
LWPOLYLINE
  5
4C8
330
1F
100
AcDbEntity
  8
PDF_형상
370
5
100
AcDbPolyline
 90
2
 70
0
 10
106883.67501748119
 20
20572.33427110529
 10
106883.67501748119
 20
20463.695378149852
  0
LWPOLYLINE
  5
4C9
330
1F
100
AcDbEntity
  8
PDF_형상
370
5
100
AcDbPolyline
 90
2
 70
0
 10
105781.75841221375
 20
20572.33427110529
 10
105781.75841221375
 20
20463.695378149852
  0
LWPOLYLINE
  5
4CA
330
1F
100
AcDbEntity
  8
PDF_형상
370
5
100
AcDbPolyline
 90
2
 70
0
 10
62450.15646918582
 20
58999.645034164285
 10
62357.03296534343
 20
58999.645034164285
  0
LWPOLYLINE
  5
4CE
330
1F
100
AcDbEntity
  8
PDF_형상
370
5
100
AcDbPolyline
 90
2
 70
0
 10
62450.15646918582
 20
60117.080908523705
 10
62357.03296534343
 20
60117.080908523705
  0
LWPOLYLINE
  5
4D0
330
1F
100
AcDbEntity
  8
PDF_형상
370
5
100
AcDbPolyline
 90
2
 70
0
 10
67804.52274873377
 20
61203.474235387584
 10
65104.05676067657
 20
61203.474235387584
  0
LWPOLYLINE
  5
4D2
330
1F
100
AcDbEntity
  8
PDF_형상
370
5
100
AcDbPolyline
 90
4
 70
1
 10
80298.05958759469
 20
87804.61281434496
 10
76495.67712360276
 20
87494.21139525902
 10
80298.05958759469
 20
87494.21139525902
 10
76495.67712360276
 20
87804.61281434496
  0
LWPOLYLINE
  5
4D4
330
1F
100
AcDbEntity
  8
PDF_형상
370
5
100
AcDbPolyline
 90
4
 70
1
 10
75890.40131448077
 20
87804.61281434496
 10
71793.14458978533
 20
87494.21139525902
 10
75890.40131448077
 20
87494.21139525902
 10
71793.14458978533
 20
87804.61281434496
  0
LWPOLYLINE
  5
4D6
330
1F
100
AcDbEntity
  8
PDF_형상
370
5
100
AcDbPolyline
 90
2
 70
0
 10
68192.52064261223
 20
88797.88651734535
 10
67447.5633930393
 20
87804.61281434496
  0
LWPOLYLINE
  5
4D7
330
1F
100
AcDbEntity
  8
PDF_형상
370
5
100
AcDbPolyline
 90
12
 70
0
 10
63055.43227830778
 20
87804.61281434496
 10
47302.715458855164
 20
87804.61281434496
 10
47302.715458855164
 20
92693.38472522187
 10
67152.68913233584
 20
92693.38472522187
 10
67152.68913233584
 20
87307.97201819948
 10
68394.27915943113
 20
87307.97201819948
 10
68394.27915943113
 20
88797.88651734535
 10
68192.52064261223
 20
88797.88651734535
 10
68192.52064261223
 20
87804.61281434496
 10
67447.5633930393
 20
88797.88651734535
 10
80794.69249444972
 20
88797.88651734535
 10
80794.69249444972
 20
87804.61281434496
  0
LWPOLYLINE
  5
4D8
330
1F
100
AcDbEntity
  8
PDF_형상
370
5
100
AcDbPolyline
 90
3
 70
0
 10
67447.5633930393
 20
89092.7607780488
 10
81089.57477377627
 20
89092.7607780488
 10
81089.57477377627
 20
87804.61281434496
  0
LWPOLYLINE
  5
4DB
330
1F
100
AcDbEntity
  8
PDF_형상
370
5
100
AcDbPolyline
 90
10
 70
0
 10
50049.73925418833
 20
94276.41483891965
 10
50049.73925418833
 20
93003.77825501724
 10
67447.5633930393
 20
93003.77825501724
 10
67447.5633930393
 20
87804.61281434496
 10
68378.75989033915
 20
87804.61281434496
 10
71001.62953293645
 20
87804.61281434496
 10
68394.27915943113
 20
87307.97201819948
 10
71001.62953293645
 20
87307.97201819948
 10
68394.27915943113
 20
87804.61281434496
 10
80794.69249444972
 20
88797.88651734535
  0
LWPOLYLINE
  5
4DC
330
1F
100
AcDbEntity
  8
PDF_형상
370
5
100
AcDbPolyline
 90
2
 70
0
 10
68394.27915943113
 20
88797.88651734535
 10
80748.13468717375
 20
87804.61281434496
  0
LWPOLYLINE
  5
4DD
330
1F
100
AcDbEntity
  8
PDF_형상
370
5
100
AcDbPolyline
 90
2
 70
0
 10
45052.328450355926
 20
87804.61281434496
 10
47100.95681270362
 20
92693.38472522187
  0
LWPOLYLINE
  5
4DE
330
1F
100
AcDbEntity
  8
PDF_형상
370
5
100
AcDbPolyline
 90
2
 70
0
 10
45052.328450355926
 20
92693.38472522187
 10
47100.95681270362
 20
87804.61281434496
  0
LWPOLYLINE
  5
4DF
330
1F
100
AcDbEntity
  8
PDF_형상
370
5
100
AcDbPolyline
 90
4
 70
1
 10
49351.343821202885
 20
71198.29985236394
 10
49351.343821202885
 20
69056.55173682014
 10
48854.707034368985
 20
71198.29985236394
 10
48854.707034368985
 20
69056.55173682014
  0
LWPOLYLINE
  5
4E0
330
1F
100
AcDbEntity
  8
PDF_형상
370
5
100
AcDbPolyline
 90
4
 70
1
 10
49351.343821202885
 20
68358.15242385576
 10
48854.707034368985
 20
66200.88503921998
 10
48854.707034368985
 20
68358.15242385576
 10
49351.343821202885
 20
66200.88503921998
  0
LWPOLYLINE
  5
4E3
330
1F
100
AcDbEntity
  8
PDF_형상
370
5
100
AcDbPolyline
 90
4
 70
1
 10
49351.343821202885
 20
56206.06343155518
 10
49351.343821202885
 20
54064.31143603245
 10
48854.707034368985
 20
56206.06343155518
 10
48854.707034368985
 20
54064.31143603245
  0
LWPOLYLINE
  5
4E4
330
1F
100
AcDbEntity
  8
PDF_형상
370
5
100
AcDbPolyline
 90
4
 70
1
 10
49351.343821202885
 20
53365.91600304703
 10
48854.707034368985
 20
51208.64861841122
 10
48854.707034368985
 20
53365.91600304703
 10
49351.343821202885
 20
51208.64861841122
  0
LWPOLYLINE
  5
4E7
330
1F
100
AcDbEntity
  8
PDF_형상
370
5
100
AcDbPolyline
 90
2
 70
0
 10
66795.72977664134
 20
29620.44606167927
 10
65600.69755682202
 20
29620.44606167927
  0
LWPOLYLINE
  5
4E8
330
1F
100
AcDbEntity
  8
PDF_형상
370
5
100
AcDbPolyline
 90
5
 70
0
 10
66128.37689115146
 20
29341.08706075626
 10
66190.45396751941
 20
29480.766561217773
 10
66205.97323661139
 20
29620.44606167927
 10
66221.49263503599
 20
29480.766561217773
 10
66268.05044231193
 20
29341.08706075626
  0
LWPOLYLINE
  5
4EA
330
1F
100
AcDbEntity
  8
PDF_형상
370
5
100
AcDbPolyline
 90
2
 70
0
 10
66795.72977664134
 20
29651.486539852696
 10
65600.69755682202
 20
29651.486539852696
  0
LWPOLYLINE
  5
4EC
330
1F
100
AcDbEntity
  8
PDF_형상
370
5
100
AcDbPolyline
 90
2
 70
0
 10
84115.95356072082
 20
30613.719764679707
 10
84115.95356072082
 20
30023.963224649713
  0
LWPOLYLINE
  5
4ED
330
1F
100
AcDbEntity
  8
PDF_형상
370
5
100
AcDbPolyline
 90
2
 70
0
 10
85698.9836744186
 20
29651.486539852696
 10
86288.74021444864
 20
29651.486539852696
  0
LWPOLYLINE
  5
4EE
330
1F
100
AcDbEntity
  8
PDF_형상
370
5
100
AcDbPolyline
 90
4
 70
0
 10
86288.74021444864
 20
29620.44606167927
 10
85698.9836744186
 20
29620.44606167927
 10
85714.51083280116
 20
29480.766561217773
 10
85761.06876940966
 20
29341.08706075626
  0
LWPOLYLINE
  5
4F4
330
1F
100
AcDbEntity
  8
PDF_형상
370
5
100
AcDbPolyline
 90
2
 70
0
 10
67152.68913233584
 20
87307.97201819948
 10
63055.43227830778
 20
87307.97201819948
  0
LWPOLYLINE
  5
4F6
330
1F
100
AcDbEntity
  8
PDF_형상
370
5
100
AcDbPolyline
 90
10
 70
0
 10
71917.29887185381
 20
38358.16031314628
 10
72460.49747527523
 20
38358.16031314628
 10
72460.49747527523
 20
38389.19885133024
 10
71886.26020433723
 20
38389.19885133024
 10
71886.26020433723
 20
37846.000247908836
 10
71917.29887185381
 20
37846.000247908836
 10
72119.0573886727
 20
37892.56206449634
 10
72289.77736730764
 20
38001.20095745178
 10
72413.93953866661
 20
38171.92093608672
 10
72460.49747527523
 20
38358.16031314628
  0
LWPOLYLINE
  5
500
330
1F
100
AcDbEntity
  8
PDF_형상
370
5
100
AcDbPolyline
 90
4
 70
0
 10
63055.43227830778
 20
87292.45274910747
 10
67059.56549916083
 20
87804.61281434496
 10
63055.43227830778
 20
92693.38472522187
 10
47302.715458855164
 20
87804.61281434496
  0
LWPOLYLINE
  5
503
330
1F
100
AcDbEntity
  8
PDF_형상
370
5
100
AcDbPolyline
 90
2
 70
0
 10
105129.92479581582
 20
20665.45389496875
 10
102088.01885048869
 20
20665.45389496875
  0
LWPOLYLINE
  5
504
330
1F
100
AcDbEntity
  8
PDF_형상
370
5
100
AcDbPolyline
 90
3
 70
0
 10
47302.715458855164
 20
92693.38472522187
 10
63055.43227830778
 20
87804.61281434496
 10
67059.56549916083
 20
92693.38472522187
  0
LWPOLYLINE
  5
507
330
1F
100
AcDbEntity
  8
PDF_형상
370
5
100
AcDbPolyline
 90
2
 70
0
 10
48854.707034368985
 20
71198.29985236394
 10
49351.343821202885
 20
71198.29985236394
  0
LWPOLYLINE
  5
508
330
1F
100
AcDbEntity
  8
PDF_형상
370
5
100
AcDbPolyline
 90
10
 70
0
 10
83495.15848250689
 20
32165.71328018298
 10
83557.23568820748
 20
31963.952694041982
 10
83681.39785956648
 20
31808.753924488505
 10
83852.11783820136
 20
31684.59369311897
 10
84053.87635502026
 20
31638.033945853553
 10
84084.9150225368
 20
31638.033945853553
 10
84084.9150225368
 20
32196.751818366938
 10
83495.15848250689
 20
32196.751818366938
 10
83495.15848250689
 20
32165.71328018298
 10
84053.87635502026
 20
32165.71328018298
  0
LWPOLYLINE
  5
509
330
1F
100
AcDbEntity
  8
PDF_형상
370
5
100
AcDbPolyline
 90
10
 70
0
 10
67152.68913233584
 20
32165.71328018298
 10
67695.88773575726
 20
32165.71328018298
 10
67695.88773575726
 20
32196.751818366938
 10
67106.13119572728
 20
32196.751818366938
 10
67106.13119572728
 20
31638.033945853553
 10
67152.68913233584
 20
31638.033945853553
 10
67338.92838006279
 20
31684.59369311897
 10
67509.64848803035
 20
31808.753924488505
 10
67633.80264076618
 20
31963.952694041982
 10
67695.88773575726
 20
32165.71328018298
  0
LWPOLYLINE
  5
50A
330
1F
100
AcDbEntity
  8
PDF_형상
370
5
100
AcDbPolyline
 90
12
 70
0
 10
68037.31993306927
 20
31839.794402661915
 10
67804.52274873377
 20
31793.23465539651
 10
67602.76410258222
 20
31684.59369311897
 10
67416.5248548553
 20
31544.91626197956
 10
67276.84341440436
 20
31358.67688492001
 10
67183.72767051983
 20
31141.397029687017
 10
67152.68913233584
 20
30908.59790536206
 10
67152.68913233584
 20
30877.559367178103
 10
68068.36636054375
 20
30877.559367178103
 10
68068.36636054375
 20
31839.794402661915
 10
68037.31993306927
 20
31839.794402661915
 10
68037.31993306927
 20
30908.59790536206
  0
LWPOLYLINE
  5
50B
330
1F
100
AcDbEntity
  8
PDF_형상
370
5
100
AcDbPolyline
 90
10
 70
0
 10
60556.7249364021
 20
29046.208790741257
 10
60758.48345322102
 20
29108.28793643129
 10
60929.20356118858
 20
29232.448167800823
 10
61053.357843257065
 20
29403.166206446294
 10
61099.92353982355
 20
29604.926792587292
 10
61162.000616191464
 20
29341.08706075626
 10
61270.643518458484
 20
29108.28793643129
 10
61456.875006227536
 20
28922.048688704373
 10
61689.680079853555
 20
28782.371128232342
 10
61937.99640394836
 20
28720.290042552842
  0
LWPOLYLINE
  5
50D
330
1F
100
AcDbEntity
  8
PDF_형상
370
5
100
AcDbPolyline
 90
10
 70
0
 10
106371.5149522437
 20
36992.40410538045
 10
106309.43787587578
 20
37240.72443878686
 10
106169.75630609218
 20
37473.52162312237
 10
105983.51705836524
 20
37644.241601757305
 10
105750.71987402976
 20
37768.39989313734
 10
105502.4034206023
 20
37814.96158039223
 10
105704.16206675376
 20
37877.04266607171
 10
105874.87415609827
 20
38001.20095745178
 10
105983.51705836524
 20
38171.92093608672
 10
106045.59413473318
 20
38373.67958223826
  0
LWPOLYLINE
  5
510
330
1F
100
AcDbEntity
  8
PDF_형상
370
5
100
AcDbPolyline
 90
2
 70
0
 10
105362.7219801513
 20
33966.021309124284
 10
105517.92268969429
 20
33966.021309124284
  0
LWPOLYLINE
  5
511
330
1F
100
AcDbEntity
  8
PDF_형상
370
5
100
AcDbPolyline
 90
2
 70
0
 10
105362.7219801513
 20
34462.658095958184
 10
105517.92268969429
 20
34462.658095958184
  0
LWPOLYLINE
  5
512
330
1F
100
AcDbEntity
  8
PDF_형상
370
5
100
AcDbPolyline
 90
2
 70
0
 10
105440.31845494382
 20
34462.658095958184
 10
105440.31845494382
 20
33966.021309124284
  0
LWPOLYLINE
  5
513
330
1F
100
AcDbEntity
  8
PDF_형상
370
5
100
AcDbPolyline
 90
6
 70
0
 10
62000.073609648956
 20
29713.56568554273
 10
63800.38952788075
 20
29713.56568554273
 10
63800.38952788075
 20
29247.967436892803
 10
63909.02454085722
 20
29247.967436892803
 10
63909.02454085722
 20
29620.44606167927
 10
62000.073609648956
 20
29620.44606167927
  0
LWPOLYLINE
  5
514
330
1F
100
AcDbEntity
  8
PDF_형상
370
5
100
AcDbPolyline
 90
2
 70
0
 10
83324.43850387189
 20
27261.41809090248
 10
76588.79286748722
 20
27261.41809090248
  0
LWPOLYLINE
  5
515
330
1F
100
AcDbEntity
  8
PDF_형상
370
5
100
AcDbPolyline
 90
8
 70
0
 10
71296.50379363987
 20
27370.057113190538
 10
71296.50379363987
 20
26966.539950220125
 10
70504.98873679097
 20
26966.539950220125
 10
70504.98873679097
 20
26935.501282703517
 10
72196.66175275574
 20
26935.501282703517
 10
72196.66175275574
 20
26966.539950220125
 10
71405.14669590686
 20
26966.539950220125
 10
71405.14669590686
 20
27370.057113190538
  0
LWPOLYLINE
  5
516
330
1F
100
AcDbEntity
  8
PDF_형상
370
5
100
AcDbPolyline
 90
18
 70
0
 10
64778.14383245654
 20
27789.09548524244
 10
64778.14383245654
 20
27742.53573797702
 10
62931.27010694878
 20
27742.53573797702
 10
62931.27010694878
 20
27789.09548524244
 10
64778.14383245654
 20
27789.09548524244
 10
64700.539597706156
 20
28052.93521707347
 10
64560.85815725515
 20
28285.732401408975
 10
64359.09951110363
 20
28471.971649135892
 10
64126.30232676816
 20
28596.13188050541
 10
63846.947335156714
 20
28642.69162777083
 10
64064.22525040021
 20
28704.770773460863
 10
64250.46449812713
 20
28828.93100483038
 10
64390.145938578105
 20
28999.649043475853
 10
64452.22314427867
 20
29216.92889870883
 10
63257.1909244593
 20
29216.92889870883
 10
63257.1909244593
 20
29247.967436892803
 10
64452.22314427867
 20
29247.967436892803
 10
64452.22314427867
 20
29216.92889870883
  0
ARC
  5
51B
330
1F
100
AcDbEntity
  8
PDF_형상
370
5
100
AcDbCircle
 10
71350.82524477351
 20
26912.499462632702
 30
0.0
 40
846.1492078603383
100
AcDbArc
 50
178.4422728639803
 51
1.557727136020243
  0
LWPOLYLINE
  5
51C
330
1F
100
AcDbEntity
  8
PDF_형상
370
5
100
AcDbPolyline
 90
2
 70
0
 10
105362.7219801513
 20
38404.71812042222
 10
105517.92268969429
 20
38404.71812042222
  0
LWPOLYLINE
  5
51F
330
1F
100
AcDbEntity
  8
PDF_형상
370
5
100
AcDbPolyline
 90
2
 70
0
 10
64343.58024201165
 20
19516.98155174747
 10
71793.14458978533
 20
19516.98155174747
  0
LWPOLYLINE
  5
523
330
1F
100
AcDbEntity
  8
PDF_형상
370
5
100
AcDbPolyline
 90
2
 70
0
 10
86599.1416335345
 20
19516.98155174747
 10
94033.17882292574
 20
19516.98155174747
  0
LWPOLYLINE
  5
526
330
1F
100
AcDbEntity
  8
PDF_형상
370
5
100
AcDbPolyline
 90
2
 70
0
 10
101839.70239706126
 20
19516.98155174747
 10
109227.18164984389
 20
19516.98155174747
  0
LWPOLYLINE
  5
527
330
1F
100
AcDbEntity
  8
PDF_형상
370
5
100
AcDbPolyline
 90
2
 70
0
 10
93784.86236949822
 20
20370.57575428638
 10
90742.95629483856
 20
20370.57575428638
  0
LWPOLYLINE
  5
528
330
1F
100
AcDbEntity
  8
PDF_형상
370
5
100
AcDbPolyline
 90
2
 70
0
 10
71296.50379363987
 20
20665.45389496875
 10
68254.60560827066
 20
20665.45389496875
  0
LWPOLYLINE
  5
529
330
1F
100
AcDbEntity
  8
PDF_형상
370
5
100
AcDbPolyline
 90
2
 70
0
 10
67649.32203919081
 20
20665.45389496875
 10
64607.42385382163
 20
20665.45389496875
  0
LWPOLYLINE
  5
52A
330
1F
100
AcDbEntity
  8
PDF_형상
370
5
100
AcDbPolyline
 90
2
 70
0
 10
63800.38952788075
 20
20665.45389496875
 10
60758.48345322102
 20
20665.45389496875
  0
LWPOLYLINE
  5
52B
330
1F
100
AcDbEntity
  8
PDF_형상
370
5
100
AcDbPolyline
 90
2
 70
0
 10
60153.207773431684
 20
20665.45389496875
 10
57111.30169877199
 20
20665.45389496875
  0
LWPOLYLINE
  5
52C
330
1F
100
AcDbEntity
  8
PDF_형상
370
5
100
AcDbPolyline
 90
2
 70
0
 10
93784.86236949822
 20
20665.45389496875
 10
90742.95629483856
 20
20665.45389496875
  0
LWPOLYLINE
  5
52D
330
1F
100
AcDbEntity
  8
PDF_형상
370
5
100
AcDbPolyline
 90
2
 70
0
 10
90137.68048571654
 20
20665.45389496875
 10
87095.78242968001
 20
20665.45389496875
  0
LWPOLYLINE
  5
52E
330
1F
100
AcDbEntity
  8
PDF_형상
370
5
100
AcDbPolyline
 90
2
 70
0
 10
97633.80264076624
 20
20665.45389496875
 10
94591.8966954391
 20
20665.45389496875
  0
LWPOLYLINE
  5
52F
330
1F
100
AcDbEntity
  8
PDF_형상
370
5
100
AcDbPolyline
 90
2
 70
0
 10
108730.54085369843
 20
20665.45389496875
 10
105735.20060493778
 20
20665.45389496875
  0
LWPOLYLINE
  5
530
330
1F
100
AcDbEntity
  8
PDF_형상
370
5
100
AcDbPolyline
 90
2
 70
0
 10
101280.98452454786
 20
20665.45389496875
 10
98239.07844988814
 20
20665.45389496875
  0
LWPOLYLINE
  5
531
330
1F
100
AcDbEntity
  8
PDF_형상
370
5
100
AcDbPolyline
 90
4
 70
0
 10
60510.16699979357
 20
29713.56568554273
 10
57111.30169877199
 20
29713.56568554273
 10
57111.30169877199
 20
29620.44606167927
 10
60510.16699979357
 20
29620.44606167927
  0
LWPOLYLINE
  5
534
330
1F
100
AcDbEntity
  8
PDF_형상
370
5
100
AcDbPolyline
 90
4
 70
0
 10
83293.39996568799
 20
27370.057113190538
 10
83293.39996568799
 20
27261.41809090248
 10
71405.14669590686
 20
27261.41809090248
 10
69372.03359333957
 20
27261.41809090248
  0
LWPOLYLINE
  5
536
330
1F
100
AcDbEntity
  8
PDF_형상
370
5
100
AcDbPolyline
 90
4
 70
0
 10
84069.39575344486
 20
29620.44606167927
 10
84069.39575344486
 20
29247.967436892803
 10
84162.5192572873
 20
29247.967436892803
 10
84162.5192572873
 20
29620.44606167927
  0
LWPOLYLINE
  5
538
330
1F
100
AcDbEntity
  8
PDF_형상
370
5
100
AcDbPolyline
 90
2
 70
0
 10
84131.4728298128
 20
29589.40545417321
 10
84131.4728298128
 20
29279.007915066228
  0
LWPOLYLINE
  5
539
330
1F
100
AcDbEntity
  8
PDF_형상
370
5
100
AcDbPolyline
 90
2
 70
0
 10
84115.95356072082
 20
29589.40545417321
 10
84115.95356072082
 20
29279.007915066228
  0
LWPOLYLINE
  5
53A
330
1F
100
AcDbEntity
  8
PDF_형상
370
5
100
AcDbPolyline
 90
2
 70
0
 10
84131.4728298128
 20
27711.497070460442
 10
84131.4728298128
 20
27370.057113190538
  0
LWPOLYLINE
  5
53B
330
1F
100
AcDbEntity
  8
PDF_형상
370
5
100
AcDbPolyline
 90
2
 70
0
 10
84115.95356072082
 20
27711.497070460442
 10
84115.95356072082
 20
27370.057113190538
  0
LWPOLYLINE
  5
53C
330
1F
100
AcDbEntity
  8
PDF_형상
370
5
100
AcDbPolyline
 90
7
 70
0
 10
83324.43850387189
 20
27370.057113190538
 10
83324.43850387189
 20
27075.178843175563
 10
84162.5192572873
 20
27075.178843175563
 10
84162.5192572873
 20
27742.53573797702
 10
84069.39575344486
 20
27742.53573797702
 10
84069.39575344486
 20
27370.057113190538
 10
84162.5192572873
 20
27370.057113190538
  0
LWPOLYLINE
  5
53D
330
1F
100
AcDbEntity
  8
PDF_형상
370
5
100
AcDbPolyline
 90
2
 70
0
 10
71358.5887592983
 20
26035.345392909723
 10
71358.5887592983
 20
22496.80447140558
  0
LWPOLYLINE
  5
53E
330
1F
100
AcDbEntity
  8
PDF_형상
370
5
100
AcDbPolyline
 90
2
 70
0
 10
71343.06160091581
 20
26035.345392909723
 10
71343.06160091581
 20
22496.80447140558
  0
LWPOLYLINE
  5
53F
330
1F
100
AcDbEntity
  8
PDF_형상
370
5
100
AcDbPolyline
 90
4
 70
0
 10
71296.50379363987
 20
21162.090811135284
 10
71296.50379363987
 20
26066.38587108315
 10
71405.14669590686
 20
26066.38587108315
 10
71405.14669590686
 20
21162.090811135284
  0
LWPOLYLINE
  5
543
330
1F
100
AcDbEntity
  8
PDF_형상
370
5
100
AcDbPolyline
 90
2
 70
0
 10
71358.5887592983
 20
27261.41809090248
 10
71358.5887592983
 20
26997.58042839355
  0
LWPOLYLINE
  5
544
330
1F
100
AcDbEntity
  8
PDF_형상
370
5
100
AcDbPolyline
 90
2
 70
0
 10
71343.06160091581
 20
27261.41809090248
 10
71343.06160091581
 20
26997.58042839355
  0
LWPOLYLINE
  5
545
330
1F
100
AcDbEntity
  8
PDF_형상
370
5
100
AcDbPolyline
 90
2
 70
0
 10
83293.39996568799
 20
27307.97796750052
 10
71405.14669590686
 20
27307.97796750052
  0
LWPOLYLINE
  5
546
330
1F
100
AcDbEntity
  8
PDF_형상
370
5
100
AcDbPolyline
 90
2
 70
0
 10
83293.39996568799
 20
27323.49917658198
 10
71405.14669590686
 20
27323.49917658198
  0
LWPOLYLINE
  5
547
330
1F
100
AcDbEntity
  8
PDF_형상
370
5
100
AcDbPolyline
 90
2
 70
0
 10
63862.466604248664
 20
27370.057113190538
 10
63862.466604248664
 20
27711.497070460442
  0
LWPOLYLINE
  5
548
330
1F
100
AcDbEntity
  8
PDF_형상
370
5
100
AcDbPolyline
 90
2
 70
0
 10
63846.947335156714
 20
27370.057113190538
 10
63846.947335156714
 20
27711.497070460442
  0
LWPOLYLINE
  5
549
330
1F
100
AcDbEntity
  8
PDF_형상
370
5
100
AcDbPolyline
 90
2
 70
0
 10
63862.466604248664
 20
29589.40545417321
 10
63862.466604248664
 20
29279.007915066228
  0
LWPOLYLINE
  5
54A
330
1F
100
AcDbEntity
  8
PDF_형상
370
5
100
AcDbPolyline
 90
2
 70
0
 10
63846.947335156714
 20
29589.40545417321
 10
63846.947335156714
 20
29279.007915066228
  0
LWPOLYLINE
  5
54B
330
1F
100
AcDbEntity
  8
PDF_형상
370
5
100
AcDbPolyline
 90
4
 70
1
 10
63800.38952788075
 20
21162.090811135284
 10
63909.02454085722
 20
21162.090811135284
 10
63909.02454085722
 20
26066.38587108315
 10
63800.38952788075
 20
26066.38587108315
  0
LWPOLYLINE
  5
54D
330
1F
100
AcDbEntity
  8
PDF_형상
370
5
100
AcDbPolyline
 90
2
 70
0
 10
63862.466604248664
 20
26035.345392909723
 10
63862.466604248664
 20
21193.131289308723
  0
LWPOLYLINE
  5
54E
330
1F
100
AcDbEntity
  8
PDF_형상
370
5
100
AcDbPolyline
 90
2
 70
0
 10
63846.947335156714
 20
26035.345392909723
 10
63846.947335156714
 20
21193.131289308723
  0
LWPOLYLINE
  5
54F
330
1F
100
AcDbEntity
  8
PDF_형상
370
5
100
AcDbPolyline
 90
3
 70
0
 10
57126.82096786397
 20
29667.005808944676
 10
60479.120572319094
 20
29667.005808944676
 10
57126.82096786397
 20
29667.005808944676
  0
LWPOLYLINE
  5
550
330
1F
100
AcDbEntity
  8
PDF_형상
370
5
100
AcDbPolyline
 90
3
 70
0
 10
62031.112147832915
 20
29667.005808944676
 10
63769.34310040627
 20
29667.005808944676
 10
62031.112147832915
 20
29667.005808944676
  0
LWPOLYLINE
  5
552
330
1F
100
AcDbEntity
  8
PDF_형상
370
5
100
AcDbPolyline
 90
4
 70
1
 10
60758.48345322102
 20
20572.33427110529
 10
63800.38952788075
 20
20572.33427110529
 10
63800.38952788075
 20
20463.695378149852
 10
60758.48345322102
 20
20463.695378149852
  0
LWPOLYLINE
  5
555
330
1F
100
AcDbEntity
  8
PDF_형상
370
5
100
AcDbPolyline
 90
2
 70
0
 10
57126.82096786397
 20
20510.255125415257
 10
60122.169105915105
 20
20510.255125415257
  0
LWPOLYLINE
  5
556
330
1F
100
AcDbEntity
  8
PDF_형상
370
5
100
AcDbPolyline
 90
2
 70
0
 10
60789.52212073763
 20
20510.255125415257
 10
63769.34310040627
 20
20510.255125415257
  0
LWPOLYLINE
  5
557
330
1F
100
AcDbEntity
  8
PDF_형상
370
5
100
AcDbPolyline
 90
2
 70
0
 10
64638.46239200559
 20
20510.255125415257
 10
67618.28337167423
 20
20510.255125415257
  0
LWPOLYLINE
  5
558
330
1F
100
AcDbEntity
  8
PDF_형상
370
5
100
AcDbPolyline
 90
2
 70
0
 10
57126.82096786397
 20
20525.77452383987
 10
60122.169105915105
 20
20525.77452383987
  0
LWPOLYLINE
  5
559
330
1F
100
AcDbEntity
  8
PDF_형상
370
5
100
AcDbPolyline
 90
2
 70
0
 10
60789.52212073763
 20
20525.77452383987
 10
63769.34310040627
 20
20525.77452383987
  0
LWPOLYLINE
  5
55A
330
1F
100
AcDbEntity
  8
PDF_형상
370
5
100
AcDbPolyline
 90
2
 70
0
 10
64638.46239200559
 20
20525.77452383987
 10
67618.28337167423
 20
20525.77452383987
  0
LWPOLYLINE
  5
55B
330
1F
100
AcDbEntity
  8
PDF_형상
370
5
100
AcDbPolyline
 90
2
 70
0
 10
68285.64427578727
 20
20510.255125415257
 10
71265.46525545591
 20
20510.255125415257
  0
LWPOLYLINE
  5
55C
330
1F
100
AcDbEntity
  8
PDF_형상
370
5
100
AcDbPolyline
 90
2
 70
0
 10
68285.64427578727
 20
20525.77452383987
 10
71265.46525545591
 20
20525.77452383987
  0
LWPOLYLINE
  5
55E
330
1F
100
AcDbEntity
  8
PDF_형상
370
5
100
AcDbPolyline
 90
4
 70
1
 10
87095.78242968001
 20
20572.33427110529
 10
90137.68048571654
 20
20572.33427110529
 10
90137.68048571654
 20
20463.695378149852
 10
87095.78242968001
 20
20463.695378149852
  0
LWPOLYLINE
  5
561
330
1F
100
AcDbEntity
  8
PDF_형상
370
5
100
AcDbPolyline
 90
4
 70
1
 10
105735.20060493778
 20
20572.33427110529
 10
108730.54085369843
 20
20572.33427110529
 10
108730.54085369843
 20
20463.695378149852
 10
105735.20060493778
 20
20463.695378149852
  0
LWPOLYLINE
  5
563
330
1F
100
AcDbEntity
  8
PDF_형상
370
5
100
AcDbPolyline
 90
2
 70
0
 10
87126.82096786394
 20
20510.255125415257
 10
90106.64194753264
 20
20510.255125415257
  0
LWPOLYLINE
  5
564
330
1F
100
AcDbEntity
  8
PDF_형상
370
5
100
AcDbPolyline
 90
2
 70
0
 10
87126.82096786394
 20
20525.77452383987
 10
90106.64194753264
 20
20525.77452383987
  0
LWPOLYLINE
  5
565
330
1F
100
AcDbEntity
  8
PDF_형상
370
5
100
AcDbPolyline
 90
2
 70
0
 10
90774.00272231297
 20
20510.255125415257
 10
93753.82370198164
 20
20510.255125415257
  0
LWPOLYLINE
  5
566
330
1F
100
AcDbEntity
  8
PDF_형상
370
5
100
AcDbPolyline
 90
2
 70
0
 10
90774.00272231297
 20
20525.77452383987
 10
93753.82370198164
 20
20525.77452383987
  0
LWPOLYLINE
  5
567
330
1F
100
AcDbEntity
  8
PDF_형상
370
5
100
AcDbPolyline
 90
2
 70
0
 10
94622.93523362301
 20
20510.255125415257
 10
97602.76410258222
 20
20510.255125415257
  0
LWPOLYLINE
  5
568
330
1F
100
AcDbEntity
  8
PDF_형상
370
5
100
AcDbPolyline
 90
2
 70
0
 10
94622.93523362301
 20
20525.77452383987
 10
97602.76410258222
 20
20525.77452383987
  0
LWPOLYLINE
  5
569
330
1F
100
AcDbEntity
  8
PDF_형상
370
5
100
AcDbPolyline
 90
2
 70
0
 10
98270.11698807216
 20
20510.255125415257
 10
101249.94585703123
 20
20510.255125415257
  0
LWPOLYLINE
  5
56A
330
1F
100
AcDbEntity
  8
PDF_형상
370
5
100
AcDbPolyline
 90
2
 70
0
 10
98270.11698807216
 20
20525.77452383987
 10
101249.94585703123
 20
20525.77452383987
  0
LWPOLYLINE
  5
56B
330
1F
100
AcDbEntity
  8
PDF_형상
370
5
100
AcDbPolyline
 90
2
 70
0
 10
102119.0573886727
 20
20510.255125415257
 10
105098.87836834129
 20
20510.255125415257
  0
LWPOLYLINE
  5
56C
330
1F
100
AcDbEntity
  8
PDF_형상
370
5
100
AcDbPolyline
 90
2
 70
0
 10
102119.0573886727
 20
20525.77452383987
 10
105098.87836834129
 20
20525.77452383987
  0
LWPOLYLINE
  5
56D
330
1F
100
AcDbEntity
  8
PDF_형상
370
5
100
AcDbPolyline
 90
2
 70
0
 10
105766.23914312174
 20
20510.255125415257
 10
108699.50231551444
 20
20510.255125415257
  0
LWPOLYLINE
  5
56E
330
1F
100
AcDbEntity
  8
PDF_형상
370
5
100
AcDbPolyline
 90
2
 70
0
 10
105766.23914312174
 20
20525.77452383987
 10
108699.50231551444
 20
20525.77452383987
  0
LWPOLYLINE
  5
56F
330
1F
100
AcDbEntity
  8
PDF_형상
370
5
100
AcDbPolyline
 90
4
 70
0
 10
67882.12698348418
 20
27261.41809090248
 10
67882.12698348418
 20
27075.178843175563
 10
67028.52696097687
 20
27075.178843175563
 10
67028.52696097687
 20
27370.057113190538
  0
LWPOLYLINE
  5
570
330
1F
100
AcDbEntity
  8
PDF_형상
370
5
100
AcDbPolyline
 90
6
 70
0
 10
67773.48421054978
 20
27168.29846703902
 10
67121.65059415191
 20
27370.057113190538
 10
67121.65059415191
 20
27168.29846703902
 10
67773.48421054978
 20
27168.29846703902
 10
67773.48421054978
 20
27370.057113190538
 10
67882.12698348418
 20
27370.057113190538
  0
LWPOLYLINE
  5
576
330
1F
100
AcDbEntity
  8
PDF_형상
370
5
100
AcDbPolyline
 90
3
 70
0
 10
84115.95356072082
 20
27152.779197947042
 10
83417.56213704699
 20
27370.057113190538
 10
83417.56213704699
 20
27168.29846703902
  0
LWPOLYLINE
  5
57A
330
1F
100
AcDbEntity
  8
PDF_형상
370
5
100
AcDbPolyline
 90
10
 70
0
 10
63257.1909244593
 20
29216.92889870883
 10
63319.268000827244
 20
28999.649043475853
 10
63443.43017218624
 20
28828.93100483038
 10
63629.66954924581
 20
28704.770773460863
 10
63846.947335156714
 20
28642.69162777083
 10
63583.103723346736
 20
28596.13188050541
 10
63334.78726991925
 20
28471.971649135892
 10
63133.02875310033
 20
28285.732401408975
 10
62993.34731264935
 20
28052.93521707347
 10
62931.27010694878
 20
27789.09548524244
  0
LWPOLYLINE
  5
57B
330
1F
100
AcDbEntity
  8
PDF_형상
370
5
100
AcDbPolyline
 90
10
 70
0
 10
67944.20418918475
 20
26376.78341019013
 10
68192.52064261223
 20
26438.862555880165
 10
68425.3178269477
 20
26578.542056341663
 10
68596.03780558267
 20
26764.78130406858
 10
68720.19997694167
 20
26997.58042839355
 10
68782.27705330959
 20
27261.41809090248
 10
68828.83498991815
 20
27059.659574083584
 10
68952.99716127715
 20
26888.941535438098
 10
69123.71713991209
 20
26764.78130406858
 10
69325.47578606363
 20
26702.702158378546
  0
LWPOLYLINE
  5
57D
330
1F
100
AcDbEntity
  8
PDF_형상
370
5
100
AcDbPolyline
 90
2
 70
0
 10
83417.56213704699
 20
27370.057113190538
 10
69372.03359333957
 20
27370.057113190538
  0
LWPOLYLINE
  5
580
330
1F
100
AcDbEntity
  8
PDF_형상
370
5
100
AcDbPolyline
 90
2
 70
0
 10
66997.48842279289
 20
27307.97796750052
 10
63909.02454085722
 20
27307.97796750052
  0
LWPOLYLINE
  5
581
330
1F
100
AcDbEntity
  8
PDF_형상
370
5
100
AcDbPolyline
 90
2
 70
0
 10
66997.48842279289
 20
27323.49917658198
 10
63909.02454085722
 20
27323.49917658198
  0
LWPOLYLINE
  5
582
330
1F
100
AcDbEntity
  8
PDF_형상
370
5
100
AcDbPolyline
 90
8
 70
1
 10
63909.02454085722
 20
27742.53573797702
 10
63909.02454085722
 20
26966.539950220125
 10
64700.539597706156
 20
26966.539950220125
 10
64700.539597706156
 20
26935.501282703517
 10
63008.86658174136
 20
26935.501282703517
 10
63008.86658174136
 20
26966.539950220125
 10
63800.38952788075
 20
26966.539950220125
 10
63800.38952788075
 20
27742.53573797702
  0
ARC
  5
584
330
1F
100
AcDbEntity
  8
PDF_형상
370
5
100
AcDbCircle
 10
63854.703089723465
 20
26912.499462632528
 30
0.0
 40
846.1492078599296
100
AcDbArc
 50
178.4422728639673
 51
1.557727136031754
  0
LWPOLYLINE
  5
587
330
1F
100
AcDbEntity
  8
PDF_형상
370
5
100
AcDbPolyline
 90
2
 70
0
 10
63862.466604248664
 20
27261.41809090248
 10
63862.466604248664
 20
26997.58042839355
  0
LWPOLYLINE
  5
588
330
1F
100
AcDbEntity
  8
PDF_형상
370
5
100
AcDbPolyline
 90
2
 70
0
 10
63846.947335156714
 20
27261.41809090248
 10
63846.947335156714
 20
26997.58042839355
  0
LWPOLYLINE
  5
589
330
1F
100
AcDbEntity
  8
PDF_형상
370
5
100
AcDbPolyline
 90
18
 70
0
 10
85047.15005802074
 20
27789.09548524244
 10
85047.15005802074
 20
27742.53573797702
 10
83200.28422180346
 20
27742.53573797702
 10
83200.28422180346
 20
27789.09548524244
 10
85047.15005802074
 20
27789.09548524244
 10
84969.55371256084
 20
28052.93521707347
 10
84829.87214277712
 20
28285.732401408975
 10
84628.11362595826
 20
28471.971649135892
 10
84379.7971725308
 20
28596.13188050541
 10
84115.95356072082
 20
28642.69162777083
 10
84333.23147596435
 20
28704.770773460863
 10
84519.47072369127
 20
28828.93100483038
 10
84659.15216414224
 20
28999.649043475853
 10
84721.22936984284
 20
29216.92889870883
 10
83526.19702069082
 20
29216.92889870883
 10
83526.19702069082
 20
29247.967436892803
 10
84721.22936984284
 20
29247.967436892803
 10
84721.22936984284
 20
29216.92889870883
  0
LWPOLYLINE
  5
58B
330
1F
100
AcDbEntity
  8
PDF_형상
370
5
100
AcDbPolyline
 90
10
 70
0
 10
83526.19702069082
 20
29216.92889870883
 10
83588.28211568187
 20
28999.649043475853
 10
83712.43639775038
 20
28828.93100483038
 10
83898.67564547733
 20
28704.770773460863
 10
84115.95356072082
 20
28642.69162777083
 10
83852.11783820136
 20
28596.13188050541
 10
83603.8013847739
 20
28471.971649135892
 10
83402.04273862239
 20
28285.732401408975
 10
83262.36129817141
 20
28052.93521707347
 10
83200.28422180346
 20
27789.09548524244
  0
LWPOLYLINE
  5
58D
330
1F
100
AcDbEntity
  8
PDF_형상
370
5
100
AcDbPolyline
 90
3
 70
0
 10
84115.95356072082
 20
27789.09548524244
 10
84115.95356072082
 20
27742.53573797702
 10
84115.95356072082
 20
27075.178843175563
  0
LWPOLYLINE
  5
58F
330
1F
100
AcDbEntity
  8
PDF_형상
370
5
100
AcDbPolyline
 90
2
 70
0
 10
84115.95356072082
 20
29216.92889870883
 10
84115.95356072082
 20
29247.967436892803
  0
LWPOLYLINE
  5
593
330
1F
100
AcDbEntity
  8
PDF_형상
370
5
100
AcDbPolyline
 90
2
 70
0
 10
63909.02454085722
 20
26035.345392909723
 10
63800.38952788075
 20
26035.345392909723
  0
LWPOLYLINE
  5
594
330
1F
100
AcDbEntity
  8
PDF_형상
370
5
100
AcDbPolyline
 90
2
 70
0
 10
63800.38952788075
 20
26997.58042839355
 10
63909.02454085722
 20
26997.58042839355
  0
LWPOLYLINE
  5
595
330
1F
100
AcDbEntity
  8
PDF_형상
370
5
100
AcDbPolyline
 90
2
 70
0
 10
63909.02454085722
 20
26966.539950220125
 10
63800.38952788075
 20
26966.539950220125
  0
LWPOLYLINE
  5
596
330
1F
100
AcDbEntity
  8
PDF_형상
370
5
100
AcDbPolyline
 90
2
 70
0
 10
63800.38952788075
 20
27370.057113190538
 10
63909.02454085722
 20
27370.057113190538
  0
LWPOLYLINE
  5
597
330
1F
100
AcDbEntity
  8
PDF_형상
370
5
100
AcDbPolyline
 90
2
 70
0
 10
67028.52696097687
 20
27261.41809090248
 10
63800.38952788075
 20
27261.41809090248
  0
LWPOLYLINE
  5
598
330
1F
100
AcDbEntity
  8
PDF_형상
370
5
100
AcDbPolyline
 90
3
 70
0
 10
67121.65059415191
 20
27370.057113190538
 10
66997.48842279289
 20
27370.057113190538
 10
66997.48842279289
 20
27261.41809090248
  0
LWPOLYLINE
  5
599
330
1F
100
AcDbEntity
  8
PDF_형상
370
5
100
AcDbPolyline
 90
9
 70
1
 10
67882.12698348418
 20
27385.578322272
 10
67897.64638190881
 20
27385.578322272
 10
67913.16565100076
 20
27339.01844567396
 10
67913.16565100076
 20
27292.45869840854
 10
67897.64638190881
 20
27292.45869840854
 10
67897.64638190881
 20
26376.78341019013
 10
67944.20418918475
 20
26376.78341019013
 10
67944.20418918475
 20
27261.41809090248
 10
67882.12698348418
 20
27261.41809090248
  0
LWPOLYLINE
  5
59A
330
1F
100
AcDbEntity
  8
PDF_형상
370
5
100
AcDbPolyline
 90
9
 70
1
 10
69372.03359333957
 20
27385.578322272
 10
69356.51432424759
 20
27385.578322272
 10
69340.99505515561
 20
27339.01844567396
 10
69340.99505515561
 20
27292.45869840854
 10
69356.51432424759
 20
27292.45869840854
 10
69356.51432424759
 20
26702.702158378546
 10
69325.47578606363
 20
26702.702158378546
 10
69325.47578606363
 20
27261.41809090248
 10
69372.03359333957
 20
27261.41809090248
  0
LWPOLYLINE
  5
59F
330
1F
100
AcDbEntity
  8
PDF_형상
370
5
100
AcDbPolyline
 90
2
 70
0
 10
63846.947335156714
 20
27789.09548524244
 10
63846.947335156714
 20
27742.53573797702
  0
LWPOLYLINE
  5
5A1
330
1F
100
AcDbEntity
  8
PDF_형상
370
5
100
AcDbPolyline
 90
2
 70
0
 10
63846.947335156714
 20
29216.92889870883
 10
63846.947335156714
 20
29247.967436892803
  0
LWPOLYLINE
  5
5A2
330
1F
100
AcDbEntity
  8
PDF_형상
370
5
100
AcDbPolyline
 90
2
 70
0
 10
84069.39575344486
 20
27401.097591363978
 10
84162.5192572873
 20
27401.097591363978
  0
LWPOLYLINE
  5
5A5
330
1F
100
AcDbEntity
  8
PDF_형상
370
5
100
AcDbPolyline
 90
2
 70
0
 10
108699.50231551444
 20
20463.695378149852
 10
108699.50231551444
 20
20572.33427110529
  0
LWPOLYLINE
  5
5A6
330
1F
100
AcDbEntity
  8
PDF_형상
370
5
100
AcDbPolyline
 90
2
 70
0
 10
105766.23914312174
 20
20572.33427110529
 10
105766.23914312174
 20
20463.695378149852
  0
LWPOLYLINE
  5
5A9
330
1F
100
AcDbEntity
  8
PDF_형상
370
5
100
AcDbPolyline
 90
2
 70
0
 10
105098.87836834129
 20
20463.695378149852
 10
105098.87836834129
 20
20572.33427110529
  0
LWPOLYLINE
  5
5AA
330
1F
100
AcDbEntity
  8
PDF_형상
370
5
100
AcDbPolyline
 90
2
 70
0
 10
102119.0573886727
 20
20572.33427110529
 10
102119.0573886727
 20
20463.695378149852
  0
LWPOLYLINE
  5
5AD
330
1F
100
AcDbEntity
  8
PDF_형상
370
5
100
AcDbPolyline
 90
2
 70
0
 10
101249.94585703123
 20
20463.695378149852
 10
101249.94585703123
 20
20572.33427110529
  0
LWPOLYLINE
  5
5AE
330
1F
100
AcDbEntity
  8
PDF_형상
370
5
100
AcDbPolyline
 90
2
 70
0
 10
98270.11698807216
 20
20572.33427110529
 10
98270.11698807216
 20
20463.695378149852
  0
LWPOLYLINE
  5
5B0
330
1F
100
AcDbEntity
  8
PDF_형상
370
5
100
AcDbPolyline
 90
4
 70
1
 10
94591.8966954391
 20
20572.33427110529
 10
97633.80264076624
 20
20572.33427110529
 10
97633.80264076624
 20
20463.695378149852
 10
94591.8966954391
 20
20463.695378149852
  0
LWPOLYLINE
  5
5B1
330
1F
100
AcDbEntity
  8
PDF_형상
370
5
100
AcDbPolyline
 90
2
 70
0
 10
97602.76410258222
 20
20463.695378149852
 10
97602.76410258222
 20
20572.33427110529
  0
LWPOLYLINE
  5
5B3
330
1F
100
AcDbEntity
  8
PDF_형상
370
5
100
AcDbPolyline
 90
2
 70
0
 10
94622.93523362301
 20
20572.33427110529
 10
94622.93523362301
 20
20463.695378149852
  0
LWPOLYLINE
  5
5B6
330
1F
100
AcDbEntity
  8
PDF_형상
370
5
100
AcDbPolyline
 90
2
 70
0
 10
93753.82370198164
 20
20463.695378149852
 10
93753.82370198164
 20
20572.33427110529
  0
LWPOLYLINE
  5
5B7
330
1F
100
AcDbEntity
  8
PDF_형상
370
5
100
AcDbPolyline
 90
2
 70
0
 10
90774.00272231297
 20
20572.33427110529
 10
90774.00272231297
 20
20463.695378149852
  0
LWPOLYLINE
  5
5BA
330
1F
100
AcDbEntity
  8
PDF_형상
370
5
100
AcDbPolyline
 90
2
 70
0
 10
90106.64194753264
 20
20463.695378149852
 10
90106.64194753264
 20
20572.33427110529
  0
LWPOLYLINE
  5
5BB
330
1F
100
AcDbEntity
  8
PDF_형상
370
5
100
AcDbPolyline
 90
2
 70
0
 10
87126.82096786394
 20
20572.33427110529
 10
87126.82096786394
 20
20463.695378149852
  0
LWPOLYLINE
  5
5BE
330
1F
100
AcDbEntity
  8
PDF_형상
370
5
100
AcDbPolyline
 90
2
 70
0
 10
71265.46525545591
 20
20463.695378149852
 10
71265.46525545591
 20
20572.33427110529
  0
LWPOLYLINE
  5
5BF
330
1F
100
AcDbEntity
  8
PDF_형상
370
5
100
AcDbPolyline
 90
2
 70
0
 10
68285.64427578727
 20
20572.33427110529
 10
68285.64427578727
 20
20463.695378149852
  0
LWPOLYLINE
  5
5C2
330
1F
100
AcDbEntity
  8
PDF_형상
370
5
100
AcDbPolyline
 90
2
 70
0
 10
67618.28337167423
 20
20463.695378149852
 10
67618.28337167423
 20
20572.33427110529
  0
LWPOLYLINE
  5
5C3
330
1F
100
AcDbEntity
  8
PDF_형상
370
5
100
AcDbPolyline
 90
2
 70
0
 10
64638.46239200559
 20
20572.33427110529
 10
64638.46239200559
 20
20463.695378149852
  0
LWPOLYLINE
  5
5C6
330
1F
100
AcDbEntity
  8
PDF_형상
370
5
100
AcDbPolyline
 90
2
 70
0
 10
63769.34310040627
 20
20463.695378149852
 10
63769.34310040627
 20
20572.33427110529
  0
LWPOLYLINE
  5
5C7
330
1F
100
AcDbEntity
  8
PDF_형상
370
5
100
AcDbPolyline
 90
2
 70
0
 10
60789.52212073763
 20
20572.33427110529
 10
60789.52212073763
 20
20463.695378149852
  0
LWPOLYLINE
  5
5CA
330
1F
100
AcDbEntity
  8
PDF_형상
370
5
100
AcDbPolyline
 90
2
 70
0
 10
60122.169105915105
 20
20463.695378149852
 10
60122.169105915105
 20
20572.33427110529
  0
LWPOLYLINE
  5
5CB
330
1F
100
AcDbEntity
  8
PDF_형상
370
5
100
AcDbPolyline
 90
2
 70
0
 10
57126.82096786397
 20
20572.33427110529
 10
57126.82096786397
 20
20463.695378149852
  0
LWPOLYLINE
  5
5CD
330
1F
100
AcDbEntity
  8
PDF_형상
370
5
100
AcDbPolyline
 90
2
 70
0
 10
56661.22672852558
 20
21193.131289308723
 10
56754.342343077515
 20
21193.131289308723
  0
LWPOLYLINE
  5
5CE
330
1F
100
AcDbEntity
  8
PDF_형상
370
5
100
AcDbPolyline
 90
4
 70
1
 10
56754.342343077515
 20
24172.95627828892
 10
56754.342343077515
 20
21162.090811135284
 10
56661.22672852558
 20
21162.090811135284
 10
56661.22672852558
 20
24172.95627828892
  0
LWPOLYLINE
  5
5CF
330
1F
100
AcDbEntity
  8
PDF_형상
370
5
100
AcDbPolyline
 90
2
 70
0
 10
63800.38952788075
 20
21193.131289308723
 10
63909.02454085722
 20
21193.131289308723
  0
LWPOLYLINE
  5
5D1
330
1F
100
AcDbEntity
  8
PDF_형상
370
5
100
AcDbPolyline
 90
2
 70
0
 10
84069.39575344486
 20
29279.007915066228
 10
84162.5192572873
 20
29279.007915066228
  0
LWPOLYLINE
  5
5D4
330
1F
100
AcDbEntity
  8
PDF_형상
370
5
100
AcDbPolyline
 90
2
 70
0
 10
84162.5192572873
 20
27711.497070460442
 10
84069.39575344486
 20
27711.497070460442
  0
LWPOLYLINE
  5
5D5
330
1F
100
AcDbEntity
  8
PDF_형상
370
5
100
AcDbPolyline
 90
2
 70
0
 10
71296.50379363987
 20
22496.80447140558
 10
71405.14669590686
 20
22496.80447140558
  0
LWPOLYLINE
  5
5D6
330
1F
100
AcDbEntity
  8
PDF_형상
370
5
100
AcDbPolyline
 90
2
 70
0
 10
71405.14669590686
 20
22465.763993232154
 10
71296.50379363987
 20
22465.763993232154
  0
LWPOLYLINE
  5
5D8
330
1F
100
AcDbEntity
  8
PDF_형상
370
5
100
AcDbPolyline
 90
2
 70
0
 10
71405.14669590686
 20
26035.345392909723
 10
71296.50379363987
 20
26035.345392909723
  0
LWPOLYLINE
  5
5D9
330
1F
100
AcDbEntity
  8
PDF_형상
370
5
100
AcDbPolyline
 90
2
 70
0
 10
71296.50379363987
 20
26997.58042839355
 10
71405.14669590686
 20
26997.58042839355
  0
LWPOLYLINE
  5
5DA
330
1F
100
AcDbEntity
  8
PDF_형상
370
5
100
AcDbPolyline
 90
2
 70
0
 10
71405.14669590686
 20
26966.539950220125
 10
71296.50379363987
 20
26966.539950220125
  0
LWPOLYLINE
  5
5DC
330
1F
100
AcDbEntity
  8
PDF_형상
370
5
100
AcDbPolyline
 90
2
 70
0
 10
63909.02454085722
 20
27711.497070460442
 10
63800.38952788075
 20
27711.497070460442
  0
LWPOLYLINE
  5
5DD
330
1F
100
AcDbEntity
  8
PDF_형상
370
5
100
AcDbPolyline
 90
2
 70
0
 10
63800.38952788075
 20
29279.007915066228
 10
63909.02454085722
 20
29279.007915066228
  0
LWPOLYLINE
  5
5DF
330
1F
100
AcDbEntity
  8
PDF_형상
370
5
100
AcDbPolyline
 90
2
 70
0
 10
63909.02454085722
 20
29589.40545417321
 10
63800.38952788075
 20
29589.40545417321
  0
LWPOLYLINE
  5
5E0
330
1F
100
AcDbEntity
  8
PDF_형상
370
5
100
AcDbPolyline
 90
2
 70
0
 10
63769.34310040627
 20
29620.44606167927
 10
63769.34310040627
 20
29713.56568554273
  0
LWPOLYLINE
  5
5E1
330
1F
100
AcDbEntity
  8
PDF_형상
370
5
100
AcDbPolyline
 90
2
 70
0
 10
62031.112147832915
 20
29713.56568554273
 10
62031.112147832915
 20
29620.44606167927
  0
LWPOLYLINE
  5
5E2
330
1F
100
AcDbEntity
  8
PDF_형상
370
5
100
AcDbPolyline
 90
2
 70
0
 10
60479.120572319094
 20
29620.44606167927
 10
60479.120572319094
 20
29713.56568554273
  0
LWPOLYLINE
  5
5E3
330
1F
100
AcDbEntity
  8
PDF_형상
370
5
100
AcDbPolyline
 90
2
 70
0
 10
57126.82096786397
 20
29713.56568554273
 10
57126.82096786397
 20
29620.44606167927
  0
LWPOLYLINE
  5
5E5
330
1F
100
AcDbEntity
  8
PDF_형상
370
5
100
AcDbPolyline
 90
2
 70
0
 10
49382.382359386844
 20
35192.09607643914
 10
49382.382359386844
 20
35098.97632324305
  0
LWPOLYLINE
  5
5E6
330
1F
100
AcDbEntity
  8
PDF_형상
370
5
100
AcDbPolyline
 90
4
 70
0
 10
50825.73905125681
 20
35098.97632324305
 10
49351.343821202885
 20
35098.97632324305
 10
49351.343821202885
 20
35192.09607643914
 10
50825.73905125681
 20
35192.09607643914
  0
LWPOLYLINE
  5
5E9
330
1F
100
AcDbEntity
  8
PDF_형상
370
5
100
AcDbPolyline
 90
9
 70
1
 10
60556.7249364021
 20
29604.926792587292
 10
60556.7249364021
 20
29046.208790741257
 10
60525.68639821817
 20
29046.208790741257
 10
60525.68639821817
 20
29635.96533077125
 10
60541.20566731015
 20
29635.96533077125
 10
60541.20566731015
 20
29682.525207369305
 10
60525.68639821817
 20
29729.08495463471
 10
60510.16699979357
 20
29729.08495463471
 10
60510.16699979357
 20
29604.926792587292
  0
LWPOLYLINE
  5
5EB
330
1F
100
AcDbEntity
  8
PDF_형상
370
5
100
AcDbPolyline
 90
9
 70
1
 10
62000.073609648956
 20
29604.926792587292
 10
61937.99640394836
 20
29604.926792587292
 10
61937.99640394836
 20
28720.290042552842
 10
61984.55434055695
 20
28720.290042552842
 10
61984.55434055695
 20
29635.96533077125
 10
61969.03507146497
 20
29635.96533077125
 10
61969.03507146497
 20
29682.525207369305
 10
61984.55434055695
 20
29729.08495463471
 10
62000.073609648956
 20
29729.08495463471
  0
LWPOLYLINE
  5
5F0
330
1F
100
AcDbEntity
  8
PDF_형상
370
5
100
AcDbPolyline
 90
2
 70
0
 10
63846.947335156714
 20
27323.49917658198
 10
63846.947335156714
 20
29667.005808944676
  0
LWPOLYLINE
  5
5F1
330
1F
100
AcDbEntity
  8
PDF_형상
370
5
100
AcDbPolyline
 90
2
 70
0
 10
63769.34310040627
 20
22170.885723217165
 10
63769.34310040627
 20
22264.005347080623
  0
LWPOLYLINE
  5
5F2
330
1F
100
AcDbEntity
  8
PDF_형상
370
5
100
AcDbPolyline
 90
4
 70
0
 10
90510.159110503
 20
37861.519517000816
 10
91518.95208259542
 20
37861.519517000816
 10
91518.95208259542
 20
38870.31636907216
 10
91518.95208259542
 20
38808.23528339266
  0
LWPOLYLINE
  5
5F3
330
1F
100
AcDbEntity
  8
PDF_형상
370
5
100
AcDbPolyline
 90
4
 70
0
 10
90510.159110503
 20
37768.39989313734
 10
91612.0757157704
 20
37768.39989313734
 10
91612.0757157704
 20
38870.31636907216
 10
91612.0757157704
 20
38808.23528339266
  0
LWPOLYLINE
  5
5F4
330
1F
100
AcDbEntity
  8
PDF_형상
370
5
100
AcDbPolyline
 90
10
 70
0
 10
97820.04201782572
 20
22465.763993232154
 10
105486.87626221978
 20
22465.763993232154
 10
105486.87626221978
 20
27307.97796750052
 10
105486.87626221978
 20
27276.93942931656
 10
105378.2412492433
 20
27276.93942931656
 10
105378.2412492433
 20
27307.97796750052
 10
105378.2412492433
 20
22465.763993232154
 10
105378.2412492433
 20
22496.80447140558
 10
105486.87626221978
 20
22496.80447140558
 10
105486.87626221978
 20
21068.97312726129
  0
LWPOLYLINE
  5
5F5
330
1F
100
AcDbEntity
  8
PDF_형상
370
5
100
AcDbPolyline
 90
3
 70
0
 10
97820.04201782572
 20
22372.64424003606
 10
105378.2412492433
 20
22372.64424003606
 10
105378.2412492433
 20
21068.97312726129
  0
LWPOLYLINE
  5
5F6
330
1F
100
AcDbEntity
  8
PDF_형상
370
5
100
AcDbPolyline
 90
3
 70
0
 10
49692.78390780541
 20
30365.40124193012
 10
52626.046950865464
 20
30365.40124193012
 10
49692.78390780541
 20
30365.40124193012
  0
LWPOLYLINE
  5
5F9
330
1F
100
AcDbEntity
  8
PDF_형상
370
5
100
AcDbPolyline
 90
2
 70
0
 10
56707.78453580155
 20
24141.91567078286
 10
56707.78453580155
 20
21193.131289308723
  0
LWPOLYLINE
  5
5FA
330
1F
100
AcDbEntity
  8
PDF_형상
370
5
100
AcDbPolyline
 90
2
 70
0
 10
56692.26526670957
 20
24141.91567078286
 10
56692.26526670957
 20
21193.131289308723
  0
LWPOLYLINE
  5
5FB
330
1F
100
AcDbEntity
  8
PDF_형상
370
5
100
AcDbPolyline
 90
2
 70
0
 10
81555.16901311463
 20
20867.21254112028
 10
81555.16901311463
 20
21162.090811135284
  0
LWPOLYLINE
  5
5FC
330
1F
100
AcDbEntity
  8
PDF_형상
370
5
100
AcDbPolyline
 90
4
 70
0
 10
81555.16901311463
 20
22062.246700929078
 10
81555.16901311463
 20
25569.74714425978
 10
81648.29264628961
 20
25569.74714425978
 10
81648.29264628961
 20
22062.246700929078
  0
LWPOLYLINE
  5
5FD
330
1F
100
AcDbEntity
  8
PDF_형상
370
5
100
AcDbPolyline
 90
2
 70
0
 10
81648.29264628961
 20
20867.21254112028
 10
81648.29264628961
 20
21162.090811135284
  0
LWPOLYLINE
  5
5FF
330
1F
100
AcDbEntity
  8
PDF_형상
370
5
100
AcDbPolyline
 90
4
 70
0
 10
85295.46651144816
 20
22465.763993232154
 10
85295.46651144816
 20
25569.74714425978
 10
85388.59014462323
 20
25569.74714425978
 10
85388.59014462323
 20
22465.763993232154
  0
LWPOLYLINE
  5
600
330
1F
100
AcDbEntity
  8
PDF_형상
370
5
100
AcDbPolyline
 90
2
 70
0
 10
81601.72682039054
 20
25538.708476743188
 10
81601.72682039054
 20
22062.246700929078
  0
LWPOLYLINE
  5
601
330
1F
100
AcDbEntity
  8
PDF_형상
370
5
100
AcDbPolyline
 90
2
 70
0
 10
81601.72682039054
 20
21162.090811135284
 10
81601.72682039054
 20
20898.25301929372
  0
LWPOLYLINE
  5
602
330
1F
100
AcDbEntity
  8
PDF_형상
370
5
100
AcDbPolyline
 90
2
 70
0
 10
81617.24621881511
 20
25538.708476743188
 10
81617.24621881511
 20
22062.246700929078
  0
LWPOLYLINE
  5
603
330
1F
100
AcDbEntity
  8
PDF_형상
370
5
100
AcDbPolyline
 90
2
 70
0
 10
81617.24621881511
 20
21162.090811135284
 10
81617.24621881511
 20
20898.25301929372
  0
LWPOLYLINE
  5
604
330
1F
100
AcDbEntity
  8
PDF_형상
370
5
100
AcDbPolyline
 90
2
 70
0
 10
81648.29264628961
 20
22465.763993232154
 10
89190.96471932471
 20
22465.763993232154
  0
LWPOLYLINE
  5
605
330
1F
100
AcDbEntity
  8
PDF_형상
370
5
100
AcDbPolyline
 90
2
 70
0
 10
90091.12267844057
 20
22465.763993232154
 10
96919.88405870982
 20
22465.763993232154
  0
LWPOLYLINE
  5
607
330
1F
100
AcDbEntity
  8
PDF_형상
370
5
100
AcDbPolyline
 90
2
 70
0
 10
81648.29264628961
 20
22372.64424003606
 10
89190.96471932471
 20
22372.64424003606
  0
LWPOLYLINE
  5
608
330
1F
100
AcDbEntity
  8
PDF_형상
370
5
100
AcDbPolyline
 90
2
 70
0
 10
90091.12267844057
 20
22372.64424003606
 10
96919.88405870982
 20
22372.64424003606
  0
LWPOLYLINE
  5
60B
330
1F
100
AcDbEntity
  8
PDF_형상
370
5
100
AcDbPolyline
 90
4
 70
0
 10
89004.72547159773
 20
22465.763993232154
 10
89004.72547159773
 20
25569.74714425978
 10
89097.84897544018
 20
25569.74714425978
 10
89097.84897544018
 20
22465.763993232154
  0
LWPOLYLINE
  5
60C
330
1F
100
AcDbEntity
  8
PDF_형상
370
5
100
AcDbPolyline
 90
3
 70
0
 10
85342.03220801461
 20
25538.708476743188
 10
85342.03220801461
 20
22496.80447140558
 10
85342.03220801461
 20
25538.708476743188
  0
LWPOLYLINE
  5
60E
330
1F
100
AcDbEntity
  8
PDF_형상
370
5
100
AcDbPolyline
 90
4
 70
0
 10
92869.18514129038
 20
22465.763993232154
 10
92869.18514129038
 20
25569.74714425978
 10
92962.30864513274
 20
25569.74714425978
 10
92962.30864513274
 20
22465.763993232154
  0
LWPOLYLINE
  5
60F
330
1F
100
AcDbEntity
  8
PDF_형상
370
5
100
AcDbPolyline
 90
3
 70
0
 10
89051.29116816421
 20
25538.708476743188
 10
89051.29116816421
 20
22496.80447140558
 10
89051.29116816421
 20
25538.708476743188
  0
LWPOLYLINE
  5
610
330
1F
100
AcDbEntity
  8
PDF_형상
370
5
100
AcDbPolyline
 90
4
 70
0
 10
96764.68334916692
 20
22465.763993232154
 10
96764.68334916692
 20
25569.74714425978
 10
96656.04833619036
 20
25569.74714425978
 10
96656.04833619036
 20
22465.763993232154
  0
LWPOLYLINE
  5
611
330
1F
100
AcDbEntity
  8
PDF_형상
370
5
100
AcDbPolyline
 90
2
 70
1
 10
100768.8244593104
 20
25274.868874244792
 10
100768.8244593104
 20
22465.763993232154
  0
LWPOLYLINE
  5
613
330
1F
100
AcDbEntity
  8
PDF_형상
370
5
100
AcDbPolyline
 90
2
 70
0
 10
96718.12541255831
 20
25538.708476743188
 10
96718.12541255831
 20
22496.80447140558
  0
LWPOLYLINE
  5
614
330
1F
100
AcDbEntity
  8
PDF_형상
370
5
100
AcDbPolyline
 90
2
 70
0
 10
96702.60614346633
 20
25538.708476743188
 10
96702.60614346633
 20
22496.80447140558
  0
LWPOLYLINE
  5
615
330
1F
100
AcDbEntity
  8
PDF_형상
370
5
100
AcDbPolyline
 90
13
 70
0
 10
100768.8244593104
 20
22496.80447140558
 10
100861.94796315282
 20
22496.80447140558
 10
100861.94796315282
 20
22465.763993232154
 10
100861.94796315282
 20
25274.868874244792
 10
100861.94796315282
 20
25290.390083326238
 10
100815.38226658637
 20
25305.909352418217
 10
100784.34372840244
 20
25305.909352418217
 10
100784.34372840244
 20
25290.390083326238
 10
100194.58718837243
 20
25290.390083326238
 10
100194.58718837243
 20
25321.42862151021
 10
100737.78579179382
 20
25321.42862151021
 10
100737.78579179382
 20
25274.868874244792
 10
100861.94796315282
 20
25274.868874244792
  0
LWPOLYLINE
  5
616
330
1F
100
AcDbEntity
  8
PDF_형상
370
5
100
AcDbPolyline
 90
12
 70
0
 10
100861.94796315282
 20
26764.78130406858
 10
100861.94796315282
 20
26749.2620349766
 10
100815.38226658637
 20
26733.740825895155
 10
100784.34372840244
 20
26733.740825895155
 10
100784.34372840244
 20
26749.2620349766
 10
99868.66650019451
 20
26749.2620349766
 10
99868.66650019451
 20
26702.702158378546
 10
100737.78579179382
 20
26702.702158378546
 10
100737.78579179382
 20
26764.78130406858
 10
100861.94796315282
 20
26764.78130406858
 10
100861.94796315282
 20
27261.41809090248
 10
100861.94796315282
 20
27370.057113190538
  0
LWPOLYLINE
  5
618
330
1F
100
AcDbEntity
  8
PDF_형상
370
5
100
AcDbPolyline
 90
4
 70
0
 10
100768.8244593104
 20
26764.78130406858
 10
100768.8244593104
 20
27261.41809090248
 10
100861.94796315282
 20
27261.41809090248
 10
100861.94796315282
 20
27230.37955271852
  0
LWPOLYLINE
  5
619
330
1F
100
AcDbEntity
  8
PDF_형상
370
5
100
AcDbPolyline
 90
2
 70
0
 10
100815.38226658637
 20
27261.41809090248
 10
100815.38226658637
 20
26764.78130406858
  0
LWPOLYLINE
  5
61A
330
1F
100
AcDbEntity
  8
PDF_형상
370
5
100
AcDbPolyline
 90
2
 70
0
 10
100815.38226658637
 20
25274.868874244792
 10
100815.38226658637
 20
22496.80447140558
  0
LWPOLYLINE
  5
61B
330
1F
100
AcDbEntity
  8
PDF_형상
370
5
100
AcDbPolyline
 90
2
 70
0
 10
100799.86299749439
 20
27261.41809090248
 10
100799.86299749439
 20
26764.78130406858
  0
LWPOLYLINE
  5
61C
330
1F
100
AcDbEntity
  8
PDF_형상
370
5
100
AcDbPolyline
 90
2
 70
0
 10
100799.86299749439
 20
25274.868874244792
 10
100799.86299749439
 20
22496.80447140558
  0
LWPOLYLINE
  5
61F
330
1F
100
AcDbEntity
  8
PDF_형상
370
5
100
AcDbPolyline
 90
2
 70
0
 10
105440.31845494382
 20
27276.93942931656
 10
105440.31845494382
 20
22496.80447140558
  0
LWPOLYLINE
  5
620
330
1F
100
AcDbEntity
  8
PDF_형상
370
5
100
AcDbPolyline
 90
2
 70
0
 10
105424.79918585187
 20
27276.93942931656
 10
105424.79918585187
 20
22496.80447140558
  0
LWPOLYLINE
  5
621
330
1F
100
AcDbEntity
  8
PDF_형상
370
5
100
AcDbPolyline
 90
4
 70
0
 10
49692.78390780541
 20
30411.96111852816
 10
52657.08561838207
 20
30411.96111852816
 10
52657.08561838207
 20
30318.841494664703
 10
49692.78390780541
 20
30318.841494664703
  0
LWPOLYLINE
  5
623
330
1F
100
AcDbEntity
  8
PDF_형상
370
5
100
AcDbPolyline
 90
11
 70
0
 10
75999.03632745727
 20
20867.21254112028
 10
75999.03632745727
 20
25461.10812197171
 10
75874.88204538879
 20
25461.10812197171
 10
75874.88204538879
 20
25523.187267661742
 10
75331.68344196737
 20
25523.187267661742
 10
75331.68344196737
 20
25492.148729477783
 10
75921.43998199735
 20
25492.148729477783
 10
75921.43998199735
 20
25507.667998569763
 10
75967.99778927331
 20
25507.667998569763
 10
75999.03632745727
 20
25492.148729477783
 10
75999.03632745727
 20
25461.10812197171
  0
LWPOLYLINE
  5
624
330
1F
100
AcDbEntity
  8
PDF_형상
370
5
100
AcDbPolyline
 90
2
 70
0
 10
75890.40131448077
 20
20867.21254112028
 10
75890.40131448077
 20
25461.10812197171
  0
LWPOLYLINE
  5
625
330
1F
100
AcDbEntity
  8
PDF_형상
370
5
100
AcDbPolyline
 90
2
 70
0
 10
75952.4785201813
 20
25445.58885287973
 10
75952.4785201813
 20
20898.25301929372
  0
LWPOLYLINE
  5
626
330
1F
100
AcDbEntity
  8
PDF_형상
370
5
100
AcDbPolyline
 90
2
 70
0
 10
75936.95925108933
 20
25445.58885287973
 10
75936.95925108933
 20
20898.25301929372
  0
LWPOLYLINE
  5
628
330
1F
100
AcDbEntity
  8
PDF_형상
370
5
100
AcDbPolyline
 90
2
 70
0
 10
81648.29264628961
 20
25538.708476743188
 10
81555.16901311463
 20
25538.708476743188
  0
LWPOLYLINE
  5
62A
330
1F
100
AcDbEntity
  8
PDF_형상
370
5
100
AcDbPolyline
 90
2
 70
0
 10
56661.22672852558
 20
24141.91567078286
 10
56754.342343077515
 20
24141.91567078286
  0
LWPOLYLINE
  5
630
330
1F
100
AcDbEntity
  8
PDF_형상
370
5
100
AcDbPolyline
 90
2
 70
0
 10
96656.04833619036
 20
22496.80447140558
 10
96764.68334916692
 20
22496.80447140558
  0
LWPOLYLINE
  5
632
330
1F
100
AcDbEntity
  8
PDF_형상
370
5
100
AcDbPolyline
 90
2
 70
0
 10
96764.68334916692
 20
25538.708476743188
 10
96656.04833619036
 20
25538.708476743188
  0
LWPOLYLINE
  5
633
330
1F
100
AcDbEntity
  8
PDF_형상
370
5
100
AcDbPolyline
 90
2
 70
0
 10
89004.72547159773
 20
22496.80447140558
 10
89097.84897544018
 20
22496.80447140558
  0
LWPOLYLINE
  5
635
330
1F
100
AcDbEntity
  8
PDF_형상
370
5
100
AcDbPolyline
 90
2
 70
0
 10
89097.84897544018
 20
25538.708476743188
 10
89004.72547159773
 20
25538.708476743188
  0
LWPOLYLINE
  5
636
330
1F
100
AcDbEntity
  8
PDF_형상
370
5
100
AcDbPolyline
 90
2
 70
0
 10
85295.46651144816
 20
22496.80447140558
 10
85388.59014462323
 20
22496.80447140558
  0
LWPOLYLINE
  5
638
330
1F
100
AcDbEntity
  8
PDF_형상
370
5
100
AcDbPolyline
 90
2
 70
0
 10
85388.59014462323
 20
25538.708476743188
 10
85295.46651144816
 20
25538.708476743188
  0
LWPOLYLINE
  5
63A
330
1F
100
AcDbEntity
  8
PDF_형상
370
5
100
AcDbPolyline
 90
2
 70
0
 10
52626.046950865464
 20
30318.841494664703
 10
52626.046950865464
 20
30411.96111852816
  0
LWPOLYLINE
  5
63B
330
1F
100
AcDbEntity
  8
PDF_형상
370
5
100
AcDbPolyline
 90
8
 70
0
 10
56754.342343077515
 20
22170.885723217165
 10
57282.02167740693
 20
22170.885723217165
 10
57282.02167740693
 20
21363.851267943646
 10
57313.060344923506
 20
21363.851267943646
 10
57313.060344923506
 20
23071.04161301096
 10
57282.02167740693
 20
23071.04161301096
 10
57282.02167740693
 20
22264.005347080623
 10
57282.02167740693
 20
22170.885723217165
  0
LWPOLYLINE
  5
63C
330
1F
100
AcDbEntity
  8
PDF_형상
370
5
100
AcDbPolyline
 90
2
 70
0
 10
56754.342343077515
 20
22264.005347080623
 10
57282.02167740693
 20
22264.005347080623
  0
LWPOLYLINE
  5
63D
330
1F
100
AcDbEntity
  8
PDF_형상
370
5
100
AcDbPolyline
 90
4
 70
0
 10
63800.38952788075
 20
22170.885723217165
 10
58182.17963652282
 20
22170.885723217165
 10
58182.17963652282
 20
22264.005347080623
 10
63800.38952788075
 20
22264.005347080623
  0
LWPOLYLINE
  5
63E
330
1F
100
AcDbEntity
  8
PDF_형상
370
5
100
AcDbPolyline
 90
2
 70
1
 10
58213.2183040394
 20
22217.44547048257
 10
60370.48555934259
 20
22217.44547048257
  0
LWPOLYLINE
  5
63F
330
1F
100
AcDbEntity
  8
PDF_형상
370
5
100
AcDbPolyline
 90
3
 70
0
 10
57250.98313922294
 20
22217.44547048257
 10
56785.381010594065
 20
22217.44547048257
 10
57250.98313922294
 20
22217.44547048257
  0
LWPOLYLINE
  5
640
330
1F
100
AcDbEntity
  8
PDF_형상
370
5
100
AcDbPolyline
 90
2
 70
0
 10
56785.381010594065
 20
22264.005347080623
 10
56785.381010594065
 20
22170.885723217165
  0
LWPOLYLINE
  5
641
330
1F
100
AcDbEntity
  8
PDF_형상
370
5
100
AcDbPolyline
 90
4
 70
0
 10
75999.03632745727
 20
27261.41809090248
 10
75999.03632745727
 20
26966.539950220125
 10
75890.40131448077
 20
26966.539950220125
 10
75890.40131448077
 20
27261.41809090248
  0
LWPOLYLINE
  5
643
330
1F
100
AcDbEntity
  8
PDF_형상
370
5
100
AcDbPolyline
 90
2
 70
0
 10
75952.4785201813
 20
27261.41809090248
 10
75952.4785201813
 20
26997.58042839355
  0
LWPOLYLINE
  5
644
330
1F
100
AcDbEntity
  8
PDF_형상
370
5
100
AcDbPolyline
 90
2
 70
0
 10
75936.95925108933
 20
27261.41809090248
 10
75936.95925108933
 20
26997.58042839355
  0
LWPOLYLINE
  5
646
330
1F
100
AcDbEntity
  8
PDF_형상
370
5
100
AcDbPolyline
 90
7
 70
0
 10
108497.7436693629
 20
27292.45869840854
 10
108497.7436693629
 20
27339.01844567396
 10
108513.2630677875
 20
27370.057113190538
 10
108528.78233687945
 20
27370.057113190538
 10
109040.94240211694
 20
27370.057113190538
 10
109040.94240211694
 20
27261.41809090248
 10
108528.78233687945
 20
27261.41809090248
  0
LWPOLYLINE
  5
647
330
1F
100
AcDbEntity
  8
PDF_형상
370
5
100
AcDbPolyline
 90
2
 70
0
 10
108932.29949984989
 20
27307.97796750052
 10
108528.78233687945
 20
27307.97796750052
  0
LWPOLYLINE
  5
648
330
1F
100
AcDbEntity
  8
PDF_형상
370
5
100
AcDbPolyline
 90
2
 70
0
 10
107628.62437776358
 20
27307.97796750052
 10
100861.94796315282
 20
27307.97796750052
  0
LWPOLYLINE
  5
649
330
1F
100
AcDbEntity
  8
PDF_형상
370
5
100
AcDbPolyline
 90
2
 70
0
 10
108932.29949984989
 20
27323.49917658198
 10
108528.78233687945
 20
27323.49917658198
  0
LWPOLYLINE
  5
64A
330
1F
100
AcDbEntity
  8
PDF_형상
370
5
100
AcDbPolyline
 90
2
 70
0
 10
107628.62437776358
 20
27323.49917658198
 10
100861.94796315282
 20
27323.49917658198
  0
LWPOLYLINE
  5
64B
330
1F
100
AcDbEntity
  8
PDF_형상
370
5
100
AcDbPolyline
 90
2
 70
0
 10
108932.29949984989
 20
27370.057113190538
 10
108932.29949984989
 20
27261.41809090248
  0
LWPOLYLINE
  5
64F
330
1F
100
AcDbEntity
  8
PDF_형상
370
5
100
AcDbPolyline
 90
3
 70
0
 10
49351.343821202885
 20
35145.53425985162
 10
50794.7003837402
 20
35145.53425985162
 10
49351.343821202885
 20
35145.53425985162
  0
LWPOLYLINE
  5
650
330
1F
100
AcDbEntity
  8
PDF_형상
370
5
100
AcDbPolyline
 90
10
 70
0
 10
55217.870036655644
 20
36092.250026243484
 10
54969.55371256078
 20
36030.17294987554
 10
54736.756528225305
 20
35890.49150942457
 10
54566.03642025775
 20
35704.25213236502
 10
54441.87424889875
 20
35471.45494802952
 10
54379.79717253083
 20
35207.61534553112
 10
54333.23936525486
 20
35409.37386235002
 10
54209.077193895864
 20
35580.093970317605
 10
54038.357085928306
 20
35704.25213236502
 10
53836.59856910941
 20
35766.33321804452
  0
LWPOLYLINE
  5
651
330
1F
100
AcDbEntity
  8
PDF_형상
370
5
100
AcDbPolyline
 90
5
 70
0
 10
55279.9551316467
 20
35098.97632324305
 10
55310.993669830685
 20
35098.97632324305
 10
55310.993669830685
 20
35192.09607643914
 10
55279.9551316467
 20
35192.09607643914
 10
56630.188061009
 20
35207.61534553112
  0
LWPOLYLINE
  5
654
330
1F
100
AcDbEntity
  8
PDF_형상
370
5
100
AcDbPolyline
 90
9
 70
1
 10
53836.59856910941
 20
35207.61534553112
 10
53836.59856910941
 20
35766.33321804452
 10
53805.56003092542
 20
35766.33321804452
 10
53805.56003092542
 20
35176.57680734716
 10
53821.07930001743
 20
35176.57680734716
 10
53821.07930001743
 20
35130.01499075964
 10
53805.56003092542
 20
35083.45705415107
 10
53790.04063250082
 20
35083.45705415107
 10
53790.04063250082
 20
35207.61534553112
  0
LWPOLYLINE
  5
656
330
1F
100
AcDbEntity
  8
PDF_형상
370
5
100
AcDbPolyline
 90
9
 70
1
 10
55279.9551316467
 20
35207.61534553112
 10
55217.870036655644
 20
35207.61534553112
 10
55217.870036655644
 20
36092.250026243484
 10
55264.43586255475
 20
36092.250026243484
 10
55264.43586255475
 20
35176.57680734716
 10
55248.90870417222
 20
35176.57680734716
 10
55248.90870417222
 20
35130.01499075964
 10
55264.43586255475
 20
35083.45705415107
 10
55279.9551316467
 20
35083.45705415107
  0
LWPOLYLINE
  5
659
330
1F
100
AcDbEntity
  8
PDF_형상
370
5
100
AcDbPolyline
 90
10
 70
0
 10
52269.08772450361
 20
35766.33321804452
 10
52067.329078352064
 20
35704.25213236502
 10
51896.609099717156
 20
35580.093970317605
 10
51787.97408674062
 20
35409.37386235002
 10
51725.88899174954
 20
35207.61534553112
 10
51679.33118447363
 20
35471.45494802952
 10
51555.16901311463
 20
35704.25213236502
 10
51368.929765387715
 20
35890.49150942457
 10
51151.65185014419
 20
36030.17294987554
 10
50887.81612762473
 20
36092.250026243484
  0
LWPOLYLINE
  5
65B
330
1F
100
AcDbEntity
  8
PDF_형상
370
5
100
AcDbPolyline
 90
9
 70
0
 10
53759.002094316864
 20
35098.97632324305
 10
53759.002094316864
 20
35192.09607643914
 10
53790.04063250082
 20
35192.09607643914
 10
52331.16480087156
 20
35192.09607643914
 10
52362.211228346
 20
35192.09607643914
 10
52362.211228346
 20
35098.97632324305
 10
52331.16480087156
 20
35098.97632324305
 10
53759.002094316864
 20
35098.97632324305
 10
53790.04063250082
 20
35098.97632324305
  0
LWPOLYLINE
  5
65C
330
1F
100
AcDbEntity
  8
PDF_형상
370
5
100
AcDbPolyline
 90
2
 70
0
 10
50794.7003837402
 20
35098.97632324305
 10
50794.7003837402
 20
35192.09607643914
  0
LWPOLYLINE
  5
65E
330
1F
100
AcDbEntity
  8
PDF_형상
370
5
100
AcDbPolyline
 90
9
 70
1
 10
52331.16480087156
 20
35207.61534553112
 10
52269.08772450361
 20
35207.61534553112
 10
52269.08772450361
 20
35766.33321804452
 10
52300.12626268757
 20
35766.33321804452
 10
52300.12626268757
 20
35176.57680734716
 10
52284.60699359559
 20
35176.57680734716
 10
52284.60699359559
 20
35130.01499075964
 10
52300.12626268757
 20
35083.45705415107
 10
52331.16480087156
 20
35083.45705415107
  0
LWPOLYLINE
  5
65F
330
1F
100
AcDbEntity
  8
PDF_형상
370
5
100
AcDbPolyline
 90
9
 70
1
 10
50887.81612762473
 20
35207.61534553112
 10
50887.81612762473
 20
36092.250026243484
 10
50856.77758944074
 20
36092.250026243484
 10
50856.77758944074
 20
35176.57680734716
 10
50872.29685853275
 20
35176.57680734716
 10
50872.29685853275
 20
35130.01499075964
 10
50856.77758944074
 20
35083.45705415107
 10
50825.73905125681
 20
35083.45705415107
 10
50825.73905125681
 20
35207.61534553112
  0
LWPOLYLINE
  5
666
330
1F
100
AcDbEntity
  8
PDF_형상
370
5
100
AcDbPolyline
 90
2
 70
0
 10
55310.993669830685
 20
35098.97632324305
 10
56630.188061009
 20
35098.97632324305
  0
LWPOLYLINE
  5
667
330
1F
100
AcDbEntity
  8
PDF_형상
370
5
100
AcDbPolyline
 90
2
 70
1
 10
53759.002094316864
 20
35145.53425985162
 10
52362.211228346
 20
35145.53425985162
  0
LWPOLYLINE
  5
668
330
1F
100
AcDbEntity
  8
PDF_형상
370
5
100
AcDbPolyline
 90
2
 70
0
 10
55310.993669830685
 20
35161.05740892255
 10
56630.188061009
 20
35161.05740892255
  0
LWPOLYLINE
  5
66A
330
1F
100
AcDbEntity
  8
PDF_형상
370
5
100
AcDbPolyline
 90
2
 70
0
 10
55310.993669830685
 20
35145.53425985162
 10
56630.188061009
 20
35145.53425985162
  0
LWPOLYLINE
  5
66D
330
1F
100
AcDbEntity
  8
PDF_형상
370
5
100
AcDbPolyline
 90
10
 70
0
 10
75005.76262445682
 20
26904.460804530092
 10
75067.8477194479
 20
26656.142411113142
 10
75207.52127060837
 20
26423.34328678817
 10
75393.76051833529
 20
26237.10390972862
 10
75626.5655919613
 20
26112.945747681202
 10
75874.88204538879
 20
26066.38587108315
 10
75673.12352856986
 20
26019.82599448511
 10
75502.4034206023
 20
25895.665892448225
 10
75378.2412492433
 20
25724.94785380274
 10
75331.68344196737
 20
25523.187267661742
  0
LWPOLYLINE
  5
670
330
1F
100
AcDbEntity
  8
PDF_형상
370
5
100
AcDbPolyline
 90
3
 70
0
 10
92915.75083785683
 20
25538.708476743188
 10
92915.75083785683
 20
22496.80447140558
 10
92915.75083785683
 20
25538.708476743188
  0
LWPOLYLINE
  5
671
330
1F
100
AcDbEntity
  8
PDF_형상
370
5
100
AcDbPolyline
 90
2
 70
0
 10
92869.18514129038
 20
22496.80447140558
 10
92962.30864513274
 20
22496.80447140558
  0
LWPOLYLINE
  5
672
330
1F
100
AcDbEntity
  8
PDF_형상
370
5
100
AcDbPolyline
 90
10
 70
0
 10
99868.66650019451
 20
26702.702158378546
 10
99930.75146585294
 20
26454.38376496161
 10
100054.90574792145
 20
26221.58464063664
 10
100256.664394073
 20
26035.345392909723
 10
100489.46946769896
 20
25926.706370621636
 10
100737.78579179382
 20
25864.62528494215
 10
100536.02727497493
 20
25818.065537676746
 10
100365.30729633996
 20
25693.90724629668
 10
100241.14512498093
 20
25523.187267661742
 10
100194.58718837243
 20
25321.42862151021
  0
LWPOLYLINE
  5
674
330
1F
100
AcDbEntity
  8
PDF_형상
370
5
100
AcDbPolyline
 90
6
 70
0
 10
89501.36626774327
 20
38746.15820702472
 10
89563.44334411122
 20
38497.83774428568
 10
89703.1247845622
 20
38265.040559950176
 10
89889.36416162168
 20
38094.32058131524
 10
90122.16121662459
 20
37970.16241926782
 10
90370.48555934259
 20
37908.08133358832
  0
LWPOLYLINE
  5
675
330
1F
100
AcDbEntity
  8
PDF_형상
370
5
100
AcDbPolyline
 90
6
 70
0
 10
90370.48555934259
 20
37939.119871772295
 10
90417.04349595115
 20
37939.119871772295
 10
90417.04349595115
 20
38792.716014300684
 10
89501.36626774327
 20
38792.716014300684
 10
89501.36626774327
 20
38746.15820702472
 10
90370.48555934259
 20
38746.15820702472
  0
LWPOLYLINE
  5
676
330
1F
100
AcDbEntity
  8
PDF_형상
370
5
100
AcDbPolyline
 90
10
 70
0
 10
90417.04349595115
 20
37954.639140864274
 10
90463.60130322711
 20
37954.639140864274
 10
90494.63984141102
 20
37939.119871772295
 10
90494.63984141102
 20
37908.08133358832
 10
90370.48555934259
 20
37908.08133358832
 10
90370.48555934259
 20
38808.23528339266
 10
90494.63984141102
 20
38808.23528339266
 10
90494.63984141102
 20
38792.716014300684
 10
90463.60130322711
 20
38777.19674520869
 10
90417.04349595115
 20
38777.19674520869
  0
LWPOLYLINE
  5
67C
330
1F
100
AcDbEntity
  8
PDF_형상
370
5
100
AcDbPolyline
 90
11
 70
0
 10
91596.55644667846
 20
38777.19674520869
 10
91549.99851006993
 20
38777.19674520869
 10
91503.43281350347
 20
38792.716014300684
 10
91503.43281350347
 20
38808.23528339266
 10
91627.59498486247
 20
38808.23528339266
 10
91627.59498486247
 20
37908.08133358832
 10
91891.43070738197
 20
37970.16241926782
 10
92124.2357810079
 20
38094.32058131524
 10
92310.47502873484
 20
38265.040559950176
 10
92434.62931080336
 20
38497.83774428568
 10
92512.23367488639
 20
38746.15820702472
  0
LWPOLYLINE
  5
67D
330
1F
100
AcDbEntity
  8
PDF_형상
370
5
100
AcDbPolyline
 90
6
 70
0
 10
91627.59498486247
 20
37939.119871772295
 10
91596.55644667846
 20
37939.119871772295
 10
91596.55644667846
 20
38792.716014300684
 10
92512.23367488639
 20
38792.716014300684
 10
92512.23367488639
 20
38746.15820702472
 10
91627.59498486247
 20
38746.15820702472
  0
LWPOLYLINE
  5
680
330
1F
100
AcDbEntity
  8
PDF_형상
370
5
100
AcDbPolyline
 90
5
 70
0
 10
91596.55644667846
 20
37954.639140864274
 10
91549.99851006993
 20
37954.639140864274
 10
91503.43281350347
 20
37939.119871772295
 10
91503.43281350347
 20
37908.08133358832
 10
91627.59498486247
 20
37908.08133358832
  0
LWPOLYLINE
  5
68A
330
1F
100
AcDbEntity
  8
PDF_형상
370
5
100
AcDbPolyline
 90
9
 70
1
 10
75999.03632745727
 20
26966.539950220125
 10
75999.03632745727
 20
26935.501282703517
 10
75967.99778927331
 20
26919.98007362207
 10
75921.43998199735
 20
26919.98007362207
 10
75921.43998199735
 20
26935.501282703517
 10
75005.76262445682
 20
26935.501282703517
 10
75005.76262445682
 20
26904.460804530092
 10
75874.88204538879
 20
26904.460804530092
 10
75874.88204538879
 20
26966.539950220125
  0
LWPOLYLINE
  5
690
330
1F
100
AcDbEntity
  8
PDF_형상
370
5
100
AcDbPolyline
 90
3
 70
0
 10
63769.34310040627
 20
22217.44547048257
 10
60525.68639821817
 20
22217.44547048257
 10
63769.34310040627
 20
22217.44547048257
  0
LWPOLYLINE
  5
691
330
1F
100
AcDbEntity
  8
PDF_형상
370
5
100
AcDbPolyline
 90
2
 70
0
 10
60525.68639821817
 20
22264.005347080623
 10
60525.68639821817
 20
22170.885723217165
  0
LWPOLYLINE
  5
692
330
1F
100
AcDbEntity
  8
PDF_형상
370
5
100
AcDbPolyline
 90
2
 70
0
 10
60510.16699979357
 20
22170.885723217165
 10
60510.16699979357
 20
22264.005347080623
  0
LWPOLYLINE
  5
693
330
1F
100
AcDbEntity
  8
PDF_형상
370
5
100
AcDbPolyline
 90
2
 70
0
 10
60401.52422685917
 20
22170.885723217165
 10
60401.52422685917
 20
22264.005347080623
  0
LWPOLYLINE
  5
696
330
1F
100
AcDbEntity
  8
PDF_형상
370
5
100
AcDbPolyline
 90
2
 70
0
 10
60370.48555934259
 20
22170.885723217165
 10
60370.48555934259
 20
22264.005347080623
  0
LWPOLYLINE
  5
697
330
1F
100
AcDbEntity
  8
PDF_형상
370
5
100
AcDbPolyline
 90
2
 70
0
 10
60401.52422685917
 20
22201.926201390575
 10
60510.16699979357
 20
22201.926201390575
  0
LWPOLYLINE
  5
699
330
1F
100
AcDbEntity
  8
PDF_형상
370
5
100
AcDbPolyline
 90
2
 70
0
 10
100768.8244593104
 20
27261.41809090248
 10
107628.62437776358
 20
27261.41809090248
  0
LWPOLYLINE
  5
69C
330
1F
100
AcDbEntity
  8
PDF_형상
370
5
100
AcDbPolyline
 90
2
 70
0
 10
92962.30864513274
 20
25538.708476743188
 10
92869.18514129038
 20
25538.708476743188
  0
LWPOLYLINE
  5
69D
330
1F
100
AcDbEntity
  8
PDF_형상
370
5
100
AcDbPolyline
 90
4
 70
1
 10
89377.20409638427
 20
33609.06583340873
 10
88383.93039338382
 20
33609.06583340873
 10
88383.93039338382
 20
33531.46547863725
 10
89377.20409638427
 20
33531.46547863725
  0
LWPOLYLINE
  5
69E
330
1F
100
AcDbEntity
  8
PDF_형상
370
5
100
AcDbPolyline
 90
5
 70
0
 10
88430.49608995025
 20
33655.6237700173
 10
88430.49608995025
 20
33609.06583340873
 10
87561.37679835096
 20
33609.06583340873
 10
87561.37679835096
 20
33686.66230820126
 10
88430.49608995025
 20
33686.66230820126
  0
LWPOLYLINE
  5
6A0
330
1F
100
AcDbEntity
  8
PDF_형상
370
5
100
AcDbPolyline
 90
2
 70
0
 10
75890.40131448077
 20
25445.58885287973
 10
75999.03632745727
 20
25445.58885287973
  0
LWPOLYLINE
  5
6A3
330
1F
100
AcDbEntity
  8
PDF_형상
370
5
100
AcDbPolyline
 90
8
 70
0
 10
74353.92900805893
 20
38994.474660452215
 10
74353.92900805893
 20
39879.10934116456
 10
74400.48694466751
 20
39879.10934116456
 10
74400.48694466751
 20
38963.43599293561
 10
72646.73672300215
 20
38963.43599293561
 10
72646.73672300215
 20
39879.10934116456
 10
72693.2946596107
 20
39879.10934116456
 10
72693.2946596107
 20
38994.474660452215
  0
LWPOLYLINE
  5
6A4
330
1F
100
AcDbEntity
  8
PDF_형상
370
5
100
AcDbPolyline
 90
8
 70
0
 10
89361.68469795967
 20
29760.125562140784
 10
89361.68469795967
 20
30629.240973761138
 10
89392.72336547622
 20
30629.240973761138
 10
89392.72336547622
 20
29713.56568554273
 10
87949.37469222942
 20
29713.56568554273
 10
87949.37469222942
 20
30303.322225572723
 10
87964.8939613214
 20
30303.322225572723
 10
87964.8939613214
 20
29760.125562140784
  0
LWPOLYLINE
  5
6A7
330
1F
100
AcDbEntity
  8
PDF_형상
370
5
100
AcDbPolyline
 90
4
 70
0
 10
86288.74021444864
 20
37426.96368651378
 10
85900.74232057015
 20
37426.96368651378
 10
85900.74232057015
 20
37473.52162312237
 10
86288.74021444864
 20
37473.52162312237
  0
LWPOLYLINE
  5
6A8
330
1F
100
AcDbEntity
  8
PDF_형상
370
5
100
AcDbPolyline
 90
4
 70
0
 10
86288.74021444864
 20
34664.416742109715
 10
85745.5495003177
 20
34664.416742109715
 10
85745.5495003177
 20
34571.29698891362
 10
86288.74021444864
 20
34571.29698891362
  0
LWPOLYLINE
  5
6AA
330
1F
100
AcDbEntity
  8
PDF_형상
370
5
100
AcDbPolyline
 90
4
 70
0
 10
86288.74021444864
 20
35657.69432508908
 10
85900.74232057015
 20
35657.69432508908
 10
85900.74232057015
 20
35611.13250850156
 10
86288.74021444864
 20
35611.13250850156
  0
LWPOLYLINE
  5
6AC
330
1F
100
AcDbEntity
  8
PDF_형상
370
5
100
AcDbPolyline
 90
4
 70
0
 10
86288.74021444864
 20
36588.886813077384
 10
85900.74232057015
 20
36588.886813077384
 10
85900.74232057015
 20
36526.80973670944
 10
86288.74021444864
 20
36526.80973670944
  0
LWPOLYLINE
  5
6B0
330
1F
100
AcDbEntity
  8
PDF_형상
370
5
100
AcDbPolyline
 90
7
 70
0
 10
96981.96902436826
 20
22357.12497094408
 10
96981.96902436826
 20
21472.49029023172
 10
97230.2854777958
 20
21550.08870501373
 10
97463.08266213124
 20
21674.24880705063
 10
97633.80264076624
 20
21860.48818411018
 10
97757.96481212512
 20
22093.287308435138
 10
97820.04201782572
 20
22357.12497094408
  0
LWPOLYLINE
  5
6B4
330
1F
100
AcDbEntity
  8
PDF_형상
370
5
100
AcDbPolyline
 90
4
 70
0
 10
107675.19007433004
 20
27292.45869840854
 10
107675.19007433004
 20
27339.01844567396
 10
107659.67080523806
 20
27370.057113190538
 10
107628.62437776358
 20
27370.057113190538
  0
LWPOLYLINE
  5
6B6
330
1F
100
AcDbEntity
  8
PDF_형상
370
5
100
AcDbPolyline
 90
4
 70
0
 10
90060.08414025667
 20
22357.12497094408
 10
90060.08414025667
 20
22388.16557845014
 10
89222.01114679918
 20
22388.16557845014
 10
89222.01114679918
 20
21472.49029023172
  0
LWPOLYLINE
  5
6B7
330
1F
100
AcDbEntity
  8
PDF_형상
370
5
100
AcDbPolyline
 90
11
 70
0
 10
81632.76548790718
 20
22031.206222755653
 10
81586.20755129856
 20
22031.206222755653
 10
81539.6497440226
 20
22046.7274318371
 10
81539.6497440226
 20
22062.246700929078
 10
81663.8119153816
 20
22062.246700929078
 10
81663.8119153816
 20
21162.090811135284
 10
81927.64763790106
 20
21224.171896814783
 10
82160.44482223653
 20
21348.3300588622
 10
82346.68406996348
 20
21519.050037497138
 10
82486.36551041446
 20
21751.84916182211
 10
82548.44271611502
 20
22000.167684571694
  0
LWPOLYLINE
  5
6B9
330
1F
100
AcDbEntity
  8
PDF_형상
370
5
100
AcDbPolyline
 90
12
 70
0
 10
89237.53054522378
 20
22388.16557845014
 10
89237.53054522378
 20
22434.72532571556
 10
89222.01114679918
 20
22481.2852023136
 10
89190.96471932471
 20
22481.2852023136
 10
89190.96471932471
 20
22357.12497094408
 10
90091.12267844057
 20
22357.12497094408
 10
90044.5648711647
 20
22093.287308435138
 10
89920.4026998057
 20
21860.48818411018
 10
89734.1633227461
 20
21674.24880705063
 10
89516.88553683525
 20
21550.08870501373
 10
89253.04981431576
 20
21472.49029023172
 10
89253.04981431576
 20
22357.12497094408
  0
LWPOLYLINE
  5
6BB
330
1F
100
AcDbEntity
  8
PDF_형상
370
5
100
AcDbPolyline
 90
3
 70
0
 10
107628.62437776358
 20
27245.8988218105
 10
108528.78233687945
 20
27245.8988218105
 10
108528.78233687945
 20
27370.057113190538
  0
LWPOLYLINE
  5
6BC
330
1F
100
AcDbEntity
  8
PDF_형상
370
5
100
AcDbPolyline
 90
4
 70
0
 10
97789.00347964179
 20
22357.12497094408
 10
97789.00347964179
 20
22388.16557845014
 10
96935.4033278018
 20
22388.16557845014
 10
96935.4033278018
 20
21472.49029023172
  0
LWPOLYLINE
  5
6C1
330
1F
100
AcDbEntity
  8
PDF_형상
370
5
100
AcDbPolyline
 90
10
 70
0
 10
97773.48421054984
 20
22388.16557845014
 10
97773.48421054984
 20
22434.72532571556
 10
97789.00347964179
 20
22481.2852023136
 10
97820.04201782572
 20
22481.2852023136
 10
97820.04201782572
 20
22357.12497094408
 10
96919.88405870982
 20
22357.12497094408
 10
96919.88405870982
 20
22481.2852023136
 10
96935.4033278018
 20
22481.2852023136
 10
96950.92259689375
 20
22434.72532571556
 10
96950.92259689375
 20
22388.16557845014
  0
LWPOLYLINE
  5
6C5
330
1F
100
AcDbEntity
  8
PDF_형상
370
5
100
AcDbPolyline
 90
13
 70
0
 10
100768.8244593104
 20
27230.37955271852
 10
100768.8244593104
 20
27370.057113190538
 10
107628.62437776358
 20
27370.057113190538
 10
107628.62437776358
 20
27245.8988218105
 10
107690.70934342202
 20
26997.58042839355
 10
107814.86362549053
 20
26764.78130406858
 10
107985.5836041255
 20
26578.542056341663
 10
108218.38867775146
 20
26438.862555880165
 10
108466.70513117897
 20
26376.78341019013
 10
108513.2630677875
 20
26376.78341019013
 10
108513.2630677875
 20
27292.45869840854
 10
107659.67080523806
 20
27292.45869840854
 10
107659.67080523806
 20
27245.8988218105
  0
LWPOLYLINE
  5
6CC
330
1F
100
AcDbEntity
  8
PDF_형상
370
5
100
AcDbPolyline
 90
2
 70
0
 10
108466.70513117897
 20
26376.78341019013
 10
108466.70513117897
 20
27245.8988218105
  0
LWPOLYLINE
  5
6CD
330
1F
100
AcDbEntity
  8
PDF_형상
370
5
100
AcDbPolyline
 90
6
 70
0
 10
81663.8119153816
 20
22000.167684571694
 10
82548.44271611502
 20
22000.167684571694
 10
82548.44271611502
 20
22046.7274318371
 10
81632.76548790718
 20
22046.7274318371
 10
81632.76548790718
 20
21193.131289308723
 10
81663.8119153816
 20
21193.131289308723
  0
LWPOLYLINE
  5
6D1
330
1F
100
AcDbEntity
  8
PDF_형상
370
5
100
AcDbPolyline
 90
5
 70
0
 10
81632.76548790718
 20
21208.650558400703
 10
81586.20755129856
 20
21208.650558400703
 10
81539.6497440226
 20
21193.131289308723
 10
81539.6497440226
 20
21162.090811135284
 10
81663.8119153816
 20
21162.090811135284
  0
LWPOLYLINE
  5
6DA
330
1F
100
AcDbEntity
  8
PDF_형상
370
5
100
AcDbPolyline
 90
5
 70
0
 10
90044.5648711647
 20
22388.16557845014
 10
90044.5648711647
 20
22434.72532571556
 10
90060.08414025667
 20
22481.2852023136
 10
90091.12267844057
 20
22481.2852023136
 10
90091.12267844057
 20
22357.12497094408
  0
ARC
  5
6E5
330
1F
100
AcDbEntity
  8
PDF_형상
370
5
100
AcDbCircle
 10
57328.514517010175
 20
22217.516387919728
 30
0.0
 40
853.6651224580983
100
AcDbArc
 50
-89.99563085855469
 51
91.03730044198171
  0
LWPOLYLINE
  5
6E7
330
1F
100
AcDbEntity
  8
PDF_형상
370
5
100
AcDbPolyline
 90
2
 70
0
 10
58213.2183040394
 20
22264.005347080623
 10
58213.2183040394
 20
22170.885723217165
  0
LWPOLYLINE
  5
6E8
330
1F
100
AcDbEntity
  8
PDF_형상
370
5
100
AcDbPolyline
 90
2
 70
0
 10
57250.98313922294
 20
22170.885723217165
 10
57250.98313922294
 20
22264.005347080623
  0
LWPOLYLINE
  5
6E9
330
1F
100
AcDbEntity
  8
PDF_형상
370
5
100
AcDbPolyline
 90
2
 70
0
 10
49351.343821202885
 20
93003.77825501724
 10
49351.343821202885
 20
94276.41483891965
  0
LWPOLYLINE
  5
6EA
330
1F
100
AcDbEntity
  8
PDF_형상
370
5
100
AcDbPolyline
 90
2
 70
0
 10
49553.10246735443
 20
93003.77825501724
 10
49553.10246735443
 20
94276.41483891965
  0
LWPOLYLINE
  5
6EB
330
1F
100
AcDbEntity
  8
PDF_형상
370
5
100
AcDbPolyline
 90
2
 70
1
 10
98689.1535494672
 20
101074.13768100491
 10
98689.1535494672
 20
97861.51162771022
  0
LWPOLYLINE
  5
6EC
330
1F
100
AcDbEntity
  8
PDF_형상
370
5
100
AcDbPolyline
 90
3
 70
0
 10
107690.70934342202
 20
102672.68706379473
 10
107690.70934342202
 20
97861.51162771022
 10
107690.70934342202
 20
101074.13768100491
  0
LWPOLYLINE
  5
6ED
330
1F
100
AcDbEntity
  8
PDF_형상
370
5
100
AcDbPolyline
 90
2
 70
0
 10
98285.63625716411
 20
100670.62038870182
 10
108078.7072373005
 20
100670.62038870182
  0
SOLID
  5
6EE
330
1F
100
AcDbEntity
  8
PDF_솔리드 채우기
440
33554559
100
AcDbTrace
 10
98580.51853649064
 20
100670.62038870182
 30
0.0
 11
98611.55707467465
 21
100593.0240432419
 31
0.0
 12
98689.1535494672
 22
100670.62038870182
 32
0.0
 13
98689.1535494672
 23
100670.62038870182
 33
0.0
  0
SOLID
  5
6EF
330
1F
100
AcDbEntity
  8
PDF_솔리드 채우기
440
33554559
100
AcDbTrace
 10
98611.55707467465
 20
100593.0240432419
 30
0.0
 11
98689.1535494672
 21
100561.97761576751
 31
0.0
 12
98689.1535494672
 22
100670.62038870182
 32
0.0
 13
98689.1535494672
 23
100670.62038870182
 33
0.0
  0
SOLID
  5
6F0
330
1F
100
AcDbEntity
  8
PDF_솔리드 채우기
440
33554559
100
AcDbTrace
 10
98689.1535494672
 20
100561.97761576751
 30
0.0
 11
98751.23851512563
 21
100593.0240432419
 31
0.0
 12
98689.1535494672
 22
100670.62038870182
 32
0.0
 13
98689.1535494672
 23
100670.62038870182
 33
0.0
  0
SOLID
  5
6F1
330
1F
100
AcDbEntity
  8
PDF_솔리드 채우기
440
33554559
100
AcDbTrace
 10
98751.23851512563
 20
100593.0240432419
 30
0.0
 11
98782.27705330953
 21
100670.62038870182
 31
0.0
 12
98689.1535494672
 22
100670.62038870182
 32
0.0
 13
98689.1535494672
 23
100670.62038870182
 33
0.0
  0
SOLID
  5
6F2
330
1F
100
AcDbEntity
  8
PDF_솔리드 채우기
440
33554559
100
AcDbTrace
 10
98782.27705330953
 20
100670.62038870182
 30
0.0
 11
98751.23851512563
 21
100732.69759440239
 31
0.0
 12
98689.1535494672
 22
100670.62038870182
 32
0.0
 13
98689.1535494672
 23
100670.62038870182
 33
0.0
  0
SOLID
  5
6F3
330
1F
100
AcDbEntity
  8
PDF_솔리드 채우기
440
33554559
100
AcDbTrace
 10
98751.23851512563
 20
100732.69759440239
 30
0.0
 11
98689.1535494672
 21
100763.7361325864
 31
0.0
 12
98689.1535494672
 22
100670.62038870182
 32
0.0
 13
98689.1535494672
 23
100670.62038870182
 33
0.0
  0
SOLID
  5
6F4
330
1F
100
AcDbEntity
  8
PDF_솔리드 채우기
440
33554559
100
AcDbTrace
 10
98689.1535494672
 20
100763.7361325864
 30
0.0
 11
98611.55707467465
 21
100732.69759440239
 31
0.0
 12
98689.1535494672
 22
100670.62038870182
 32
0.0
 13
98689.1535494672
 23
100670.62038870182
 33
0.0
  0
SOLID
  5
6F5
330
1F
100
AcDbEntity
  8
PDF_솔리드 채우기
440
33554559
100
AcDbTrace
 10
98611.55707467465
 20
100732.69759440239
 30
0.0
 11
98580.51853649064
 21
100670.62038870182
 31
0.0
 12
98689.1535494672
 22
100670.62038870182
 32
0.0
 13
98689.1535494672
 23
100670.62038870182
 33
0.0
  0
SOLID
  5
6F6
330
1F
100
AcDbEntity
  8
PDF_솔리드 채우기
440
33554559
100
AcDbTrace
 10
107783.8250873066
 20
100670.62038870182
 30
0.0
 11
107752.78654912258
 21
100732.69759440239
 31
0.0
 12
107690.70934342202
 22
100670.62038870182
 32
0.0
 13
107690.70934342202
 23
100670.62038870182
 33
0.0
  0
SOLID
  5
6F7
330
1F
100
AcDbEntity
  8
PDF_솔리드 채우기
440
33554559
100
AcDbTrace
 10
107752.78654912258
 20
100732.69759440239
 30
0.0
 11
107690.70934342202
 21
100763.7361325864
 31
0.0
 12
107690.70934342202
 22
100670.62038870182
 32
0.0
 13
107690.70934342202
 23
100670.62038870182
 33
0.0
  0
SOLID
  5
6F8
330
1F
100
AcDbEntity
  8
PDF_솔리드 채우기
440
33554559
100
AcDbTrace
 10
107690.70934342202
 20
100763.7361325864
 30
0.0
 11
107613.10510867163
 21
100732.69759440239
 31
0.0
 12
107690.70934342202
 22
100670.62038870182
 32
0.0
 13
107690.70934342202
 23
100670.62038870182
 33
0.0
  0
SOLID
  5
6F9
330
1F
100
AcDbEntity
  8
PDF_솔리드 채우기
440
33554559
100
AcDbTrace
 10
107613.10510867163
 20
100732.69759440239
 30
0.0
 11
107582.06644115505
 21
100670.62038870182
 31
0.0
 12
107690.70934342202
 22
100670.62038870182
 32
0.0
 13
107690.70934342202
 23
100670.62038870182
 33
0.0
  0
SOLID
  5
6FA
330
1F
100
AcDbEntity
  8
PDF_솔리드 채우기
440
33554559
100
AcDbTrace
 10
107582.06644115505
 20
100670.62038870182
 30
0.0
 11
107613.10510867163
 21
100593.0240432419
 31
0.0
 12
107690.70934342202
 22
100670.62038870182
 32
0.0
 13
107690.70934342202
 23
100670.62038870182
 33
0.0
  0
SOLID
  5
6FB
330
1F
100
AcDbEntity
  8
PDF_솔리드 채우기
440
33554559
100
AcDbTrace
 10
107613.10510867163
 20
100593.0240432419
 30
0.0
 11
107690.70934342202
 21
100561.97761576751
 31
0.0
 12
107690.70934342202
 22
100670.62038870182
 32
0.0
 13
107690.70934342202
 23
100670.62038870182
 33
0.0
  0
SOLID
  5
6FC
330
1F
100
AcDbEntity
  8
PDF_솔리드 채우기
440
33554559
100
AcDbTrace
 10
107690.70934342202
 20
100561.97761576751
 30
0.0
 11
107752.78654912258
 21
100593.0240432419
 31
0.0
 12
107690.70934342202
 22
100670.62038870182
 32
0.0
 13
107690.70934342202
 23
100670.62038870182
 33
0.0
  0
SOLID
  5
6FD
330
1F
100
AcDbEntity
  8
PDF_솔리드 채우기
440
33554559
100
AcDbTrace
 10
107752.78654912258
 20
100593.0240432419
 30
0.0
 11
107783.8250873066
 21
100670.62038870182
 31
0.0
 12
107690.70934342202
 22
100670.62038870182
 32
0.0
 13
107690.70934342202
 23
100670.62038870182
 33
0.0
  0
LWPOLYLINE
  5
6FE
330
1F
100
AcDbEntity
  8
PDF_형상
370
5
100
AcDbPolyline
 90
2
 70
1
 10
89687.60551547013
 20
101074.13768100491
 10
89687.60551547013
 20
97861.51162771022
  0
LWPOLYLINE
  5
700
330
1F
100
AcDbEntity
  8
PDF_형상
370
5
100
AcDbPolyline
 90
2
 70
0
 10
89284.08835249969
 20
100670.62038870182
 10
99092.67071243764
 20
100670.62038870182
  0
SOLID
  5
701
330
1F
100
AcDbEntity
  8
PDF_솔리드 채우기
440
33554559
100
AcDbTrace
 10
89594.48977158564
 20
100670.62038870182
 30
0.0
 11
89625.52843910227
 21
100593.0240432419
 31
0.0
 12
89687.60551547013
 22
100670.62038870182
 32
0.0
 13
89687.60551547013
 23
100670.62038870182
 33
0.0
  0
SOLID
  5
702
330
1F
100
AcDbEntity
  8
PDF_솔리드 채우기
440
33554559
100
AcDbTrace
 10
89625.52843910227
 20
100593.0240432419
 30
0.0
 11
89687.60551547013
 21
100561.97761576751
 31
0.0
 12
89687.60551547013
 22
100670.62038870182
 32
0.0
 13
89687.60551547013
 23
100670.62038870182
 33
0.0
  0
SOLID
  5
703
330
1F
100
AcDbEntity
  8
PDF_솔리드 채우기
440
33554559
100
AcDbTrace
 10
89687.60551547013
 20
100561.97761576751
 30
0.0
 11
89765.20199026265
 21
100593.0240432419
 31
0.0
 12
89687.60551547013
 22
100670.62038870182
 32
0.0
 13
89687.60551547013
 23
100670.62038870182
 33
0.0
  0
SOLID
  5
704
330
1F
100
AcDbEntity
  8
PDF_솔리드 채우기
440
33554559
100
AcDbTrace
 10
89765.20199026265
 20
100593.0240432419
 30
0.0
 11
89796.24841773718
 21
100670.62038870182
 31
0.0
 12
89687.60551547013
 22
100670.62038870182
 32
0.0
 13
89687.60551547013
 23
100670.62038870182
 33
0.0
  0
SOLID
  5
705
330
1F
100
AcDbEntity
  8
PDF_솔리드 채우기
440
33554559
100
AcDbTrace
 10
89796.24841773718
 20
100670.62038870182
 30
0.0
 11
89765.20199026265
 21
100732.69759440239
 31
0.0
 12
89687.60551547013
 22
100670.62038870182
 32
0.0
 13
89687.60551547013
 23
100670.62038870182
 33
0.0
  0
SOLID
  5
706
330
1F
100
AcDbEntity
  8
PDF_솔리드 채우기
440
33554559
100
AcDbTrace
 10
89765.20199026265
 20
100732.69759440239
 30
0.0
 11
89687.60551547013
 21
100763.7361325864
 31
0.0
 12
89687.60551547013
 22
100670.62038870182
 32
0.0
 13
89687.60551547013
 23
100670.62038870182
 33
0.0
  0
SOLID
  5
707
330
1F
100
AcDbEntity
  8
PDF_솔리드 채우기
440
33554559
100
AcDbTrace
 10
89687.60551547013
 20
100763.7361325864
 30
0.0
 11
89625.52843910227
 21
100732.69759440239
 31
0.0
 12
89687.60551547013
 22
100670.62038870182
 32
0.0
 13
89687.60551547013
 23
100670.62038870182
 33
0.0
  0
SOLID
  5
708
330
1F
100
AcDbEntity
  8
PDF_솔리드 채우기
440
33554559
100
AcDbTrace
 10
89625.52843910227
 20
100732.69759440239
 30
0.0
 11
89594.48977158564
 21
100670.62038870182
 31
0.0
 12
89687.60551547013
 22
100670.62038870182
 32
0.0
 13
89687.60551547013
 23
100670.62038870182
 33
0.0
  0
SOLID
  5
709
330
1F
100
AcDbEntity
  8
PDF_솔리드 채우기
440
33554559
100
AcDbTrace
 10
98782.27705330953
 20
100670.62038870182
 30
0.0
 11
98751.23851512563
 21
100732.69759440239
 31
0.0
 12
98689.1535494672
 22
100670.62038870182
 32
0.0
 13
98689.1535494672
 23
100670.62038870182
 33
0.0
  0
SOLID
  5
70A
330
1F
100
AcDbEntity
  8
PDF_솔리드 채우기
440
33554559
100
AcDbTrace
 10
98751.23851512563
 20
100732.69759440239
 30
0.0
 11
98689.1535494672
 21
100763.7361325864
 31
0.0
 12
98689.1535494672
 22
100670.62038870182
 32
0.0
 13
98689.1535494672
 23
100670.62038870182
 33
0.0
  0
SOLID
  5
70B
330
1F
100
AcDbEntity
  8
PDF_솔리드 채우기
440
33554559
100
AcDbTrace
 10
98689.1535494672
 20
100763.7361325864
 30
0.0
 11
98611.55707467465
 21
100732.69759440239
 31
0.0
 12
98689.1535494672
 22
100670.62038870182
 32
0.0
 13
98689.1535494672
 23
100670.62038870182
 33
0.0
  0
SOLID
  5
70C
330
1F
100
AcDbEntity
  8
PDF_솔리드 채우기
440
33554559
100
AcDbTrace
 10
98611.55707467465
 20
100732.69759440239
 30
0.0
 11
98580.51853649064
 21
100670.62038870182
 31
0.0
 12
98689.1535494672
 22
100670.62038870182
 32
0.0
 13
98689.1535494672
 23
100670.62038870182
 33
0.0
  0
SOLID
  5
70D
330
1F
100
AcDbEntity
  8
PDF_솔리드 채우기
440
33554559
100
AcDbTrace
 10
98580.51853649064
 20
100670.62038870182
 30
0.0
 11
98611.55707467465
 21
100593.0240432419
 31
0.0
 12
98689.1535494672
 22
100670.62038870182
 32
0.0
 13
98689.1535494672
 23
100670.62038870182
 33
0.0
  0
SOLID
  5
70E
330
1F
100
AcDbEntity
  8
PDF_솔리드 채우기
440
33554559
100
AcDbTrace
 10
98611.55707467465
 20
100593.0240432419
 30
0.0
 11
98689.1535494672
 21
100561.97761576751
 31
0.0
 12
98689.1535494672
 22
100670.62038870182
 32
0.0
 13
98689.1535494672
 23
100670.62038870182
 33
0.0
  0
SOLID
  5
70F
330
1F
100
AcDbEntity
  8
PDF_솔리드 채우기
440
33554559
100
AcDbTrace
 10
98689.1535494672
 20
100561.97761576751
 30
0.0
 11
98751.23851512563
 21
100593.0240432419
 31
0.0
 12
98689.1535494672
 22
100670.62038870182
 32
0.0
 13
98689.1535494672
 23
100670.62038870182
 33
0.0
  0
SOLID
  5
710
330
1F
100
AcDbEntity
  8
PDF_솔리드 채우기
440
33554559
100
AcDbTrace
 10
98751.23851512563
 20
100593.0240432419
 30
0.0
 11
98782.27705330953
 21
100670.62038870182
 31
0.0
 12
98689.1535494672
 22
100670.62038870182
 32
0.0
 13
98689.1535494672
 23
100670.62038870182
 33
0.0
  0
LWPOLYLINE
  5
711
330
1F
100
AcDbEntity
  8
PDF_형상
370
5
100
AcDbPolyline
 90
2
 70
1
 10
80701.57687989778
 20
101074.13768100491
 10
80701.57687989778
 20
97861.51162771022
  0
LWPOLYLINE
  5
713
330
1F
100
AcDbEntity
  8
PDF_형상
370
5
100
AcDbPolyline
 90
2
 70
0
 10
80298.05958759469
 20
100670.62038870182
 10
90091.12267844057
 20
100670.62038870182
  0
SOLID
  5
714
330
1F
100
AcDbEntity
  8
PDF_솔리드 채우기
440
33554559
100
AcDbTrace
 10
80592.93397763073
 20
100670.62038870182
 30
0.0
 11
80623.97251581475
 21
100593.0240432419
 31
0.0
 12
80701.57687989778
 22
100670.62038870182
 32
0.0
 13
80701.57687989778
 23
100670.62038870182
 33
0.0
  0
SOLID
  5
715
330
1F
100
AcDbEntity
  8
PDF_솔리드 채우기
440
33554559
100
AcDbTrace
 10
80623.97251581475
 20
100593.0240432419
 30
0.0
 11
80701.57687989778
 21
100561.97761576751
 31
0.0
 12
80701.57687989778
 22
100670.62038870182
 32
0.0
 13
80701.57687989778
 23
100670.62038870182
 33
0.0
  0
SOLID
  5
716
330
1F
100
AcDbEntity
  8
PDF_솔리드 채우기
440
33554559
100
AcDbTrace
 10
80701.57687989778
 20
100561.97761576751
 30
0.0
 11
80763.6539562657
 21
100593.0240432419
 31
0.0
 12
80701.57687989778
 22
100670.62038870182
 32
0.0
 13
80701.57687989778
 23
100670.62038870182
 33
0.0
  0
SOLID
  5
717
330
1F
100
AcDbEntity
  8
PDF_솔리드 채우기
440
33554559
100
AcDbTrace
 10
80763.6539562657
 20
100593.0240432419
 30
0.0
 11
80794.69249444972
 21
100670.62038870182
 31
0.0
 12
80701.57687989778
 22
100670.62038870182
 32
0.0
 13
80701.57687989778
 23
100670.62038870182
 33
0.0
  0
SOLID
  5
718
330
1F
100
AcDbEntity
  8
PDF_솔리드 채우기
440
33554559
100
AcDbTrace
 10
80794.69249444972
 20
100670.62038870182
 30
0.0
 11
80763.6539562657
 21
100732.69759440239
 31
0.0
 12
80701.57687989778
 22
100670.62038870182
 32
0.0
 13
80701.57687989778
 23
100670.62038870182
 33
0.0
  0
SOLID
  5
719
330
1F
100
AcDbEntity
  8
PDF_솔리드 채우기
440
33554559
100
AcDbTrace
 10
80763.6539562657
 20
100732.69759440239
 30
0.0
 11
80701.57687989778
 21
100763.7361325864
 31
0.0
 12
80701.57687989778
 22
100670.62038870182
 32
0.0
 13
80701.57687989778
 23
100670.62038870182
 33
0.0
  0
SOLID
  5
71A
330
1F
100
AcDbEntity
  8
PDF_솔리드 채우기
440
33554559
100
AcDbTrace
 10
80701.57687989778
 20
100763.7361325864
 30
0.0
 11
80623.97251581475
 21
100732.69759440239
 31
0.0
 12
80701.57687989778
 22
100670.62038870182
 32
0.0
 13
80701.57687989778
 23
100670.62038870182
 33
0.0
  0
SOLID
  5
71B
330
1F
100
AcDbEntity
  8
PDF_솔리드 채우기
440
33554559
100
AcDbTrace
 10
80623.97251581475
 20
100732.69759440239
 30
0.0
 11
80592.93397763073
 21
100670.62038870182
 31
0.0
 12
80701.57687989778
 22
100670.62038870182
 32
0.0
 13
80701.57687989778
 23
100670.62038870182
 33
0.0
  0
SOLID
  5
71C
330
1F
100
AcDbEntity
  8
PDF_솔리드 채우기
440
33554559
100
AcDbTrace
 10
89796.24841773718
 20
100670.62038870182
 30
0.0
 11
89765.20199026265
 21
100732.69759440239
 31
0.0
 12
89687.60551547013
 22
100670.62038870182
 32
0.0
 13
89687.60551547013
 23
100670.62038870182
 33
0.0
  0
SOLID
  5
71D
330
1F
100
AcDbEntity
  8
PDF_솔리드 채우기
440
33554559
100
AcDbTrace
 10
89765.20199026265
 20
100732.69759440239
 30
0.0
 11
89687.60551547013
 21
100763.7361325864
 31
0.0
 12
89687.60551547013
 22
100670.62038870182
 32
0.0
 13
89687.60551547013
 23
100670.62038870182
 33
0.0
  0
SOLID
  5
71E
330
1F
100
AcDbEntity
  8
PDF_솔리드 채우기
440
33554559
100
AcDbTrace
 10
89687.60551547013
 20
100763.7361325864
 30
0.0
 11
89625.52843910227
 21
100732.69759440239
 31
0.0
 12
89687.60551547013
 22
100670.62038870182
 32
0.0
 13
89687.60551547013
 23
100670.62038870182
 33
0.0
  0
SOLID
  5
71F
330
1F
100
AcDbEntity
  8
PDF_솔리드 채우기
440
33554559
100
AcDbTrace
 10
89625.52843910227
 20
100732.69759440239
 30
0.0
 11
89594.48977158564
 21
100670.62038870182
 31
0.0
 12
89687.60551547013
 22
100670.62038870182
 32
0.0
 13
89687.60551547013
 23
100670.62038870182
 33
0.0
  0
SOLID
  5
720
330
1F
100
AcDbEntity
  8
PDF_솔리드 채우기
440
33554559
100
AcDbTrace
 10
89594.48977158564
 20
100670.62038870182
 30
0.0
 11
89625.52843910227
 21
100593.0240432419
 31
0.0
 12
89687.60551547013
 22
100670.62038870182
 32
0.0
 13
89687.60551547013
 23
100670.62038870182
 33
0.0
  0
SOLID
  5
721
330
1F
100
AcDbEntity
  8
PDF_솔리드 채우기
440
33554559
100
AcDbTrace
 10
89625.52843910227
 20
100593.0240432419
 30
0.0
 11
89687.60551547013
 21
100561.97761576751
 31
0.0
 12
89687.60551547013
 22
100670.62038870182
 32
0.0
 13
89687.60551547013
 23
100670.62038870182
 33
0.0
  0
SOLID
  5
722
330
1F
100
AcDbEntity
  8
PDF_솔리드 채우기
440
33554559
100
AcDbTrace
 10
89687.60551547013
 20
100561.97761576751
 30
0.0
 11
89765.20199026265
 21
100593.0240432419
 31
0.0
 12
89687.60551547013
 22
100670.62038870182
 32
0.0
 13
89687.60551547013
 23
100670.62038870182
 33
0.0
  0
SOLID
  5
723
330
1F
100
AcDbEntity
  8
PDF_솔리드 채우기
440
33554559
100
AcDbTrace
 10
89765.20199026265
 20
100593.0240432419
 30
0.0
 11
89796.24841773718
 21
100670.62038870182
 31
0.0
 12
89687.60551547013
 22
100670.62038870182
 32
0.0
 13
89687.60551547013
 23
100670.62038870182
 33
0.0
  0
LWPOLYLINE
  5
724
330
1F
100
AcDbEntity
  8
PDF_형상
370
5
100
AcDbPolyline
 90
2
 70
1
 10
71451.70450318283
 20
101074.13768100491
 10
71451.70450318283
 20
97861.51162771022
  0
LWPOLYLINE
  5
726
330
1F
100
AcDbEntity
  8
PDF_형상
370
5
100
AcDbPolyline
 90
2
 70
0
 10
71048.18734021239
 20
100670.62038870182
 10
81089.57477377627
 20
100670.62038870182
  0
SOLID
  5
727
330
1F
100
AcDbEntity
  8
PDF_솔리드 채우기
440
33554559
100
AcDbTrace
 10
71343.06160091581
 20
100670.62038870182
 30
0.0
 11
71374.10802839028
 21
100593.0240432419
 31
0.0
 12
71451.70450318283
 22
100670.62038870182
 32
0.0
 13
71451.70450318283
 23
100670.62038870182
 33
0.0
  0
SOLID
  5
728
330
1F
100
AcDbEntity
  8
PDF_솔리드 채우기
440
33554559
100
AcDbTrace
 10
71374.10802839028
 20
100593.0240432419
 30
0.0
 11
71451.70450318283
 21
100561.97761576751
 31
0.0
 12
71451.70450318283
 22
100670.62038870182
 32
0.0
 13
71451.70450318283
 23
100670.62038870182
 33
0.0
  0
SOLID
  5
729
330
1F
100
AcDbEntity
  8
PDF_솔리드 채우기
440
33554559
100
AcDbTrace
 10
71451.70450318283
 20
100561.97761576751
 30
0.0
 11
71513.78157955075
 21
100593.0240432419
 31
0.0
 12
71451.70450318283
 22
100670.62038870182
 32
0.0
 13
71451.70450318283
 23
100670.62038870182
 33
0.0
  0
SOLID
  5
72A
330
1F
100
AcDbEntity
  8
PDF_솔리드 채우기
440
33554559
100
AcDbTrace
 10
71513.78157955075
 20
100593.0240432419
 30
0.0
 11
71544.82024706736
 21
100670.62038870182
 31
0.0
 12
71451.70450318283
 22
100670.62038870182
 32
0.0
 13
71451.70450318283
 23
100670.62038870182
 33
0.0
  0
SOLID
  5
72B
330
1F
100
AcDbEntity
  8
PDF_솔리드 채우기
440
33554559
100
AcDbTrace
 10
71544.82024706736
 20
100670.62038870182
 30
0.0
 11
71513.78157955075
 21
100732.69759440239
 31
0.0
 12
71451.70450318283
 22
100670.62038870182
 32
0.0
 13
71451.70450318283
 23
100670.62038870182
 33
0.0
  0
SOLID
  5
72C
330
1F
100
AcDbEntity
  8
PDF_솔리드 채우기
440
33554559
100
AcDbTrace
 10
71513.78157955075
 20
100732.69759440239
 30
0.0
 11
71451.70450318283
 21
100763.7361325864
 31
0.0
 12
71451.70450318283
 22
100670.62038870182
 32
0.0
 13
71451.70450318283
 23
100670.62038870182
 33
0.0
  0
SOLID
  5
72D
330
1F
100
AcDbEntity
  8
PDF_솔리드 채우기
440
33554559
100
AcDbTrace
 10
71451.70450318283
 20
100763.7361325864
 30
0.0
 11
71374.10802839028
 21
100732.69759440239
 31
0.0
 12
71451.70450318283
 22
100670.62038870182
 32
0.0
 13
71451.70450318283
 23
100670.62038870182
 33
0.0
  0
SOLID
  5
72E
330
1F
100
AcDbEntity
  8
PDF_솔리드 채우기
440
33554559
100
AcDbTrace
 10
71374.10802839028
 20
100732.69759440239
 30
0.0
 11
71343.06160091581
 21
100670.62038870182
 31
0.0
 12
71451.70450318283
 22
100670.62038870182
 32
0.0
 13
71451.70450318283
 23
100670.62038870182
 33
0.0
  0
SOLID
  5
72F
330
1F
100
AcDbEntity
  8
PDF_솔리드 채우기
440
33554559
100
AcDbTrace
 10
80794.69249444972
 20
100670.62038870182
 30
0.0
 11
80763.6539562657
 21
100732.69759440239
 31
0.0
 12
80701.57687989778
 22
100670.62038870182
 32
0.0
 13
80701.57687989778
 23
100670.62038870182
 33
0.0
  0
SOLID
  5
730
330
1F
100
AcDbEntity
  8
PDF_솔리드 채우기
440
33554559
100
AcDbTrace
 10
80763.6539562657
 20
100732.69759440239
 30
0.0
 11
80701.57687989778
 21
100763.7361325864
 31
0.0
 12
80701.57687989778
 22
100670.62038870182
 32
0.0
 13
80701.57687989778
 23
100670.62038870182
 33
0.0
  0
SOLID
  5
731
330
1F
100
AcDbEntity
  8
PDF_솔리드 채우기
440
33554559
100
AcDbTrace
 10
80701.57687989778
 20
100763.7361325864
 30
0.0
 11
80623.97251581475
 21
100732.69759440239
 31
0.0
 12
80701.57687989778
 22
100670.62038870182
 32
0.0
 13
80701.57687989778
 23
100670.62038870182
 33
0.0
  0
SOLID
  5
732
330
1F
100
AcDbEntity
  8
PDF_솔리드 채우기
440
33554559
100
AcDbTrace
 10
80623.97251581475
 20
100732.69759440239
 30
0.0
 11
80592.93397763073
 21
100670.62038870182
 31
0.0
 12
80701.57687989778
 22
100670.62038870182
 32
0.0
 13
80701.57687989778
 23
100670.62038870182
 33
0.0
  0
SOLID
  5
733
330
1F
100
AcDbEntity
  8
PDF_솔리드 채우기
440
33554559
100
AcDbTrace
 10
80592.93397763073
 20
100670.62038870182
 30
0.0
 11
80623.97251581475
 21
100593.0240432419
 31
0.0
 12
80701.57687989778
 22
100670.62038870182
 32
0.0
 13
80701.57687989778
 23
100670.62038870182
 33
0.0
  0
SOLID
  5
734
330
1F
100
AcDbEntity
  8
PDF_솔리드 채우기
440
33554559
100
AcDbTrace
 10
80623.97251581475
 20
100593.0240432419
 30
0.0
 11
80701.57687989778
 21
100561.97761576751
 31
0.0
 12
80701.57687989778
 22
100670.62038870182
 32
0.0
 13
80701.57687989778
 23
100670.62038870182
 33
0.0
  0
SOLID
  5
735
330
1F
100
AcDbEntity
  8
PDF_솔리드 채우기
440
33554559
100
AcDbTrace
 10
80701.57687989778
 20
100561.97761576751
 30
0.0
 11
80763.6539562657
 21
100593.0240432419
 31
0.0
 12
80701.57687989778
 22
100670.62038870182
 32
0.0
 13
80701.57687989778
 23
100670.62038870182
 33
0.0
  0
SOLID
  5
736
330
1F
100
AcDbEntity
  8
PDF_솔리드 채우기
440
33554559
100
AcDbTrace
 10
80763.6539562657
 20
100593.0240432419
 30
0.0
 11
80794.69249444972
 21
100670.62038870182
 31
0.0
 12
80701.57687989778
 22
100670.62038870182
 32
0.0
 13
80701.57687989778
 23
100670.62038870182
 33
0.0
  0
LWPOLYLINE
  5
737
330
1F
100
AcDbEntity
  8
PDF_형상
370
5
100
AcDbPolyline
 90
2
 70
1
 10
62698.472922613306
 20
101074.13768100491
 10
62698.472922613306
 20
97861.51162771022
  0
LWPOLYLINE
  5
739
330
1F
100
AcDbEntity
  8
PDF_형상
370
5
100
AcDbPolyline
 90
2
 70
0
 10
62294.955759642864
 20
100670.62038870182
 10
71855.22166615327
 20
100670.62038870182
  0
SOLID
  5
73A
330
1F
100
AcDbEntity
  8
PDF_솔리드 채우기
440
33554559
100
AcDbTrace
 10
62605.349418770915
 20
100670.62038870182
 30
0.0
 11
62636.39584624539
 21
100593.0240432419
 31
0.0
 12
62698.472922613306
 22
100670.62038870182
 32
0.0
 13
62698.472922613306
 23
100670.62038870182
 33
0.0
  0
SOLID
  5
73B
330
1F
100
AcDbEntity
  8
PDF_솔리드 채우기
440
33554559
100
AcDbTrace
 10
62636.39584624539
 20
100593.0240432419
 30
0.0
 11
62698.472922613306
 21
100561.97761576751
 31
0.0
 12
62698.472922613306
 22
100670.62038870182
 32
0.0
 13
62698.472922613306
 23
100670.62038870182
 33
0.0
  0
SOLID
  5
73C
330
1F
100
AcDbEntity
  8
PDF_솔리드 채우기
440
33554559
100
AcDbTrace
 10
62698.472922613306
 20
100561.97761576751
 30
0.0
 11
62776.06939740582
 21
100593.0240432419
 31
0.0
 12
62698.472922613306
 22
100670.62038870182
 32
0.0
 13
62698.472922613306
 23
100670.62038870182
 33
0.0
  0
SOLID
  5
73D
330
1F
100
AcDbEntity
  8
PDF_솔리드 채우기
440
33554559
100
AcDbTrace
 10
62776.06939740582
 20
100593.0240432419
 30
0.0
 11
62807.10793558981
 21
100670.62038870182
 31
0.0
 12
62698.472922613306
 22
100670.62038870182
 32
0.0
 13
62698.472922613306
 23
100670.62038870182
 33
0.0
  0
SOLID
  5
73E
330
1F
100
AcDbEntity
  8
PDF_솔리드 채우기
440
33554559
100
AcDbTrace
 10
62807.10793558981
 20
100670.62038870182
 30
0.0
 11
62776.06939740582
 21
100732.69759440239
 31
0.0
 12
62698.472922613306
 22
100670.62038870182
 32
0.0
 13
62698.472922613306
 23
100670.62038870182
 33
0.0
  0
SOLID
  5
73F
330
1F
100
AcDbEntity
  8
PDF_솔리드 채우기
440
33554559
100
AcDbTrace
 10
62776.06939740582
 20
100732.69759440239
 30
0.0
 11
62698.472922613306
 21
100763.7361325864
 31
0.0
 12
62698.472922613306
 22
100670.62038870182
 32
0.0
 13
62698.472922613306
 23
100670.62038870182
 33
0.0
  0
SOLID
  5
740
330
1F
100
AcDbEntity
  8
PDF_솔리드 채우기
440
33554559
100
AcDbTrace
 10
62698.472922613306
 20
100763.7361325864
 30
0.0
 11
62636.39584624539
 21
100732.69759440239
 31
0.0
 12
62698.472922613306
 22
100670.62038870182
 32
0.0
 13
62698.472922613306
 23
100670.62038870182
 33
0.0
  0
SOLID
  5
741
330
1F
100
AcDbEntity
  8
PDF_솔리드 채우기
440
33554559
100
AcDbTrace
 10
62636.39584624539
 20
100732.69759440239
 30
0.0
 11
62605.349418770915
 21
100670.62038870182
 31
0.0
 12
62698.472922613306
 22
100670.62038870182
 32
0.0
 13
62698.472922613306
 23
100670.62038870182
 33
0.0
  0
SOLID
  5
742
330
1F
100
AcDbEntity
  8
PDF_솔리드 채우기
440
33554559
100
AcDbTrace
 10
71544.82024706736
 20
100670.62038870182
 30
0.0
 11
71513.78157955075
 21
100732.69759440239
 31
0.0
 12
71451.70450318283
 22
100670.62038870182
 32
0.0
 13
71451.70450318283
 23
100670.62038870182
 33
0.0
  0
SOLID
  5
743
330
1F
100
AcDbEntity
  8
PDF_솔리드 채우기
440
33554559
100
AcDbTrace
 10
71513.78157955075
 20
100732.69759440239
 30
0.0
 11
71451.70450318283
 21
100763.7361325864
 31
0.0
 12
71451.70450318283
 22
100670.62038870182
 32
0.0
 13
71451.70450318283
 23
100670.62038870182
 33
0.0
  0
SOLID
  5
744
330
1F
100
AcDbEntity
  8
PDF_솔리드 채우기
440
33554559
100
AcDbTrace
 10
71451.70450318283
 20
100763.7361325864
 30
0.0
 11
71374.10802839028
 21
100732.69759440239
 31
0.0
 12
71451.70450318283
 22
100670.62038870182
 32
0.0
 13
71451.70450318283
 23
100670.62038870182
 33
0.0
  0
SOLID
  5
745
330
1F
100
AcDbEntity
  8
PDF_솔리드 채우기
440
33554559
100
AcDbTrace
 10
71374.10802839028
 20
100732.69759440239
 30
0.0
 11
71343.06160091581
 21
100670.62038870182
 31
0.0
 12
71451.70450318283
 22
100670.62038870182
 32
0.0
 13
71451.70450318283
 23
100670.62038870182
 33
0.0
  0
SOLID
  5
746
330
1F
100
AcDbEntity
  8
PDF_솔리드 채우기
440
33554559
100
AcDbTrace
 10
71343.06160091581
 20
100670.62038870182
 30
0.0
 11
71374.10802839028
 21
100593.0240432419
 31
0.0
 12
71451.70450318283
 22
100670.62038870182
 32
0.0
 13
71451.70450318283
 23
100670.62038870182
 33
0.0
  0
SOLID
  5
747
330
1F
100
AcDbEntity
  8
PDF_솔리드 채우기
440
33554559
100
AcDbTrace
 10
71374.10802839028
 20
100593.0240432419
 30
0.0
 11
71451.70450318283
 21
100561.97761576751
 31
0.0
 12
71451.70450318283
 22
100670.62038870182
 32
0.0
 13
71451.70450318283
 23
100670.62038870182
 33
0.0
  0
SOLID
  5
748
330
1F
100
AcDbEntity
  8
PDF_솔리드 채우기
440
33554559
100
AcDbTrace
 10
71451.70450318283
 20
100561.97761576751
 30
0.0
 11
71513.78157955075
 21
100593.0240432419
 31
0.0
 12
71451.70450318283
 22
100670.62038870182
 32
0.0
 13
71451.70450318283
 23
100670.62038870182
 33
0.0
  0
SOLID
  5
749
330
1F
100
AcDbEntity
  8
PDF_솔리드 채우기
440
33554559
100
AcDbTrace
 10
71513.78157955075
 20
100593.0240432419
 30
0.0
 11
71544.82024706736
 21
100670.62038870182
 31
0.0
 12
71451.70450318283
 22
100670.62038870182
 32
0.0
 13
71451.70450318283
 23
100670.62038870182
 33
0.0
  0
LWPOLYLINE
  5
74A
330
1F
100
AcDbEntity
  8
PDF_형상
370
5
100
AcDbPolyline
 90
2
 70
1
 10
54209.077193895864
 20
101074.13768100491
 10
54209.077193895864
 20
97861.51162771022
  0
LWPOLYLINE
  5
74C
330
1F
100
AcDbEntity
  8
PDF_형상
370
5
100
AcDbPolyline
 90
2
 70
0
 10
53805.56003092542
 20
100670.62038870182
 10
63101.99008558372
 20
100670.62038870182
  0
SOLID
  5
74D
330
1F
100
AcDbEntity
  8
PDF_솔리드 채우기
440
33554559
100
AcDbTrace
 10
54100.44218091936
 20
100670.62038870182
 30
0.0
 11
54131.48071910335
 21
100593.0240432419
 31
0.0
 12
54209.077193895864
 22
100670.62038870182
 32
0.0
 13
54209.077193895864
 23
100670.62038870182
 33
0.0
  0
SOLID
  5
74E
330
1F
100
AcDbEntity
  8
PDF_솔리드 채우기
440
33554559
100
AcDbTrace
 10
54131.48071910335
 20
100593.0240432419
 30
0.0
 11
54209.077193895864
 21
100561.97761576751
 31
0.0
 12
54209.077193895864
 22
100670.62038870182
 32
0.0
 13
54209.077193895864
 23
100670.62038870182
 33
0.0
  0
SOLID
  5
74F
330
1F
100
AcDbEntity
  8
PDF_솔리드 채우기
440
33554559
100
AcDbTrace
 10
54209.077193895864
 20
100561.97761576751
 30
0.0
 11
54271.15427026381
 21
100593.0240432419
 31
0.0
 12
54209.077193895864
 22
100670.62038870182
 32
0.0
 13
54209.077193895864
 23
100670.62038870182
 33
0.0
  0
SOLID
  5
750
330
1F
100
AcDbEntity
  8
PDF_솔리드 채우기
440
33554559
100
AcDbTrace
 10
54271.15427026381
 20
100593.0240432419
 30
0.0
 11
54302.200697738255
 21
100670.62038870182
 31
0.0
 12
54209.077193895864
 22
100670.62038870182
 32
0.0
 13
54209.077193895864
 23
100670.62038870182
 33
0.0
  0
SOLID
  5
751
330
1F
100
AcDbEntity
  8
PDF_솔리드 채우기
440
33554559
100
AcDbTrace
 10
54302.200697738255
 20
100670.62038870182
 30
0.0
 11
54271.15427026381
 21
100732.69759440239
 31
0.0
 12
54209.077193895864
 22
100670.62038870182
 32
0.0
 13
54209.077193895864
 23
100670.62038870182
 33
0.0
  0
SOLID
  5
752
330
1F
100
AcDbEntity
  8
PDF_솔리드 채우기
440
33554559
100
AcDbTrace
 10
54271.15427026381
 20
100732.69759440239
 30
0.0
 11
54209.077193895864
 21
100763.7361325864
 31
0.0
 12
54209.077193895864
 22
100670.62038870182
 32
0.0
 13
54209.077193895864
 23
100670.62038870182
 33
0.0
  0
SOLID
  5
753
330
1F
100
AcDbEntity
  8
PDF_솔리드 채우기
440
33554559
100
AcDbTrace
 10
54209.077193895864
 20
100763.7361325864
 30
0.0
 11
54131.48071910335
 21
100732.69759440239
 31
0.0
 12
54209.077193895864
 22
100670.62038870182
 32
0.0
 13
54209.077193895864
 23
100670.62038870182
 33
0.0
  0
SOLID
  5
754
330
1F
100
AcDbEntity
  8
PDF_솔리드 채우기
440
33554559
100
AcDbTrace
 10
54131.48071910335
 20
100732.69759440239
 30
0.0
 11
54100.44218091936
 21
100670.62038870182
 31
0.0
 12
54209.077193895864
 22
100670.62038870182
 32
0.0
 13
54209.077193895864
 23
100670.62038870182
 33
0.0
  0
SOLID
  5
755
330
1F
100
AcDbEntity
  8
PDF_솔리드 채우기
440
33554559
100
AcDbTrace
 10
62807.10793558981
 20
100670.62038870182
 30
0.0
 11
62776.06939740582
 21
100732.69759440239
 31
0.0
 12
62698.472922613306
 22
100670.62038870182
 32
0.0
 13
62698.472922613306
 23
100670.62038870182
 33
0.0
  0
SOLID
  5
756
330
1F
100
AcDbEntity
  8
PDF_솔리드 채우기
440
33554559
100
AcDbTrace
 10
62776.06939740582
 20
100732.69759440239
 30
0.0
 11
62698.472922613306
 21
100763.7361325864
 31
0.0
 12
62698.472922613306
 22
100670.62038870182
 32
0.0
 13
62698.472922613306
 23
100670.62038870182
 33
0.0
  0
SOLID
  5
757
330
1F
100
AcDbEntity
  8
PDF_솔리드 채우기
440
33554559
100
AcDbTrace
 10
62698.472922613306
 20
100763.7361325864
 30
0.0
 11
62636.39584624539
 21
100732.69759440239
 31
0.0
 12
62698.472922613306
 22
100670.62038870182
 32
0.0
 13
62698.472922613306
 23
100670.62038870182
 33
0.0
  0
SOLID
  5
758
330
1F
100
AcDbEntity
  8
PDF_솔리드 채우기
440
33554559
100
AcDbTrace
 10
62636.39584624539
 20
100732.69759440239
 30
0.0
 11
62605.349418770915
 21
100670.62038870182
 31
0.0
 12
62698.472922613306
 22
100670.62038870182
 32
0.0
 13
62698.472922613306
 23
100670.62038870182
 33
0.0
  0
SOLID
  5
759
330
1F
100
AcDbEntity
  8
PDF_솔리드 채우기
440
33554559
100
AcDbTrace
 10
62605.349418770915
 20
100670.62038870182
 30
0.0
 11
62636.39584624539
 21
100593.0240432419
 31
0.0
 12
62698.472922613306
 22
100670.62038870182
 32
0.0
 13
62698.472922613306
 23
100670.62038870182
 33
0.0
  0
SOLID
  5
75A
330
1F
100
AcDbEntity
  8
PDF_솔리드 채우기
440
33554559
100
AcDbTrace
 10
62636.39584624539
 20
100593.0240432419
 30
0.0
 11
62698.472922613306
 21
100561.97761576751
 31
0.0
 12
62698.472922613306
 22
100670.62038870182
 32
0.0
 13
62698.472922613306
 23
100670.62038870182
 33
0.0
  0
SOLID
  5
75B
330
1F
100
AcDbEntity
  8
PDF_솔리드 채우기
440
33554559
100
AcDbTrace
 10
62698.472922613306
 20
100561.97761576751
 30
0.0
 11
62776.06939740582
 21
100593.0240432419
 31
0.0
 12
62698.472922613306
 22
100670.62038870182
 32
0.0
 13
62698.472922613306
 23
100670.62038870182
 33
0.0
  0
SOLID
  5
75C
330
1F
100
AcDbEntity
  8
PDF_솔리드 채우기
440
33554559
100
AcDbTrace
 10
62776.06939740582
 20
100593.0240432419
 30
0.0
 11
62807.10793558981
 21
100670.62038870182
 31
0.0
 12
62698.472922613306
 22
100670.62038870182
 32
0.0
 13
62698.472922613306
 23
100670.62038870182
 33
0.0
  0
LWPOLYLINE
  5
75D
330
1F
100
AcDbEntity
  8
PDF_형상
 62
1
370
5
100
AcDbPolyline
 90
2
 70
1
 10
49211.66639006349
 20
101074.13768100491
 10
49211.66639006349
 20
97861.51162771022
  0
LWPOLYLINE
  5
75F
330
1F
100
AcDbEntity
  8
PDF_형상
370
5
100
AcDbPolyline
 90
2
 70
0
 10
48808.149097760426
 20
100670.62038870182
 10
54612.594356866306
 20
100670.62038870182
  0
SOLID
  5
760
330
1F
100
AcDbEntity
  8
PDF_솔리드 채우기
440
33554559
100
AcDbTrace
 10
49103.0273677754
 20
100670.62038870182
 30
0.0
 11
49134.06590595936
 21
100593.0240432419
 31
0.0
 12
49211.66639006349
 22
100670.62038870182
 32
0.0
 13
49211.66639006349
 23
100670.62038870182
 33
0.0
  0
SOLID
  5
761
330
1F
100
AcDbEntity
  8
PDF_솔리드 채우기
440
33554559
100
AcDbTrace
 10
49134.06590595936
 20
100593.0240432419
 30
0.0
 11
49211.66639006349
 21
100561.97761576751
 31
0.0
 12
49211.66639006349
 22
100670.62038870182
 32
0.0
 13
49211.66639006349
 23
100670.62038870182
 33
0.0
  0
SOLID
  5
762
330
1F
100
AcDbEntity
  8
PDF_솔리드 채우기
440
33554559
100
AcDbTrace
 10
49211.66639006349
 20
100561.97761576751
 30
0.0
 11
49273.743466431406
 21
100593.0240432419
 31
0.0
 12
49211.66639006349
 22
100670.62038870182
 32
0.0
 13
49211.66639006349
 23
100670.62038870182
 33
0.0
  0
SOLID
  5
763
330
1F
100
AcDbEntity
  8
PDF_솔리드 채우기
440
33554559
100
AcDbTrace
 10
49273.743466431406
 20
100593.0240432419
 30
0.0
 11
49304.78601392695
 21
100670.62038870182
 31
0.0
 12
49211.66639006349
 22
100670.62038870182
 32
0.0
 13
49211.66639006349
 23
100670.62038870182
 33
0.0
  0
SOLID
  5
764
330
1F
100
AcDbEntity
  8
PDF_솔리드 채우기
440
33554559
100
AcDbTrace
 10
49304.78601392695
 20
100670.62038870182
 30
0.0
 11
49273.743466431406
 21
100732.69759440239
 31
0.0
 12
49211.66639006349
 22
100670.62038870182
 32
0.0
 13
49211.66639006349
 23
100670.62038870182
 33
0.0
  0
SOLID
  5
765
330
1F
100
AcDbEntity
  8
PDF_솔리드 채우기
440
33554559
100
AcDbTrace
 10
49273.743466431406
 20
100732.69759440239
 30
0.0
 11
49211.66639006349
 21
100763.7361325864
 31
0.0
 12
49211.66639006349
 22
100670.62038870182
 32
0.0
 13
49211.66639006349
 23
100670.62038870182
 33
0.0
  0
SOLID
  5
766
330
1F
100
AcDbEntity
  8
PDF_솔리드 채우기
440
33554559
100
AcDbTrace
 10
49211.66639006349
 20
100763.7361325864
 30
0.0
 11
49134.06590595936
 21
100732.69759440239
 31
0.0
 12
49211.66639006349
 22
100670.62038870182
 32
0.0
 13
49211.66639006349
 23
100670.62038870182
 33
0.0
  0
SOLID
  5
767
330
1F
100
AcDbEntity
  8
PDF_솔리드 채우기
440
33554559
100
AcDbTrace
 10
49134.06590595936
 20
100732.69759440239
 30
0.0
 11
49103.0273677754
 21
100670.62038870182
 31
0.0
 12
49211.66639006349
 22
100670.62038870182
 32
0.0
 13
49211.66639006349
 23
100670.62038870182
 33
0.0
  0
SOLID
  5
768
330
1F
100
AcDbEntity
  8
PDF_솔리드 채우기
440
33554559
100
AcDbTrace
 10
54302.200697738255
 20
100670.62038870182
 30
0.0
 11
54271.15427026381
 21
100732.69759440239
 31
0.0
 12
54209.077193895864
 22
100670.62038870182
 32
0.0
 13
54209.077193895864
 23
100670.62038870182
 33
0.0
  0
SOLID
  5
769
330
1F
100
AcDbEntity
  8
PDF_솔리드 채우기
440
33554559
100
AcDbTrace
 10
54271.15427026381
 20
100732.69759440239
 30
0.0
 11
54209.077193895864
 21
100763.7361325864
 31
0.0
 12
54209.077193895864
 22
100670.62038870182
 32
0.0
 13
54209.077193895864
 23
100670.62038870182
 33
0.0
  0
SOLID
  5
76A
330
1F
100
AcDbEntity
  8
PDF_솔리드 채우기
440
33554559
100
AcDbTrace
 10
54209.077193895864
 20
100763.7361325864
 30
0.0
 11
54131.48071910335
 21
100732.69759440239
 31
0.0
 12
54209.077193895864
 22
100670.62038870182
 32
0.0
 13
54209.077193895864
 23
100670.62038870182
 33
0.0
  0
SOLID
  5
76B
330
1F
100
AcDbEntity
  8
PDF_솔리드 채우기
440
33554559
100
AcDbTrace
 10
54131.48071910335
 20
100732.69759440239
 30
0.0
 11
54100.44218091936
 21
100670.62038870182
 31
0.0
 12
54209.077193895864
 22
100670.62038870182
 32
0.0
 13
54209.077193895864
 23
100670.62038870182
 33
0.0
  0
SOLID
  5
76C
330
1F
100
AcDbEntity
  8
PDF_솔리드 채우기
440
33554559
100
AcDbTrace
 10
54100.44218091936
 20
100670.62038870182
 30
0.0
 11
54131.48071910335
 21
100593.0240432419
 31
0.0
 12
54209.077193895864
 22
100670.62038870182
 32
0.0
 13
54209.077193895864
 23
100670.62038870182
 33
0.0
  0
SOLID
  5
76D
330
1F
100
AcDbEntity
  8
PDF_솔리드 채우기
440
33554559
100
AcDbTrace
 10
54131.48071910335
 20
100593.0240432419
 30
0.0
 11
54209.077193895864
 21
100561.97761576751
 31
0.0
 12
54209.077193895864
 22
100670.62038870182
 32
0.0
 13
54209.077193895864
 23
100670.62038870182
 33
0.0
  0
SOLID
  5
76E
330
1F
100
AcDbEntity
  8
PDF_솔리드 채우기
440
33554559
100
AcDbTrace
 10
54209.077193895864
 20
100561.97761576751
 30
0.0
 11
54271.15427026381
 21
100593.0240432419
 31
0.0
 12
54209.077193895864
 22
100670.62038870182
 32
0.0
 13
54209.077193895864
 23
100670.62038870182
 33
0.0
  0
SOLID
  5
76F
330
1F
100
AcDbEntity
  8
PDF_솔리드 채우기
440
33554559
100
AcDbTrace
 10
54271.15427026381
 20
100593.0240432419
 30
0.0
 11
54302.200697738255
 21
100670.62038870182
 31
0.0
 12
54209.077193895864
 22
100670.62038870182
 32
0.0
 13
54209.077193895864
 23
100670.62038870182
 33
0.0
  0
LWPOLYLINE
  5
770
330
1F
100
AcDbEntity
  8
PDF_형상
370
5
100
AcDbPolyline
 90
2
 70
1
 10
47209.595834991705
 20
101074.13768100491
 10
47209.595834991705
 20
97861.51162771022
  0
LWPOLYLINE
  5
772
330
1F
100
AcDbEntity
  8
PDF_형상
370
5
100
AcDbPolyline
 90
4
 70
0
 10
50003.18144691239
 20
100670.62038870182
 10
49211.66639006349
 20
100670.62038870182
 10
47209.595834991705
 20
100670.62038870182
 10
46402.5613797182
 20
100670.62038870182
  0
SOLID
  5
774
330
1F
100
AcDbEntity
  8
PDF_솔리드 채우기
440
33554559
100
AcDbTrace
 10
47302.715458855164
 20
100670.62038870182
 30
0.0
 11
47271.676920671205
 21
100732.69759440239
 31
0.0
 12
47209.595834991705
 22
100670.62038870182
 32
0.0
 13
47209.595834991705
 23
100670.62038870182
 33
0.0
  0
SOLID
  5
775
330
1F
100
AcDbEntity
  8
PDF_솔리드 채우기
440
33554559
100
AcDbTrace
 10
47271.676920671205
 20
100732.69759440239
 30
0.0
 11
47209.595834991705
 21
100763.7361325864
 31
0.0
 12
47209.595834991705
 22
100670.62038870182
 32
0.0
 13
47209.595834991705
 23
100670.62038870182
 33
0.0
  0
SOLID
  5
776
330
1F
100
AcDbEntity
  8
PDF_솔리드 채우기
440
33554559
100
AcDbTrace
 10
47209.595834991705
 20
100763.7361325864
 30
0.0
 11
47131.995350887606
 21
100732.69759440239
 31
0.0
 12
47209.595834991705
 22
100670.62038870182
 32
0.0
 13
47209.595834991705
 23
100670.62038870182
 33
0.0
  0
SOLID
  5
777
330
1F
100
AcDbEntity
  8
PDF_솔리드 채우기
440
33554559
100
AcDbTrace
 10
47131.995350887606
 20
100732.69759440239
 30
0.0
 11
47100.95681270362
 21
100670.62038870182
 31
0.0
 12
47209.595834991705
 22
100670.62038870182
 32
0.0
 13
47209.595834991705
 23
100670.62038870182
 33
0.0
  0
SOLID
  5
778
330
1F
100
AcDbEntity
  8
PDF_솔리드 채우기
440
33554559
100
AcDbTrace
 10
47100.95681270362
 20
100670.62038870182
 30
0.0
 11
47131.995350887606
 21
100593.0240432419
 31
0.0
 12
47209.595834991705
 22
100670.62038870182
 32
0.0
 13
47209.595834991705
 23
100670.62038870182
 33
0.0
  0
SOLID
  5
779
330
1F
100
AcDbEntity
  8
PDF_솔리드 채우기
440
33554559
100
AcDbTrace
 10
47131.995350887606
 20
100593.0240432419
 30
0.0
 11
47209.595834991705
 21
100561.97761576751
 31
0.0
 12
47209.595834991705
 22
100670.62038870182
 32
0.0
 13
47209.595834991705
 23
100670.62038870182
 33
0.0
  0
SOLID
  5
77A
330
1F
100
AcDbEntity
  8
PDF_솔리드 채우기
440
33554559
100
AcDbTrace
 10
47209.595834991705
 20
100561.97761576751
 30
0.0
 11
47271.676920671205
 21
100593.0240432419
 31
0.0
 12
47209.595834991705
 22
100670.62038870182
 32
0.0
 13
47209.595834991705
 23
100670.62038870182
 33
0.0
  0
SOLID
  5
77B
330
1F
100
AcDbEntity
  8
PDF_솔리드 채우기
440
33554559
100
AcDbTrace
 10
47271.676920671205
 20
100593.0240432419
 30
0.0
 11
47302.715458855164
 21
100670.62038870182
 31
0.0
 12
47209.595834991705
 22
100670.62038870182
 32
0.0
 13
47209.595834991705
 23
100670.62038870182
 33
0.0
  0
SOLID
  5
77C
330
1F
100
AcDbEntity
  8
PDF_솔리드 채우기
440
33554559
100
AcDbTrace
 10
49103.0273677754
 20
100670.62038870182
 30
0.0
 11
49134.06590595936
 21
100593.0240432419
 31
0.0
 12
49211.66639006349
 22
100670.62038870182
 32
0.0
 13
49211.66639006349
 23
100670.62038870182
 33
0.0
  0
SOLID
  5
77D
330
1F
100
AcDbEntity
  8
PDF_솔리드 채우기
440
33554559
100
AcDbTrace
 10
49134.06590595936
 20
100593.0240432419
 30
0.0
 11
49211.66639006349
 21
100561.97761576751
 31
0.0
 12
49211.66639006349
 22
100670.62038870182
 32
0.0
 13
49211.66639006349
 23
100670.62038870182
 33
0.0
  0
SOLID
  5
77E
330
1F
100
AcDbEntity
  8
PDF_솔리드 채우기
440
33554559
100
AcDbTrace
 10
49211.66639006349
 20
100561.97761576751
 30
0.0
 11
49273.743466431406
 21
100593.0240432419
 31
0.0
 12
49211.66639006349
 22
100670.62038870182
 32
0.0
 13
49211.66639006349
 23
100670.62038870182
 33
0.0
  0
SOLID
  5
77F
330
1F
100
AcDbEntity
  8
PDF_솔리드 채우기
440
33554559
100
AcDbTrace
 10
49273.743466431406
 20
100593.0240432419
 30
0.0
 11
49304.78601392695
 21
100670.62038870182
 31
0.0
 12
49211.66639006349
 22
100670.62038870182
 32
0.0
 13
49211.66639006349
 23
100670.62038870182
 33
0.0
  0
SOLID
  5
780
330
1F
100
AcDbEntity
  8
PDF_솔리드 채우기
440
33554559
100
AcDbTrace
 10
49304.78601392695
 20
100670.62038870182
 30
0.0
 11
49273.743466431406
 21
100732.69759440239
 31
0.0
 12
49211.66639006349
 22
100670.62038870182
 32
0.0
 13
49211.66639006349
 23
100670.62038870182
 33
0.0
  0
SOLID
  5
781
330
1F
100
AcDbEntity
  8
PDF_솔리드 채우기
440
33554559
100
AcDbTrace
 10
49273.743466431406
 20
100732.69759440239
 30
0.0
 11
49211.66639006349
 21
100763.7361325864
 31
0.0
 12
49211.66639006349
 22
100670.62038870182
 32
0.0
 13
49211.66639006349
 23
100670.62038870182
 33
0.0
  0
SOLID
  5
782
330
1F
100
AcDbEntity
  8
PDF_솔리드 채우기
440
33554559
100
AcDbTrace
 10
49211.66639006349
 20
100763.7361325864
 30
0.0
 11
49134.06590595936
 21
100732.69759440239
 31
0.0
 12
49211.66639006349
 22
100670.62038870182
 32
0.0
 13
49211.66639006349
 23
100670.62038870182
 33
0.0
  0
SOLID
  5
783
330
1F
100
AcDbEntity
  8
PDF_솔리드 채우기
440
33554559
100
AcDbTrace
 10
49134.06590595936
 20
100732.69759440239
 30
0.0
 11
49103.0273677754
 21
100670.62038870182
 31
0.0
 12
49211.66639006349
 22
100670.62038870182
 32
0.0
 13
49211.66639006349
 23
100670.62038870182
 33
0.0
  0
LWPOLYLINE
  5
784
330
1F
100
AcDbEntity
  8
PDF_형상
370
5
100
AcDbPolyline
 90
4
 70
1
 10
44710.88836375343
 20
102672.68706379473
 10
44710.88836375343
 20
97861.51162771022
 10
44710.88836375343
 20
101074.13768100491
 10
44710.88836375343
 20
97861.51162771022
  0
LWPOLYLINE
  5
786
330
1F
100
AcDbEntity
  8
PDF_형상
370
5
100
AcDbPolyline
 90
2
 70
0
 10
44307.37120078299
 20
100670.62038870182
 10
47613.11299796215
 20
100670.62038870182
  0
SOLID
  5
787
330
1F
100
AcDbEntity
  8
PDF_솔리드 채우기
440
33554559
100
AcDbTrace
 10
44602.249470797964
 20
100670.62038870182
 30
0.0
 11
44633.292018293505
 21
100593.0240432419
 31
0.0
 12
44710.88836375343
 22
100670.62038870182
 32
0.0
 13
44710.88836375343
 23
100670.62038870182
 33
0.0
  0
SOLID
  5
788
330
1F
100
AcDbEntity
  8
PDF_솔리드 채우기
440
33554559
100
AcDbTrace
 10
44633.292018293505
 20
100593.0240432419
 30
0.0
 11
44710.88836375343
 21
100561.97761576751
 31
0.0
 12
44710.88836375343
 22
100670.62038870182
 32
0.0
 13
44710.88836375343
 23
100670.62038870182
 33
0.0
  0
SOLID
  5
789
330
1F
100
AcDbEntity
  8
PDF_솔리드 채우기
440
33554559
100
AcDbTrace
 10
44710.88836375343
 20
100561.97761576751
 30
0.0
 11
44772.9694494329
 21
100593.0240432419
 31
0.0
 12
44710.88836375343
 22
100670.62038870182
 32
0.0
 13
44710.88836375343
 23
100670.62038870182
 33
0.0
  0
SOLID
  5
78A
330
1F
100
AcDbEntity
  8
PDF_솔리드 채우기
440
33554559
100
AcDbTrace
 10
44772.9694494329
 20
100593.0240432419
 30
0.0
 11
44804.00798761686
 21
100670.62038870182
 31
0.0
 12
44710.88836375343
 22
100670.62038870182
 32
0.0
 13
44710.88836375343
 23
100670.62038870182
 33
0.0
  0
SOLID
  5
78B
330
1F
100
AcDbEntity
  8
PDF_솔리드 채우기
440
33554559
100
AcDbTrace
 10
44804.00798761686
 20
100670.62038870182
 30
0.0
 11
44772.9694494329
 21
100732.69759440239
 31
0.0
 12
44710.88836375343
 22
100670.62038870182
 32
0.0
 13
44710.88836375343
 23
100670.62038870182
 33
0.0
  0
SOLID
  5
78C
330
1F
100
AcDbEntity
  8
PDF_솔리드 채우기
440
33554559
100
AcDbTrace
 10
44772.9694494329
 20
100732.69759440239
 30
0.0
 11
44710.88836375343
 21
100763.7361325864
 31
0.0
 12
44710.88836375343
 22
100670.62038870182
 32
0.0
 13
44710.88836375343
 23
100670.62038870182
 33
0.0
  0
SOLID
  5
78D
330
1F
100
AcDbEntity
  8
PDF_솔리드 채우기
440
33554559
100
AcDbTrace
 10
44710.88836375343
 20
100763.7361325864
 30
0.0
 11
44633.292018293505
 21
100732.69759440239
 31
0.0
 12
44710.88836375343
 22
100670.62038870182
 32
0.0
 13
44710.88836375343
 23
100670.62038870182
 33
0.0
  0
SOLID
  5
78E
330
1F
100
AcDbEntity
  8
PDF_솔리드 채우기
440
33554559
100
AcDbTrace
 10
44633.292018293505
 20
100732.69759440239
 30
0.0
 11
44602.249470797964
 21
100670.62038870182
 31
0.0
 12
44710.88836375343
 22
100670.62038870182
 32
0.0
 13
44710.88836375343
 23
100670.62038870182
 33
0.0
  0
SOLID
  5
78F
330
1F
100
AcDbEntity
  8
PDF_솔리드 채우기
440
33554559
100
AcDbTrace
 10
47302.715458855164
 20
100670.62038870182
 30
0.0
 11
47271.676920671205
 21
100732.69759440239
 31
0.0
 12
47209.595834991705
 22
100670.62038870182
 32
0.0
 13
47209.595834991705
 23
100670.62038870182
 33
0.0
  0
SOLID
  5
790
330
1F
100
AcDbEntity
  8
PDF_솔리드 채우기
440
33554559
100
AcDbTrace
 10
47271.676920671205
 20
100732.69759440239
 30
0.0
 11
47209.595834991705
 21
100763.7361325864
 31
0.0
 12
47209.595834991705
 22
100670.62038870182
 32
0.0
 13
47209.595834991705
 23
100670.62038870182
 33
0.0
  0
SOLID
  5
791
330
1F
100
AcDbEntity
  8
PDF_솔리드 채우기
440
33554559
100
AcDbTrace
 10
47209.595834991705
 20
100763.7361325864
 30
0.0
 11
47131.995350887606
 21
100732.69759440239
 31
0.0
 12
47209.595834991705
 22
100670.62038870182
 32
0.0
 13
47209.595834991705
 23
100670.62038870182
 33
0.0
  0
SOLID
  5
792
330
1F
100
AcDbEntity
  8
PDF_솔리드 채우기
440
33554559
100
AcDbTrace
 10
47131.995350887606
 20
100732.69759440239
 30
0.0
 11
47100.95681270362
 21
100670.62038870182
 31
0.0
 12
47209.595834991705
 22
100670.62038870182
 32
0.0
 13
47209.595834991705
 23
100670.62038870182
 33
0.0
  0
SOLID
  5
793
330
1F
100
AcDbEntity
  8
PDF_솔리드 채우기
440
33554559
100
AcDbTrace
 10
47100.95681270362
 20
100670.62038870182
 30
0.0
 11
47131.995350887606
 21
100593.0240432419
 31
0.0
 12
47209.595834991705
 22
100670.62038870182
 32
0.0
 13
47209.595834991705
 23
100670.62038870182
 33
0.0
  0
SOLID
  5
794
330
1F
100
AcDbEntity
  8
PDF_솔리드 채우기
440
33554559
100
AcDbTrace
 10
47131.995350887606
 20
100593.0240432419
 30
0.0
 11
47209.595834991705
 21
100561.97761576751
 31
0.0
 12
47209.595834991705
 22
100670.62038870182
 32
0.0
 13
47209.595834991705
 23
100670.62038870182
 33
0.0
  0
SOLID
  5
795
330
1F
100
AcDbEntity
  8
PDF_솔리드 채우기
440
33554559
100
AcDbTrace
 10
47209.595834991705
 20
100561.97761576751
 30
0.0
 11
47271.676920671205
 21
100593.0240432419
 31
0.0
 12
47209.595834991705
 22
100670.62038870182
 32
0.0
 13
47209.595834991705
 23
100670.62038870182
 33
0.0
  0
SOLID
  5
796
330
1F
100
AcDbEntity
  8
PDF_솔리드 채우기
440
33554559
100
AcDbTrace
 10
47271.676920671205
 20
100593.0240432419
 30
0.0
 11
47302.715458855164
 21
100670.62038870182
 31
0.0
 12
47209.595834991705
 22
100670.62038870182
 32
0.0
 13
47209.595834991705
 23
100670.62038870182
 33
0.0
  0
LWPOLYLINE
  5
797
330
1F
100
AcDbEntity
  8
PDF_형상
370
5
100
AcDbPolyline
 90
2
 70
1
 10
49211.66639006349
 20
102672.68706379473
 10
49211.66639006349
 20
97861.51162771022
  0
LWPOLYLINE
  5
799
330
1F
100
AcDbEntity
  8
PDF_형상
370
5
100
AcDbPolyline
 90
2
 70
0
 10
49599.66428394195
 20
102269.16990082429
 10
44307.37120078299
 20
102269.16990082429
  0
SOLID
  5
79A
330
1F
100
AcDbEntity
  8
PDF_솔리드 채우기
440
33554559
100
AcDbTrace
 10
49304.78601392695
 20
102269.16990082429
 30
0.0
 11
49273.743466431406
 21
102331.25486648269
 31
0.0
 12
49211.66639006349
 22
102269.16990082429
 32
0.0
 13
49211.66639006349
 23
102269.16990082429
 33
0.0
  0
SOLID
  5
79B
330
1F
100
AcDbEntity
  8
PDF_솔리드 채우기
440
33554559
100
AcDbTrace
 10
49273.743466431406
 20
102331.25486648269
 30
0.0
 11
49211.66639006349
 21
102362.29353399927
 31
0.0
 12
49211.66639006349
 22
102269.16990082429
 32
0.0
 13
49211.66639006349
 23
102269.16990082429
 33
0.0
  0
SOLID
  5
79C
330
1F
100
AcDbEntity
  8
PDF_솔리드 채우기
440
33554559
100
AcDbTrace
 10
49211.66639006349
 20
102362.29353399927
 30
0.0
 11
49134.06590595936
 21
102331.25486648269
 31
0.0
 12
49211.66639006349
 22
102269.16990082429
 32
0.0
 13
49211.66639006349
 23
102269.16990082429
 33
0.0
  0
SOLID
  5
79D
330
1F
100
AcDbEntity
  8
PDF_솔리드 채우기
440
33554559
100
AcDbTrace
 10
49134.06590595936
 20
102331.25486648269
 30
0.0
 11
49103.0273677754
 21
102269.16990082429
 31
0.0
 12
49211.66639006349
 22
102269.16990082429
 32
0.0
 13
49211.66639006349
 23
102269.16990082429
 33
0.0
  0
SOLID
  5
79E
330
1F
100
AcDbEntity
  8
PDF_솔리드 채우기
440
33554559
100
AcDbTrace
 10
49103.0273677754
 20
102269.16990082429
 30
0.0
 11
49134.06590595936
 21
102191.57342603171
 31
0.0
 12
49211.66639006349
 22
102269.16990082429
 32
0.0
 13
49211.66639006349
 23
102269.16990082429
 33
0.0
  0
SOLID
  5
79F
330
1F
100
AcDbEntity
  8
PDF_솔리드 채우기
440
33554559
100
AcDbTrace
 10
49134.06590595936
 20
102191.57342603171
 30
0.0
 11
49211.66639006349
 21
102160.53488784772
 31
0.0
 12
49211.66639006349
 22
102269.16990082429
 32
0.0
 13
49211.66639006349
 23
102269.16990082429
 33
0.0
  0
SOLID
  5
7A0
330
1F
100
AcDbEntity
  8
PDF_솔리드 채우기
440
33554559
100
AcDbTrace
 10
49211.66639006349
 20
102160.53488784772
 30
0.0
 11
49273.743466431406
 21
102191.57342603171
 31
0.0
 12
49211.66639006349
 22
102269.16990082429
 32
0.0
 13
49211.66639006349
 23
102269.16990082429
 33
0.0
  0
SOLID
  5
7A1
330
1F
100
AcDbEntity
  8
PDF_솔리드 채우기
440
33554559
100
AcDbTrace
 10
49273.743466431406
 20
102191.57342603171
 30
0.0
 11
49304.78601392695
 21
102269.16990082429
 31
0.0
 12
49211.66639006349
 22
102269.16990082429
 32
0.0
 13
49211.66639006349
 23
102269.16990082429
 33
0.0
  0
SOLID
  5
7A2
330
1F
100
AcDbEntity
  8
PDF_솔리드 채우기
440
33554559
100
AcDbTrace
 10
44602.249470797964
 20
102269.16990082429
 30
0.0
 11
44633.292018293505
 21
102191.57342603171
 31
0.0
 12
44710.88836375343
 22
102269.16990082429
 32
0.0
 13
44710.88836375343
 23
102269.16990082429
 33
0.0
  0
SOLID
  5
7A3
330
1F
100
AcDbEntity
  8
PDF_솔리드 채우기
440
33554559
100
AcDbTrace
 10
44633.292018293505
 20
102191.57342603171
 30
0.0
 11
44710.88836375343
 21
102160.53488784772
 31
0.0
 12
44710.88836375343
 22
102269.16990082429
 32
0.0
 13
44710.88836375343
 23
102269.16990082429
 33
0.0
  0
SOLID
  5
7A4
330
1F
100
AcDbEntity
  8
PDF_솔리드 채우기
440
33554559
100
AcDbTrace
 10
44710.88836375343
 20
102160.53488784772
 30
0.0
 11
44772.9694494329
 21
102191.57342603171
 31
0.0
 12
44710.88836375343
 22
102269.16990082429
 32
0.0
 13
44710.88836375343
 23
102269.16990082429
 33
0.0
  0
SOLID
  5
7A5
330
1F
100
AcDbEntity
  8
PDF_솔리드 채우기
440
33554559
100
AcDbTrace
 10
44772.9694494329
 20
102191.57342603171
 30
0.0
 11
44804.00798761686
 21
102269.16990082429
 31
0.0
 12
44710.88836375343
 22
102269.16990082429
 32
0.0
 13
44710.88836375343
 23
102269.16990082429
 33
0.0
  0
SOLID
  5
7A6
330
1F
100
AcDbEntity
  8
PDF_솔리드 채우기
440
33554559
100
AcDbTrace
 10
44804.00798761686
 20
102269.16990082429
 30
0.0
 11
44772.9694494329
 21
102331.25486648269
 31
0.0
 12
44710.88836375343
 22
102269.16990082429
 32
0.0
 13
44710.88836375343
 23
102269.16990082429
 33
0.0
  0
SOLID
  5
7A7
330
1F
100
AcDbEntity
  8
PDF_솔리드 채우기
440
33554559
100
AcDbTrace
 10
44772.9694494329
 20
102331.25486648269
 30
0.0
 11
44710.88836375343
 21
102362.29353399927
 31
0.0
 12
44710.88836375343
 22
102269.16990082429
 32
0.0
 13
44710.88836375343
 23
102269.16990082429
 33
0.0
  0
SOLID
  5
7A8
330
1F
100
AcDbEntity
  8
PDF_솔리드 채우기
440
33554559
100
AcDbTrace
 10
44710.88836375343
 20
102362.29353399927
 30
0.0
 11
44633.292018293505
 21
102331.25486648269
 31
0.0
 12
44710.88836375343
 22
102269.16990082429
 32
0.0
 13
44710.88836375343
 23
102269.16990082429
 33
0.0
  0
SOLID
  5
7A9
330
1F
100
AcDbEntity
  8
PDF_솔리드 채우기
440
33554559
100
AcDbTrace
 10
44633.292018293505
 20
102331.25486648269
 30
0.0
 11
44602.249470797964
 21
102269.16990082429
 31
0.0
 12
44710.88836375343
 22
102269.16990082429
 32
0.0
 13
44710.88836375343
 23
102269.16990082429
 33
0.0
  0
LWPOLYLINE
  5
7AC
330
1F
100
AcDbEntity
  8
PDF_형상
370
5
100
AcDbPolyline
 90
2
 70
0
 10
108078.7072373005
 20
102269.16990082429
 10
48808.149097760426
 20
102269.16990082429
  0
SOLID
  5
7AD
330
1F
100
AcDbEntity
  8
PDF_솔리드 채우기
440
33554559
100
AcDbTrace
 10
107783.8250873066
 20
102269.16990082429
 30
0.0
 11
107752.78654912258
 21
102331.25486648269
 31
0.0
 12
107690.70934342202
 22
102269.16990082429
 32
0.0
 13
107690.70934342202
 23
102269.16990082429
 33
0.0
  0
SOLID
  5
7AE
330
1F
100
AcDbEntity
  8
PDF_솔리드 채우기
440
33554559
100
AcDbTrace
 10
107752.78654912258
 20
102331.25486648269
 30
0.0
 11
107690.70934342202
 21
102362.29353399927
 31
0.0
 12
107690.70934342202
 22
102269.16990082429
 32
0.0
 13
107690.70934342202
 23
102269.16990082429
 33
0.0
  0
SOLID
  5
7AF
330
1F
100
AcDbEntity
  8
PDF_솔리드 채우기
440
33554559
100
AcDbTrace
 10
107690.70934342202
 20
102362.29353399927
 30
0.0
 11
107613.10510867163
 21
102331.25486648269
 31
0.0
 12
107690.70934342202
 22
102269.16990082429
 32
0.0
 13
107690.70934342202
 23
102269.16990082429
 33
0.0
  0
SOLID
  5
7B0
330
1F
100
AcDbEntity
  8
PDF_솔리드 채우기
440
33554559
100
AcDbTrace
 10
107613.10510867163
 20
102331.25486648269
 30
0.0
 11
107582.06644115505
 21
102269.16990082429
 31
0.0
 12
107690.70934342202
 22
102269.16990082429
 32
0.0
 13
107690.70934342202
 23
102269.16990082429
 33
0.0
  0
SOLID
  5
7B1
330
1F
100
AcDbEntity
  8
PDF_솔리드 채우기
440
33554559
100
AcDbTrace
 10
107582.06644115505
 20
102269.16990082429
 30
0.0
 11
107613.10510867163
 21
102191.57342603171
 31
0.0
 12
107690.70934342202
 22
102269.16990082429
 32
0.0
 13
107690.70934342202
 23
102269.16990082429
 33
0.0
  0
SOLID
  5
7B2
330
1F
100
AcDbEntity
  8
PDF_솔리드 채우기
440
33554559
100
AcDbTrace
 10
107613.10510867163
 20
102191.57342603171
 30
0.0
 11
107690.70934342202
 21
102160.53488784772
 31
0.0
 12
107690.70934342202
 22
102269.16990082429
 32
0.0
 13
107690.70934342202
 23
102269.16990082429
 33
0.0
  0
SOLID
  5
7B3
330
1F
100
AcDbEntity
  8
PDF_솔리드 채우기
440
33554559
100
AcDbTrace
 10
107690.70934342202
 20
102160.53488784772
 30
0.0
 11
107752.78654912258
 21
102191.57342603171
 31
0.0
 12
107690.70934342202
 22
102269.16990082429
 32
0.0
 13
107690.70934342202
 23
102269.16990082429
 33
0.0
  0
SOLID
  5
7B4
330
1F
100
AcDbEntity
  8
PDF_솔리드 채우기
440
33554559
100
AcDbTrace
 10
107752.78654912258
 20
102191.57342603171
 30
0.0
 11
107783.8250873066
 21
102269.16990082429
 31
0.0
 12
107690.70934342202
 22
102269.16990082429
 32
0.0
 13
107690.70934342202
 23
102269.16990082429
 33
0.0
  0
SOLID
  5
7B5
330
1F
100
AcDbEntity
  8
PDF_솔리드 채우기
440
33554559
100
AcDbTrace
 10
49103.0273677754
 20
102269.16990082429
 30
0.0
 11
49134.06590595936
 21
102191.57342603171
 31
0.0
 12
49211.66639006349
 22
102269.16990082429
 32
0.0
 13
49211.66639006349
 23
102269.16990082429
 33
0.0
  0
SOLID
  5
7B6
330
1F
100
AcDbEntity
  8
PDF_솔리드 채우기
440
33554559
100
AcDbTrace
 10
49134.06590595936
 20
102191.57342603171
 30
0.0
 11
49211.66639006349
 21
102160.53488784772
 31
0.0
 12
49211.66639006349
 22
102269.16990082429
 32
0.0
 13
49211.66639006349
 23
102269.16990082429
 33
0.0
  0
SOLID
  5
7B7
330
1F
100
AcDbEntity
  8
PDF_솔리드 채우기
440
33554559
100
AcDbTrace
 10
49211.66639006349
 20
102160.53488784772
 30
0.0
 11
49273.743466431406
 21
102191.57342603171
 31
0.0
 12
49211.66639006349
 22
102269.16990082429
 32
0.0
 13
49211.66639006349
 23
102269.16990082429
 33
0.0
  0
SOLID
  5
7B8
330
1F
100
AcDbEntity
  8
PDF_솔리드 채우기
440
33554559
100
AcDbTrace
 10
49273.743466431406
 20
102191.57342603171
 30
0.0
 11
49304.78601392695
 21
102269.16990082429
 31
0.0
 12
49211.66639006349
 22
102269.16990082429
 32
0.0
 13
49211.66639006349
 23
102269.16990082429
 33
0.0
  0
SOLID
  5
7B9
330
1F
100
AcDbEntity
  8
PDF_솔리드 채우기
440
33554559
100
AcDbTrace
 10
49304.78601392695
 20
102269.16990082429
 30
0.0
 11
49273.743466431406
 21
102331.25486648269
 31
0.0
 12
49211.66639006349
 22
102269.16990082429
 32
0.0
 13
49211.66639006349
 23
102269.16990082429
 33
0.0
  0
SOLID
  5
7BA
330
1F
100
AcDbEntity
  8
PDF_솔리드 채우기
440
33554559
100
AcDbTrace
 10
49273.743466431406
 20
102331.25486648269
 30
0.0
 11
49211.66639006349
 21
102362.29353399927
 31
0.0
 12
49211.66639006349
 22
102269.16990082429
 32
0.0
 13
49211.66639006349
 23
102269.16990082429
 33
0.0
  0
SOLID
  5
7BB
330
1F
100
AcDbEntity
  8
PDF_솔리드 채우기
440
33554559
100
AcDbTrace
 10
49211.66639006349
 20
102362.29353399927
 30
0.0
 11
49134.06590595936
 21
102331.25486648269
 31
0.0
 12
49211.66639006349
 22
102269.16990082429
 32
0.0
 13
49211.66639006349
 23
102269.16990082429
 33
0.0
  0
SOLID
  5
7BC
330
1F
100
AcDbEntity
  8
PDF_솔리드 채우기
440
33554559
100
AcDbTrace
 10
49134.06590595936
 20
102331.25486648269
 30
0.0
 11
49103.0273677754
 21
102269.16990082429
 31
0.0
 12
49211.66639006349
 22
102269.16990082429
 32
0.0
 13
49211.66639006349
 23
102269.16990082429
 33
0.0
  0
LWPOLYLINE
  5
7BD
330
1F
100
AcDbEntity
  8
PDF_형상
370
5
100
AcDbPolyline
 90
2
 70
0
 10
98689.1535494672
 20
97861.51162771022
 10
98689.1535494672
 20
99475.5881688825
  0
LWPOLYLINE
  5
7BE
330
1F
100
AcDbEntity
  8
PDF_형상
370
5
100
AcDbPolyline
 90
2
 70
1
 10
103189.93532642354
 20
99475.5881688825
 10
103189.93532642354
 20
97861.51162771022
  0
LWPOLYLINE
  5
7BF
330
1F
100
AcDbEntity
  8
PDF_형상
370
5
100
AcDbPolyline
 90
2
 70
0
 10
98285.63625716411
 20
99072.07100591206
 10
103593.45261872663
 20
99072.07100591206
  0
SOLID
  5
7C0
330
1F
100
AcDbEntity
  8
PDF_솔리드 채우기
440
33554559
100
AcDbTrace
 10
98580.51853649064
 20
99072.07100591206
 30
0.0
 11
98611.55707467465
 21
98994.46664182903
 31
0.0
 12
98689.1535494672
 22
99072.07100591206
 32
0.0
 13
98689.1535494672
 23
99072.07100591206
 33
0.0
  0
SOLID
  5
7C1
330
1F
100
AcDbEntity
  8
PDF_솔리드 채우기
440
33554559
100
AcDbTrace
 10
98611.55707467465
 20
98994.46664182903
 30
0.0
 11
98689.1535494672
 21
98963.42810364513
 31
0.0
 12
98689.1535494672
 22
99072.07100591206
 32
0.0
 13
98689.1535494672
 23
99072.07100591206
 33
0.0
  0
SOLID
  5
7C2
330
1F
100
AcDbEntity
  8
PDF_솔리드 채우기
440
33554559
100
AcDbTrace
 10
98689.1535494672
 20
98963.42810364513
 30
0.0
 11
98751.23851512563
 21
98994.46664182903
 31
0.0
 12
98689.1535494672
 22
99072.07100591206
 32
0.0
 13
98689.1535494672
 23
99072.07100591206
 33
0.0
  0
SOLID
  5
7C3
330
1F
100
AcDbEntity
  8
PDF_솔리드 채우기
440
33554559
100
AcDbTrace
 10
98751.23851512563
 20
98994.46664182903
 30
0.0
 11
98782.27705330953
 21
99072.07100591206
 31
0.0
 12
98689.1535494672
 22
99072.07100591206
 32
0.0
 13
98689.1535494672
 23
99072.07100591206
 33
0.0
  0
SOLID
  5
7C4
330
1F
100
AcDbEntity
  8
PDF_솔리드 채우기
440
33554559
100
AcDbTrace
 10
98782.27705330953
 20
99072.07100591206
 30
0.0
 11
98751.23851512563
 21
99134.14821161266
 31
0.0
 12
98689.1535494672
 22
99072.07100591206
 32
0.0
 13
98689.1535494672
 23
99072.07100591206
 33
0.0
  0
SOLID
  5
7C5
330
1F
100
AcDbEntity
  8
PDF_솔리드 채우기
440
33554559
100
AcDbTrace
 10
98751.23851512563
 20
99134.14821161266
 30
0.0
 11
98689.1535494672
 21
99165.18674979659
 31
0.0
 12
98689.1535494672
 22
99072.07100591206
 32
0.0
 13
98689.1535494672
 23
99072.07100591206
 33
0.0
  0
SOLID
  5
7C6
330
1F
100
AcDbEntity
  8
PDF_솔리드 채우기
440
33554559
100
AcDbTrace
 10
98689.1535494672
 20
99165.18674979659
 30
0.0
 11
98611.55707467465
 21
99134.14821161266
 31
0.0
 12
98689.1535494672
 22
99072.07100591206
 32
0.0
 13
98689.1535494672
 23
99072.07100591206
 33
0.0
  0
SOLID
  5
7C7
330
1F
100
AcDbEntity
  8
PDF_솔리드 채우기
440
33554559
100
AcDbTrace
 10
98611.55707467465
 20
99134.14821161266
 30
0.0
 11
98580.51853649064
 21
99072.07100591206
 31
0.0
 12
98689.1535494672
 22
99072.07100591206
 32
0.0
 13
98689.1535494672
 23
99072.07100591206
 33
0.0
  0
SOLID
  5
7C8
330
1F
100
AcDbEntity
  8
PDF_솔리드 채우기
440
33554559
100
AcDbTrace
 10
103283.05107030807
 20
99072.07100591206
 30
0.0
 11
103252.01253212405
 21
99134.14821161266
 31
0.0
 12
103189.93532642354
 22
99072.07100591206
 32
0.0
 13
103189.93532642354
 23
99072.07100591206
 33
0.0
  0
SOLID
  5
7C9
330
1F
100
AcDbEntity
  8
PDF_솔리드 채우기
440
33554559
100
AcDbTrace
 10
103252.01253212405
 20
99134.14821161266
 30
0.0
 11
103189.93532642354
 21
99165.18674979659
 31
0.0
 12
103189.93532642354
 22
99072.07100591206
 32
0.0
 13
103189.93532642354
 23
99072.07100591206
 33
0.0
  0
SOLID
  5
7CA
330
1F
100
AcDbEntity
  8
PDF_솔리드 채우기
440
33554559
100
AcDbTrace
 10
103189.93532642354
 20
99165.18674979659
 30
0.0
 11
103112.33109167307
 21
99134.14821161266
 31
0.0
 12
103189.93532642354
 22
99072.07100591206
 32
0.0
 13
103189.93532642354
 23
99072.07100591206
 33
0.0
  0
SOLID
  5
7CB
330
1F
100
AcDbEntity
  8
PDF_솔리드 채우기
440
33554559
100
AcDbTrace
 10
103112.33109167307
 20
99134.14821161266
 30
0.0
 11
103081.29255348917
 21
99072.07100591206
 31
0.0
 12
103189.93532642354
 22
99072.07100591206
 32
0.0
 13
103189.93532642354
 23
99072.07100591206
 33
0.0
  0
SOLID
  5
7CC
330
1F
100
AcDbEntity
  8
PDF_솔리드 채우기
440
33554559
100
AcDbTrace
 10
103081.29255348917
 20
99072.07100591206
 30
0.0
 11
103112.33109167307
 21
98994.46664182903
 31
0.0
 12
103189.93532642354
 22
99072.07100591206
 32
0.0
 13
103189.93532642354
 23
99072.07100591206
 33
0.0
  0
SOLID
  5
7CD
330
1F
100
AcDbEntity
  8
PDF_솔리드 채우기
440
33554559
100
AcDbTrace
 10
103112.33109167307
 20
98994.46664182903
 30
0.0
 11
103189.93532642354
 21
98963.42810364513
 31
0.0
 12
103189.93532642354
 22
99072.07100591206
 32
0.0
 13
103189.93532642354
 23
99072.07100591206
 33
0.0
  0
SOLID
  5
7CE
330
1F
100
AcDbEntity
  8
PDF_솔리드 채우기
440
33554559
100
AcDbTrace
 10
103189.93532642354
 20
98963.42810364513
 30
0.0
 11
103252.01253212405
 21
98994.46664182903
 31
0.0
 12
103189.93532642354
 22
99072.07100591206
 32
0.0
 13
103189.93532642354
 23
99072.07100591206
 33
0.0
  0
SOLID
  5
7CF
330
1F
100
AcDbEntity
  8
PDF_솔리드 채우기
440
33554559
100
AcDbTrace
 10
103252.01253212405
 20
98994.46664182903
 30
0.0
 11
103283.05107030807
 21
99072.07100591206
 31
0.0
 12
103189.93532642354
 22
99072.07100591206
 32
0.0
 13
103189.93532642354
 23
99072.07100591206
 33
0.0
  0
LWPOLYLINE
  5
7D1
330
1F
100
AcDbEntity
  8
PDF_형상
370
5
100
AcDbPolyline
 90
2
 70
0
 10
107690.70934342202
 20
97861.51162771022
 10
107690.70934342202
 20
99475.5881688825
  0
LWPOLYLINE
  5
7D2
330
1F
100
AcDbEntity
  8
PDF_형상
370
5
100
AcDbPolyline
 90
2
 70
0
 10
102786.4181634531
 20
99072.07100591206
 10
108078.7072373005
 20
99072.07100591206
  0
SOLID
  5
7D3
330
1F
100
AcDbEntity
  8
PDF_솔리드 채우기
440
33554559
100
AcDbTrace
 10
103081.29255348917
 20
99072.07100591206
 30
0.0
 11
103112.33109167307
 21
98994.46664182903
 31
0.0
 12
103189.93532642354
 22
99072.07100591206
 32
0.0
 13
103189.93532642354
 23
99072.07100591206
 33
0.0
  0
SOLID
  5
7D4
330
1F
100
AcDbEntity
  8
PDF_솔리드 채우기
440
33554559
100
AcDbTrace
 10
103112.33109167307
 20
98994.46664182903
 30
0.0
 11
103189.93532642354
 21
98963.42810364513
 31
0.0
 12
103189.93532642354
 22
99072.07100591206
 32
0.0
 13
103189.93532642354
 23
99072.07100591206
 33
0.0
  0
SOLID
  5
7D5
330
1F
100
AcDbEntity
  8
PDF_솔리드 채우기
440
33554559
100
AcDbTrace
 10
103189.93532642354
 20
98963.42810364513
 30
0.0
 11
103252.01253212405
 21
98994.46664182903
 31
0.0
 12
103189.93532642354
 22
99072.07100591206
 32
0.0
 13
103189.93532642354
 23
99072.07100591206
 33
0.0
  0
SOLID
  5
7D6
330
1F
100
AcDbEntity
  8
PDF_솔리드 채우기
440
33554559
100
AcDbTrace
 10
103252.01253212405
 20
98994.46664182903
 30
0.0
 11
103283.05107030807
 21
99072.07100591206
 31
0.0
 12
103189.93532642354
 22
99072.07100591206
 32
0.0
 13
103189.93532642354
 23
99072.07100591206
 33
0.0
  0
SOLID
  5
7D7
330
1F
100
AcDbEntity
  8
PDF_솔리드 채우기
440
33554559
100
AcDbTrace
 10
103283.05107030807
 20
99072.07100591206
 30
0.0
 11
103252.01253212405
 21
99134.14821161266
 31
0.0
 12
103189.93532642354
 22
99072.07100591206
 32
0.0
 13
103189.93532642354
 23
99072.07100591206
 33
0.0
  0
SOLID
  5
7D8
330
1F
100
AcDbEntity
  8
PDF_솔리드 채우기
440
33554559
100
AcDbTrace
 10
103252.01253212405
 20
99134.14821161266
 30
0.0
 11
103189.93532642354
 21
99165.18674979659
 31
0.0
 12
103189.93532642354
 22
99072.07100591206
 32
0.0
 13
103189.93532642354
 23
99072.07100591206
 33
0.0
  0
SOLID
  5
7D9
330
1F
100
AcDbEntity
  8
PDF_솔리드 채우기
440
33554559
100
AcDbTrace
 10
103189.93532642354
 20
99165.18674979659
 30
0.0
 11
103112.33109167307
 21
99134.14821161266
 31
0.0
 12
103189.93532642354
 22
99072.07100591206
 32
0.0
 13
103189.93532642354
 23
99072.07100591206
 33
0.0
  0
SOLID
  5
7DA
330
1F
100
AcDbEntity
  8
PDF_솔리드 채우기
440
33554559
100
AcDbTrace
 10
103112.33109167307
 20
99134.14821161266
 30
0.0
 11
103081.29255348917
 21
99072.07100591206
 31
0.0
 12
103189.93532642354
 22
99072.07100591206
 32
0.0
 13
103189.93532642354
 23
99072.07100591206
 33
0.0
  0
SOLID
  5
7DB
330
1F
100
AcDbEntity
  8
PDF_솔리드 채우기
440
33554559
100
AcDbTrace
 10
107783.8250873066
 20
99072.07100591206
 30
0.0
 11
107752.78654912258
 21
99134.14821161266
 31
0.0
 12
107690.70934342202
 22
99072.07100591206
 32
0.0
 13
107690.70934342202
 23
99072.07100591206
 33
0.0
  0
SOLID
  5
7DC
330
1F
100
AcDbEntity
  8
PDF_솔리드 채우기
440
33554559
100
AcDbTrace
 10
107752.78654912258
 20
99134.14821161266
 30
0.0
 11
107690.70934342202
 21
99165.18674979659
 31
0.0
 12
107690.70934342202
 22
99072.07100591206
 32
0.0
 13
107690.70934342202
 23
99072.07100591206
 33
0.0
  0
SOLID
  5
7DD
330
1F
100
AcDbEntity
  8
PDF_솔리드 채우기
440
33554559
100
AcDbTrace
 10
107690.70934342202
 20
99165.18674979659
 30
0.0
 11
107613.10510867163
 21
99134.14821161266
 31
0.0
 12
107690.70934342202
 22
99072.07100591206
 32
0.0
 13
107690.70934342202
 23
99072.07100591206
 33
0.0
  0
SOLID
  5
7DE
330
1F
100
AcDbEntity
  8
PDF_솔리드 채우기
440
33554559
100
AcDbTrace
 10
107613.10510867163
 20
99134.14821161266
 30
0.0
 11
107582.06644115505
 21
99072.07100591206
 31
0.0
 12
107690.70934342202
 22
99072.07100591206
 32
0.0
 13
107690.70934342202
 23
99072.07100591206
 33
0.0
  0
SOLID
  5
7DF
330
1F
100
AcDbEntity
  8
PDF_솔리드 채우기
440
33554559
100
AcDbTrace
 10
107582.06644115505
 20
99072.07100591206
 30
0.0
 11
107613.10510867163
 21
98994.46664182903
 31
0.0
 12
107690.70934342202
 22
99072.07100591206
 32
0.0
 13
107690.70934342202
 23
99072.07100591206
 33
0.0
  0
SOLID
  5
7E0
330
1F
100
AcDbEntity
  8
PDF_솔리드 채우기
440
33554559
100
AcDbTrace
 10
107613.10510867163
 20
98994.46664182903
 30
0.0
 11
107690.70934342202
 21
98963.42810364513
 31
0.0
 12
107690.70934342202
 22
99072.07100591206
 32
0.0
 13
107690.70934342202
 23
99072.07100591206
 33
0.0
  0
SOLID
  5
7E1
330
1F
100
AcDbEntity
  8
PDF_솔리드 채우기
440
33554559
100
AcDbTrace
 10
107690.70934342202
 20
98963.42810364513
 30
0.0
 11
107752.78654912258
 21
98994.46664182903
 31
0.0
 12
107690.70934342202
 22
99072.07100591206
 32
0.0
 13
107690.70934342202
 23
99072.07100591206
 33
0.0
  0
SOLID
  5
7E2
330
1F
100
AcDbEntity
  8
PDF_솔리드 채우기
440
33554559
100
AcDbTrace
 10
107752.78654912258
 20
98994.46664182903
 30
0.0
 11
107783.8250873066
 21
99072.07100591206
 31
0.0
 12
107690.70934342202
 22
99072.07100591206
 32
0.0
 13
107690.70934342202
 23
99072.07100591206
 33
0.0
  0
CIRCLE
  5
7E3
330
1F
100
AcDbEntity
  8
PDF_형상
370
5
100
AcDbCircle
 10
49213.10116340952
 20
105466.02883584794
 30
0.0
 40
1193.59747220607
  0
CIRCLE
  5
7E4
330
1F
100
AcDbEntity
  8
PDF_형상
370
5
100
AcDbCircle
 10
52580.92365192533
 20
105466.02828373987
 30
0.0
 40
1193.5977373311086
  0
LWPOLYLINE
  5
7E5
330
1F
100
AcDbEntity
  8
PDF_형상
370
5
100
AcDbPolyline
 90
2
 70
1
 10
1627.6028741529735
 20
79904.97349632488
 10
4824.705649044074
 20
79904.97349632488
  0
LWPOLYLINE
  5
7E6
330
1F
100
AcDbEntity
  8
PDF_형상
370
5
100
AcDbPolyline
 90
2
 70
1
 10
1627.6028741529735
 20
87401.09565137452
 10
4824.705649044074
 20
87401.09565137452
  0
LWPOLYLINE
  5
7E7
330
1F
100
AcDbEntity
  8
PDF_형상
370
5
100
AcDbPolyline
 90
2
 70
0
 10
2015.600768031436
 20
79501.45633335444
 10
2015.600768031436
 20
87804.61281434496
  0
SOLID
  5
7E8
330
1F
100
AcDbEntity
  8
PDF_솔리드 채우기
440
33554559
100
AcDbTrace
 10
2015.600768031436
 20
79796.33059405789
 30
0.0
 11
2093.2011228029005
 21
79827.37702153233
 31
0.0
 12
2015.600768031436
 22
79904.97349632488
 32
0.0
 13
2015.600768031436
 23
79904.97349632488
 33
0.0
  0
SOLID
  5
7E9
330
1F
100
AcDbEntity
  8
PDF_솔리드 채우기
440
33554559
100
AcDbTrace
 10
2093.2011228029005
 20
79827.37702153233
 30
0.0
 11
2124.241730308975
 21
79904.97349632488
 31
0.0
 12
2015.600768031436
 22
79904.97349632488
 32
0.0
 13
2015.600768031436
 23
79904.97349632488
 33
0.0
  0
SOLID
  5
7EA
330
1F
100
AcDbEntity
  8
PDF_솔리드 채우기
440
33554559
100
AcDbTrace
 10
2124.241730308975
 20
79904.97349632488
 30
0.0
 11
2093.2011228029005
 21
79967.0505726928
 31
0.0
 12
2015.600768031436
 22
79904.97349632488
 32
0.0
 13
2015.600768031436
 23
79904.97349632488
 33
0.0
  0
SOLID
  5
7EB
330
1F
100
AcDbEntity
  8
PDF_솔리드 채우기
440
33554559
100
AcDbTrace
 10
2093.2011228029005
 20
79967.0505726928
 30
0.0
 11
2015.600768031436
 21
79998.0892402094
 31
0.0
 12
2015.600768031436
 22
79904.97349632488
 32
0.0
 13
2015.600768031436
 23
79904.97349632488
 33
0.0
  0
SOLID
  5
7EC
330
1F
100
AcDbEntity
  8
PDF_솔리드 채우기
440
33554559
100
AcDbTrace
 10
2015.600768031436
 20
79998.0892402094
 30
0.0
 11
1953.5216223414027
 21
79967.0505726928
 31
0.0
 12
2015.600768031436
 22
79904.97349632488
 32
0.0
 13
2015.600768031436
 23
79904.97349632488
 33
0.0
  0
SOLID
  5
7ED
330
1F
100
AcDbEntity
  8
PDF_솔리드 채우기
440
33554559
100
AcDbTrace
 10
1953.5216223414027
 20
79967.0505726928
 30
0.0
 11
1922.481144167963
 21
79904.97349632488
 31
0.0
 12
2015.600768031436
 22
79904.97349632488
 32
0.0
 13
2015.600768031436
 23
79904.97349632488
 33
0.0
  0
SOLID
  5
7EE
330
1F
100
AcDbEntity
  8
PDF_솔리드 채우기
440
33554559
100
AcDbTrace
 10
1922.481144167963
 20
79904.97349632488
 30
0.0
 11
1953.5216223414027
 21
79827.37702153233
 31
0.0
 12
2015.600768031436
 22
79904.97349632488
 32
0.0
 13
2015.600768031436
 23
79904.97349632488
 33
0.0
  0
SOLID
  5
7EF
330
1F
100
AcDbEntity
  8
PDF_솔리드 채우기
440
33554559
100
AcDbTrace
 10
1953.5216223414027
 20
79827.37702153233
 30
0.0
 11
2015.600768031436
 21
79796.33059405789
 31
0.0
 12
2015.600768031436
 22
79904.97349632488
 32
0.0
 13
2015.600768031436
 23
79904.97349632488
 33
0.0
  0
SOLID
  5
7F0
330
1F
100
AcDbEntity
  8
PDF_솔리드 채우기
440
33554559
100
AcDbTrace
 10
2015.600768031436
 20
87494.21139525902
 30
0.0
 11
1953.5216223414027
 21
87478.69199683444
 31
0.0
 12
2015.600768031436
 22
87401.09565137452
 32
0.0
 13
2015.600768031436
 23
87401.09565137452
 33
0.0
  0
SOLID
  5
7F1
330
1F
100
AcDbEntity
  8
PDF_솔리드 채우기
440
33554559
100
AcDbTrace
 10
1953.5216223414027
 20
87478.69199683444
 30
0.0
 11
1922.481144167963
 21
87401.09565137452
 31
0.0
 12
2015.600768031436
 22
87401.09565137452
 32
0.0
 13
2015.600768031436
 23
87401.09565137452
 33
0.0
  0
SOLID
  5
7F2
330
1F
100
AcDbEntity
  8
PDF_솔리드 채우기
440
33554559
100
AcDbTrace
 10
1922.481144167963
 20
87401.09565137452
 30
0.0
 11
1953.5216223414027
 21
87323.49128729149
 31
0.0
 12
2015.600768031436
 22
87401.09565137452
 32
0.0
 13
2015.600768031436
 23
87401.09565137452
 33
0.0
  0
SOLID
  5
7F3
330
1F
100
AcDbEntity
  8
PDF_솔리드 채우기
440
33554559
100
AcDbTrace
 10
1953.5216223414027
 20
87323.49128729149
 30
0.0
 11
2015.600768031436
 21
87307.97201819948
 31
0.0
 12
2015.600768031436
 22
87401.09565137452
 32
0.0
 13
2015.600768031436
 23
87401.09565137452
 33
0.0
  0
SOLID
  5
7F4
330
1F
100
AcDbEntity
  8
PDF_솔리드 채우기
440
33554559
100
AcDbTrace
 10
2015.600768031436
 20
87307.97201819948
 30
0.0
 11
2093.2011228029005
 21
87323.49128729149
 31
0.0
 12
2015.600768031436
 22
87401.09565137452
 32
0.0
 13
2015.600768031436
 23
87401.09565137452
 33
0.0
  0
SOLID
  5
7F5
330
1F
100
AcDbEntity
  8
PDF_솔리드 채우기
440
33554559
100
AcDbTrace
 10
2093.2011228029005
 20
87323.49128729149
 30
0.0
 11
2124.241730308975
 21
87401.09565137452
 31
0.0
 12
2015.600768031436
 22
87401.09565137452
 32
0.0
 13
2015.600768031436
 23
87401.09565137452
 33
0.0
  0
SOLID
  5
7F6
330
1F
100
AcDbEntity
  8
PDF_솔리드 채우기
440
33554559
100
AcDbTrace
 10
2124.241730308975
 20
87401.09565137452
 30
0.0
 11
2093.2011228029005
 21
87478.69199683444
 31
0.0
 12
2015.600768031436
 22
87401.09565137452
 32
0.0
 13
2015.600768031436
 23
87401.09565137452
 33
0.0
  0
SOLID
  5
7F7
330
1F
100
AcDbEntity
  8
PDF_솔리드 채우기
440
33554559
100
AcDbTrace
 10
2093.2011228029005
 20
87478.69199683444
 30
0.0
 11
2015.600768031436
 21
87494.21139525902
 31
0.0
 12
2015.600768031436
 22
87401.09565137452
 32
0.0
 13
2015.600768031436
 23
87401.09565137452
 33
0.0
  0
LWPOLYLINE
  5
7F8
330
1F
100
AcDbEntity
  8
PDF_형상
370
5
100
AcDbPolyline
 90
2
 70
1
 10
1627.6028741529735
 20
72408.85134127527
 10
4824.705649044074
 20
72408.85134127527
  0
LWPOLYLINE
  5
7FA
330
1F
100
AcDbEntity
  8
PDF_형상
370
5
100
AcDbPolyline
 90
2
 70
0
 10
2015.600768031436
 20
72005.33417830482
 10
2015.600768031436
 20
80308.49065929532
  0
SOLID
  5
7FB
330
1F
100
AcDbEntity
  8
PDF_솔리드 채우기
440
33554559
100
AcDbTrace
 10
2015.600768031436
 20
72300.21632829873
 30
0.0
 11
2093.2011228029005
 21
72331.25486648272
 31
0.0
 12
2015.600768031436
 22
72408.85134127527
 32
0.0
 13
2015.600768031436
 23
72408.85134127527
 33
0.0
  0
SOLID
  5
7FC
330
1F
100
AcDbEntity
  8
PDF_솔리드 채우기
440
33554559
100
AcDbTrace
 10
2093.2011228029005
 20
72331.25486648272
 30
0.0
 11
2124.241730308975
 21
72408.85134127527
 31
0.0
 12
2015.600768031436
 22
72408.85134127527
 32
0.0
 13
2015.600768031436
 23
72408.85134127527
 33
0.0
  0
SOLID
  5
7FD
330
1F
100
AcDbEntity
  8
PDF_솔리드 채우기
440
33554559
100
AcDbTrace
 10
2124.241730308975
 20
72408.85134127527
 30
0.0
 11
2093.2011228029005
 21
72470.93630693367
 31
0.0
 12
2015.600768031436
 22
72408.85134127527
 32
0.0
 13
2015.600768031436
 23
72408.85134127527
 33
0.0
  0
SOLID
  5
7FE
330
1F
100
AcDbEntity
  8
PDF_솔리드 채우기
440
33554559
100
AcDbTrace
 10
2093.2011228029005
 20
72470.93630693367
 30
0.0
 11
2015.600768031436
 21
72501.97497445028
 31
0.0
 12
2015.600768031436
 22
72408.85134127527
 32
0.0
 13
2015.600768031436
 23
72408.85134127527
 33
0.0
  0
SOLID
  5
7FF
330
1F
100
AcDbEntity
  8
PDF_솔리드 채우기
440
33554559
100
AcDbTrace
 10
2015.600768031436
 20
72501.97497445028
 30
0.0
 11
1953.5216223414027
 21
72470.93630693367
 31
0.0
 12
2015.600768031436
 22
72408.85134127527
 32
0.0
 13
2015.600768031436
 23
72408.85134127527
 33
0.0
  0
SOLID
  5
800
330
1F
100
AcDbEntity
  8
PDF_솔리드 채우기
440
33554559
100
AcDbTrace
 10
1953.5216223414027
 20
72470.93630693367
 30
0.0
 11
1922.481144167963
 21
72408.85134127527
 31
0.0
 12
2015.600768031436
 22
72408.85134127527
 32
0.0
 13
2015.600768031436
 23
72408.85134127527
 33
0.0
  0
SOLID
  5
801
330
1F
100
AcDbEntity
  8
PDF_솔리드 채우기
440
33554559
100
AcDbTrace
 10
1922.481144167963
 20
72408.85134127527
 30
0.0
 11
1953.5216223414027
 21
72331.25486648272
 31
0.0
 12
2015.600768031436
 22
72408.85134127527
 32
0.0
 13
2015.600768031436
 23
72408.85134127527
 33
0.0
  0
SOLID
  5
802
330
1F
100
AcDbEntity
  8
PDF_솔리드 채우기
440
33554559
100
AcDbTrace
 10
1953.5216223414027
 20
72331.25486648272
 30
0.0
 11
2015.600768031436
 21
72300.21632829873
 31
0.0
 12
2015.600768031436
 22
72408.85134127527
 32
0.0
 13
2015.600768031436
 23
72408.85134127527
 33
0.0
  0
SOLID
  5
803
330
1F
100
AcDbEntity
  8
PDF_솔리드 채우기
440
33554559
100
AcDbTrace
 10
2015.600768031436
 20
79998.0892402094
 30
0.0
 11
1953.5216223414027
 21
79967.0505726928
 31
0.0
 12
2015.600768031436
 22
79904.97349632488
 32
0.0
 13
2015.600768031436
 23
79904.97349632488
 33
0.0
  0
SOLID
  5
804
330
1F
100
AcDbEntity
  8
PDF_솔리드 채우기
440
33554559
100
AcDbTrace
 10
1953.5216223414027
 20
79967.0505726928
 30
0.0
 11
1922.481144167963
 21
79904.97349632488
 31
0.0
 12
2015.600768031436
 22
79904.97349632488
 32
0.0
 13
2015.600768031436
 23
79904.97349632488
 33
0.0
  0
SOLID
  5
805
330
1F
100
AcDbEntity
  8
PDF_솔리드 채우기
440
33554559
100
AcDbTrace
 10
1922.481144167963
 20
79904.97349632488
 30
0.0
 11
1953.5216223414027
 21
79827.37702153233
 31
0.0
 12
2015.600768031436
 22
79904.97349632488
 32
0.0
 13
2015.600768031436
 23
79904.97349632488
 33
0.0
  0
SOLID
  5
806
330
1F
100
AcDbEntity
  8
PDF_솔리드 채우기
440
33554559
100
AcDbTrace
 10
1953.5216223414027
 20
79827.37702153233
 30
0.0
 11
2015.600768031436
 21
79796.33059405789
 31
0.0
 12
2015.600768031436
 22
79904.97349632488
 32
0.0
 13
2015.600768031436
 23
79904.97349632488
 33
0.0
  0
SOLID
  5
807
330
1F
100
AcDbEntity
  8
PDF_솔리드 채우기
440
33554559
100
AcDbTrace
 10
2015.600768031436
 20
79796.33059405789
 30
0.0
 11
2093.2011228029005
 21
79827.37702153233
 31
0.0
 12
2015.600768031436
 22
79904.97349632488
 32
0.0
 13
2015.600768031436
 23
79904.97349632488
 33
0.0
  0
SOLID
  5
808
330
1F
100
AcDbEntity
  8
PDF_솔리드 채우기
440
33554559
100
AcDbTrace
 10
2093.2011228029005
 20
79827.37702153233
 30
0.0
 11
2124.241730308975
 21
79904.97349632488
 31
0.0
 12
2015.600768031436
 22
79904.97349632488
 32
0.0
 13
2015.600768031436
 23
79904.97349632488
 33
0.0
  0
SOLID
  5
809
330
1F
100
AcDbEntity
  8
PDF_솔리드 채우기
440
33554559
100
AcDbTrace
 10
2124.241730308975
 20
79904.97349632488
 30
0.0
 11
2093.2011228029005
 21
79967.0505726928
 31
0.0
 12
2015.600768031436
 22
79904.97349632488
 32
0.0
 13
2015.600768031436
 23
79904.97349632488
 33
0.0
  0
SOLID
  5
80A
330
1F
100
AcDbEntity
  8
PDF_솔리드 채우기
440
33554559
100
AcDbTrace
 10
2093.2011228029005
 20
79967.0505726928
 30
0.0
 11
2015.600768031436
 21
79998.0892402094
 31
0.0
 12
2015.600768031436
 22
79904.97349632488
 32
0.0
 13
2015.600768031436
 23
79904.97349632488
 33
0.0
  0
CIRCLE
  5
80B
330
1F
100
AcDbEntity
  8
PDF_형상
370
5
100
AcDbCircle
 10
-2778.616616303334
 20
87400.84780219561
 30
0.0
 40
1193.5974722060225
  0
LWPOLYLINE
  5
80C
330
1F
100
AcDbEntity
  8
PDF_형상
370
5
100
AcDbPolyline
 90
2
 70
0
 10
4359.1093403835985
 20
87401.09565137452
 10
13.532152949119336
 20
87401.09565137452
  0
LWPOLYLINE
  5
80D
330
1F
100
AcDbEntity
  8
PDF_형상
370
5
100
AcDbPolyline
 90
4
 70
1
 10
13.532152949119336
 20
38606.47676657377
 10
4824.705649044074
 20
38606.47676657377
 10
1627.6028741529735
 20
38606.47676657377
 10
4824.705649044074
 20
38606.47676657377
  0
LWPOLYLINE
  5
80E
330
1F
100
AcDbEntity
  8
PDF_형상
370
5
100
AcDbPolyline
 90
2
 70
0
 10
417.05035058061185
 20
87804.61281434496
 10
417.05035058061185
 20
38218.478872695305
  0
SOLID
  5
80F
330
1F
100
AcDbEntity
  8
PDF_솔리드 채우기
440
33554559
100
AcDbTrace
 10
417.05035058061185
 20
87494.21139525902
 30
0.0
 11
354.97029956216284
 21
87478.69199683444
 31
0.0
 12
417.05035058061185
 22
87401.09565137452
 32
0.0
 13
417.05035058061185
 23
87401.09565137452
 33
0.0
  0
SOLID
  5
810
330
1F
100
AcDbEntity
  8
PDF_솔리드 채우기
440
33554559
100
AcDbTrace
 10
354.97029956216284
 20
87478.69199683444
 30
0.0
 11
323.93072671715345
 21
87401.09565137452
 31
0.0
 12
417.05035058061185
 22
87401.09565137452
 32
0.0
 13
417.05035058061185
 23
87401.09565137452
 33
0.0
  0
SOLID
  5
811
330
1F
100
AcDbEntity
  8
PDF_솔리드 채우기
440
33554559
100
AcDbTrace
 10
323.93072671715345
 20
87401.09565137452
 30
0.0
 11
354.97029956216284
 21
87323.49128729149
 31
0.0
 12
417.05035058061185
 22
87401.09565137452
 32
0.0
 13
417.05035058061185
 23
87401.09565137452
 33
0.0
  0
SOLID
  5
812
330
1F
100
AcDbEntity
  8
PDF_솔리드 채우기
440
33554559
100
AcDbTrace
 10
354.97029956216284
 20
87323.49128729149
 30
0.0
 11
417.05035058061185
 21
87307.97201819948
 31
0.0
 12
417.05035058061185
 22
87401.09565137452
 32
0.0
 13
417.05035058061185
 23
87401.09565137452
 33
0.0
  0
SOLID
  5
813
330
1F
100
AcDbEntity
  8
PDF_솔리드 채우기
440
33554559
100
AcDbTrace
 10
417.05035058061185
 20
87307.97201819948
 30
0.0
 11
494.6498000236752
 21
87323.49128729149
 31
0.0
 12
417.05035058061185
 22
87401.09565137452
 32
0.0
 13
417.05035058061185
 23
87401.09565137452
 33
0.0
  0
SOLID
  5
814
330
1F
100
AcDbEntity
  8
PDF_솔리드 채우기
440
33554559
100
AcDbTrace
 10
494.6498000236752
 20
87323.49128729149
 30
0.0
 11
525.6892435360496
 21
87401.09565137452
 31
0.0
 12
417.05035058061185
 22
87401.09565137452
 32
0.0
 13
417.05035058061185
 23
87401.09565137452
 33
0.0
  0
SOLID
  5
815
330
1F
100
AcDbEntity
  8
PDF_솔리드 채우기
440
33554559
100
AcDbTrace
 10
525.6892435360496
 20
87401.09565137452
 30
0.0
 11
494.6498000236752
 21
87478.69199683444
 31
0.0
 12
417.05035058061185
 22
87401.09565137452
 32
0.0
 13
417.05035058061185
 23
87401.09565137452
 33
0.0
  0
SOLID
  5
816
330
1F
100
AcDbEntity
  8
PDF_솔리드 채우기
440
33554559
100
AcDbTrace
 10
494.6498000236752
 20
87478.69199683444
 30
0.0
 11
417.05035058061185
 21
87494.21139525902
 31
0.0
 12
417.05035058061185
 22
87401.09565137452
 32
0.0
 13
417.05035058061185
 23
87401.09565137452
 33
0.0
  0
SOLID
  5
817
330
1F
100
AcDbEntity
  8
PDF_솔리드 채우기
440
33554559
100
AcDbTrace
 10
417.05035058061185
 20
38513.35701337766
 30
0.0
 11
494.6498000236752
 21
38544.39568089427
 31
0.0
 12
417.05035058061185
 22
38606.47676657377
 32
0.0
 13
417.05035058061185
 23
38606.47676657377
 33
0.0
  0
SOLID
  5
818
330
1F
100
AcDbEntity
  8
PDF_솔리드 채우기
440
33554559
100
AcDbTrace
 10
494.6498000236752
 20
38544.39568089427
 30
0.0
 11
525.6892435360496
 21
38606.47676657377
 31
0.0
 12
417.05035058061185
 22
38606.47676657377
 32
0.0
 13
417.05035058061185
 23
38606.47676657377
 33
0.0
  0
SOLID
  5
819
330
1F
100
AcDbEntity
  8
PDF_솔리드 채우기
440
33554559
100
AcDbTrace
 10
525.6892435360496
 20
38606.47676657377
 30
0.0
 11
494.6498000236752
 21
38684.07712134523
 31
0.0
 12
417.05035058061185
 22
38606.47676657377
 32
0.0
 13
417.05035058061185
 23
38606.47676657377
 33
0.0
  0
SOLID
  5
81A
330
1F
100
AcDbEntity
  8
PDF_솔리드 채우기
440
33554559
100
AcDbTrace
 10
494.6498000236752
 20
38684.07712134523
 30
0.0
 11
417.05035058061185
 21
38715.115659529205
 31
0.0
 12
417.05035058061185
 22
38606.47676657377
 32
0.0
 13
417.05035058061185
 23
38606.47676657377
 33
0.0
  0
SOLID
  5
81B
330
1F
100
AcDbEntity
  8
PDF_솔리드 채우기
440
33554559
100
AcDbTrace
 10
417.05035058061185
 20
38715.115659529205
 30
0.0
 11
354.97029956216284
 21
38684.07712134523
 31
0.0
 12
417.05035058061185
 22
38606.47676657377
 32
0.0
 13
417.05035058061185
 23
38606.47676657377
 33
0.0
  0
SOLID
  5
81C
330
1F
100
AcDbEntity
  8
PDF_솔리드 채우기
440
33554559
100
AcDbTrace
 10
354.97029956216284
 20
38684.07712134523
 30
0.0
 11
323.93072671715345
 21
38606.47676657377
 31
0.0
 12
417.05035058061185
 22
38606.47676657377
 32
0.0
 13
417.05035058061185
 23
38606.47676657377
 33
0.0
  0
SOLID
  5
81D
330
1F
100
AcDbEntity
  8
PDF_솔리드 채우기
440
33554559
100
AcDbTrace
 10
323.93072671715345
 20
38606.47676657377
 30
0.0
 11
354.97029956216284
 21
38544.39568089427
 31
0.0
 12
417.05035058061185
 22
38606.47676657377
 32
0.0
 13
417.05035058061185
 23
38606.47676657377
 33
0.0
  0
SOLID
  5
81E
330
1F
100
AcDbEntity
  8
PDF_솔리드 채우기
440
33554559
100
AcDbTrace
 10
354.97029956216284
 20
38544.39568089427
 30
0.0
 11
417.05035058061185
 21
38513.35701337766
 31
0.0
 12
417.05035058061185
 22
38606.47676657377
 32
0.0
 13
417.05035058061185
 23
38606.47676657377
 33
0.0
  0
LWPOLYLINE
  5
81F
330
1F
100
AcDbEntity
  8
PDF_형상
370
5
100
AcDbPolyline
 90
2
 70
1
 10
1627.6028741529735
 20
64912.733066204564
 10
4824.705649044074
 20
64912.733066204564
  0
LWPOLYLINE
  5
821
330
1F
100
AcDbEntity
  8
PDF_형상
370
5
100
AcDbPolyline
 90
2
 70
0
 10
2015.600768031436
 20
64509.21590323412
 10
2015.600768031436
 20
72796.8492351537
  0
SOLID
  5
822
330
1F
100
AcDbEntity
  8
PDF_솔리드 채우기
440
33554559
100
AcDbTrace
 10
2015.600768031436
 20
64804.09417324913
 30
0.0
 11
2093.2011228029005
 21
64835.132711433085
 31
0.0
 12
2015.600768031436
 22
64912.733066204564
 32
0.0
 13
2015.600768031436
 23
64912.733066204564
 33
0.0
  0
SOLID
  5
823
330
1F
100
AcDbEntity
  8
PDF_솔리드 채우기
440
33554559
100
AcDbTrace
 10
2093.2011228029005
 20
64835.132711433085
 30
0.0
 11
2124.241730308975
 21
64912.733066204564
 31
0.0
 12
2015.600768031436
 22
64912.733066204564
 32
0.0
 13
2015.600768031436
 23
64912.733066204564
 33
0.0
  0
SOLID
  5
824
330
1F
100
AcDbEntity
  8
PDF_솔리드 채우기
440
33554559
100
AcDbTrace
 10
2124.241730308975
 20
64912.733066204564
 30
0.0
 11
2093.2011228029005
 21
64974.81415188405
 31
0.0
 12
2015.600768031436
 22
64912.733066204564
 32
0.0
 13
2015.600768031436
 23
64912.733066204564
 33
0.0
  0
SOLID
  5
825
330
1F
100
AcDbEntity
  8
PDF_솔리드 채우기
440
33554559
100
AcDbTrace
 10
2093.2011228029005
 20
64974.81415188405
 30
0.0
 11
2015.600768031436
 21
65005.85281940066
 31
0.0
 12
2015.600768031436
 22
64912.733066204564
 32
0.0
 13
2015.600768031436
 23
64912.733066204564
 33
0.0
  0
SOLID
  5
826
330
1F
100
AcDbEntity
  8
PDF_솔리드 채우기
440
33554559
100
AcDbTrace
 10
2015.600768031436
 20
65005.85281940066
 30
0.0
 11
1953.5216223414027
 21
64974.81415188405
 31
0.0
 12
2015.600768031436
 22
64912.733066204564
 32
0.0
 13
2015.600768031436
 23
64912.733066204564
 33
0.0
  0
SOLID
  5
827
330
1F
100
AcDbEntity
  8
PDF_솔리드 채우기
440
33554559
100
AcDbTrace
 10
1953.5216223414027
 20
64974.81415188405
 30
0.0
 11
1922.481144167963
 21
64912.733066204564
 31
0.0
 12
2015.600768031436
 22
64912.733066204564
 32
0.0
 13
2015.600768031436
 23
64912.733066204564
 33
0.0
  0
SOLID
  5
828
330
1F
100
AcDbEntity
  8
PDF_솔리드 채우기
440
33554559
100
AcDbTrace
 10
1922.481144167963
 20
64912.733066204564
 30
0.0
 11
1953.5216223414027
 21
64835.132711433085
 31
0.0
 12
2015.600768031436
 22
64912.733066204564
 32
0.0
 13
2015.600768031436
 23
64912.733066204564
 33
0.0
  0
SOLID
  5
829
330
1F
100
AcDbEntity
  8
PDF_솔리드 채우기
440
33554559
100
AcDbTrace
 10
1953.5216223414027
 20
64835.132711433085
 30
0.0
 11
2015.600768031436
 21
64804.09417324913
 31
0.0
 12
2015.600768031436
 22
64912.733066204564
 32
0.0
 13
2015.600768031436
 23
64912.733066204564
 33
0.0
  0
SOLID
  5
82A
330
1F
100
AcDbEntity
  8
PDF_솔리드 채우기
440
33554559
100
AcDbTrace
 10
2015.600768031436
 20
72501.97497445028
 30
0.0
 11
1953.5216223414027
 21
72470.93630693367
 31
0.0
 12
2015.600768031436
 22
72408.85134127527
 32
0.0
 13
2015.600768031436
 23
72408.85134127527
 33
0.0
  0
SOLID
  5
82B
330
1F
100
AcDbEntity
  8
PDF_솔리드 채우기
440
33554559
100
AcDbTrace
 10
1953.5216223414027
 20
72470.93630693367
 30
0.0
 11
1922.481144167963
 21
72408.85134127527
 31
0.0
 12
2015.600768031436
 22
72408.85134127527
 32
0.0
 13
2015.600768031436
 23
72408.85134127527
 33
0.0
  0
SOLID
  5
82C
330
1F
100
AcDbEntity
  8
PDF_솔리드 채우기
440
33554559
100
AcDbTrace
 10
1922.481144167963
 20
72408.85134127527
 30
0.0
 11
1953.5216223414027
 21
72331.25486648272
 31
0.0
 12
2015.600768031436
 22
72408.85134127527
 32
0.0
 13
2015.600768031436
 23
72408.85134127527
 33
0.0
  0
SOLID
  5
82D
330
1F
100
AcDbEntity
  8
PDF_솔리드 채우기
440
33554559
100
AcDbTrace
 10
1953.5216223414027
 20
72331.25486648272
 30
0.0
 11
2015.600768031436
 21
72300.21632829873
 31
0.0
 12
2015.600768031436
 22
72408.85134127527
 32
0.0
 13
2015.600768031436
 23
72408.85134127527
 33
0.0
  0
SOLID
  5
82E
330
1F
100
AcDbEntity
  8
PDF_솔리드 채우기
440
33554559
100
AcDbTrace
 10
2015.600768031436
 20
72300.21632829873
 30
0.0
 11
2093.2011228029005
 21
72331.25486648272
 31
0.0
 12
2015.600768031436
 22
72408.85134127527
 32
0.0
 13
2015.600768031436
 23
72408.85134127527
 33
0.0
  0
SOLID
  5
82F
330
1F
100
AcDbEntity
  8
PDF_솔리드 채우기
440
33554559
100
AcDbTrace
 10
2093.2011228029005
 20
72331.25486648272
 30
0.0
 11
2124.241730308975
 21
72408.85134127527
 31
0.0
 12
2015.600768031436
 22
72408.85134127527
 32
0.0
 13
2015.600768031436
 23
72408.85134127527
 33
0.0
  0
SOLID
  5
830
330
1F
100
AcDbEntity
  8
PDF_솔리드 채우기
440
33554559
100
AcDbTrace
 10
2124.241730308975
 20
72408.85134127527
 30
0.0
 11
2093.2011228029005
 21
72470.93630693367
 31
0.0
 12
2015.600768031436
 22
72408.85134127527
 32
0.0
 13
2015.600768031436
 23
72408.85134127527
 33
0.0
  0
SOLID
  5
831
330
1F
100
AcDbEntity
  8
PDF_솔리드 채우기
440
33554559
100
AcDbTrace
 10
2093.2011228029005
 20
72470.93630693367
 30
0.0
 11
2015.600768031436
 21
72501.97497445028
 31
0.0
 12
2015.600768031436
 22
72408.85134127527
 32
0.0
 13
2015.600768031436
 23
72408.85134127527
 33
0.0
  0
LWPOLYLINE
  5
832
330
1F
100
AcDbEntity
  8
PDF_형상
370
5
100
AcDbPolyline
 90
2
 70
1
 10
1627.6028741529735
 20
57416.614920466505
 10
4824.705649044074
 20
57416.614920466505
  0
LWPOLYLINE
  5
834
330
1F
100
AcDbEntity
  8
PDF_형상
370
5
100
AcDbPolyline
 90
2
 70
0
 10
2015.600768031436
 20
57013.09775749606
 10
2015.600768031436
 20
65300.73496939458
  0
SOLID
  5
835
330
1F
100
AcDbEntity
  8
PDF_솔리드 채우기
440
33554559
100
AcDbTrace
 10
2015.600768031436
 20
57307.97602751105
 30
0.0
 11
2093.2011228029005
 21
57339.014565695026
 31
0.0
 12
2015.600768031436
 22
57416.614920466505
 32
0.0
 13
2015.600768031436
 23
57416.614920466505
 33
0.0
  0
SOLID
  5
836
330
1F
100
AcDbEntity
  8
PDF_솔리드 채우기
440
33554559
100
AcDbTrace
 10
2093.2011228029005
 20
57339.014565695026
 30
0.0
 11
2124.241730308975
 21
57416.614920466505
 31
0.0
 12
2015.600768031436
 22
57416.614920466505
 32
0.0
 13
2015.600768031436
 23
57416.614920466505
 33
0.0
  0
SOLID
  5
837
330
1F
100
AcDbEntity
  8
PDF_솔리드 채우기
440
33554559
100
AcDbTrace
 10
2124.241730308975
 20
57416.614920466505
 30
0.0
 11
2093.2011228029005
 21
57478.69600614599
 31
0.0
 12
2015.600768031436
 22
57416.614920466505
 32
0.0
 13
2015.600768031436
 23
57416.614920466505
 33
0.0
  0
SOLID
  5
838
330
1F
100
AcDbEntity
  8
PDF_솔리드 채우기
440
33554559
100
AcDbTrace
 10
2093.2011228029005
 20
57478.69600614599
 30
0.0
 11
2015.600768031436
 21
57509.734544329964
 31
0.0
 12
2015.600768031436
 22
57416.614920466505
 32
0.0
 13
2015.600768031436
 23
57416.614920466505
 33
0.0
  0
SOLID
  5
839
330
1F
100
AcDbEntity
  8
PDF_솔리드 채우기
440
33554559
100
AcDbTrace
 10
2015.600768031436
 20
57509.734544329964
 30
0.0
 11
1953.5216223414027
 21
57478.69600614599
 31
0.0
 12
2015.600768031436
 22
57416.614920466505
 32
0.0
 13
2015.600768031436
 23
57416.614920466505
 33
0.0
  0
SOLID
  5
83A
330
1F
100
AcDbEntity
  8
PDF_솔리드 채우기
440
33554559
100
AcDbTrace
 10
1953.5216223414027
 20
57478.69600614599
 30
0.0
 11
1922.481144167963
 21
57416.614920466505
 31
0.0
 12
2015.600768031436
 22
57416.614920466505
 32
0.0
 13
2015.600768031436
 23
57416.614920466505
 33
0.0
  0
SOLID
  5
83B
330
1F
100
AcDbEntity
  8
PDF_솔리드 채우기
440
33554559
100
AcDbTrace
 10
1922.481144167963
 20
57416.614920466505
 30
0.0
 11
1953.5216223414027
 21
57339.014565695026
 31
0.0
 12
2015.600768031436
 22
57416.614920466505
 32
0.0
 13
2015.600768031436
 23
57416.614920466505
 33
0.0
  0
SOLID
  5
83C
330
1F
100
AcDbEntity
  8
PDF_솔리드 채우기
440
33554559
100
AcDbTrace
 10
1953.5216223414027
 20
57339.014565695026
 30
0.0
 11
2015.600768031436
 21
57307.97602751105
 31
0.0
 12
2015.600768031436
 22
57416.614920466505
 32
0.0
 13
2015.600768031436
 23
57416.614920466505
 33
0.0
  0
SOLID
  5
83D
330
1F
100
AcDbEntity
  8
PDF_솔리드 채우기
440
33554559
100
AcDbTrace
 10
2015.600768031436
 20
65005.85281940066
 30
0.0
 11
1953.5216223414027
 21
64974.81415188405
 31
0.0
 12
2015.600768031436
 22
64912.733066204564
 32
0.0
 13
2015.600768031436
 23
64912.733066204564
 33
0.0
  0
SOLID
  5
83E
330
1F
100
AcDbEntity
  8
PDF_솔리드 채우기
440
33554559
100
AcDbTrace
 10
1953.5216223414027
 20
64974.81415188405
 30
0.0
 11
1922.481144167963
 21
64912.733066204564
 31
0.0
 12
2015.600768031436
 22
64912.733066204564
 32
0.0
 13
2015.600768031436
 23
64912.733066204564
 33
0.0
  0
SOLID
  5
83F
330
1F
100
AcDbEntity
  8
PDF_솔리드 채우기
440
33554559
100
AcDbTrace
 10
1922.481144167963
 20
64912.733066204564
 30
0.0
 11
1953.5216223414027
 21
64835.132711433085
 31
0.0
 12
2015.600768031436
 22
64912.733066204564
 32
0.0
 13
2015.600768031436
 23
64912.733066204564
 33
0.0
  0
SOLID
  5
840
330
1F
100
AcDbEntity
  8
PDF_솔리드 채우기
440
33554559
100
AcDbTrace
 10
1953.5216223414027
 20
64835.132711433085
 30
0.0
 11
2015.600768031436
 21
64804.09417324913
 31
0.0
 12
2015.600768031436
 22
64912.733066204564
 32
0.0
 13
2015.600768031436
 23
64912.733066204564
 33
0.0
  0
SOLID
  5
841
330
1F
100
AcDbEntity
  8
PDF_솔리드 채우기
440
33554559
100
AcDbTrace
 10
2015.600768031436
 20
64804.09417324913
 30
0.0
 11
2093.2011228029005
 21
64835.132711433085
 31
0.0
 12
2015.600768031436
 22
64912.733066204564
 32
0.0
 13
2015.600768031436
 23
64912.733066204564
 33
0.0
  0
SOLID
  5
842
330
1F
100
AcDbEntity
  8
PDF_솔리드 채우기
440
33554559
100
AcDbTrace
 10
2093.2011228029005
 20
64835.132711433085
 30
0.0
 11
2124.241730308975
 21
64912.733066204564
 31
0.0
 12
2015.600768031436
 22
64912.733066204564
 32
0.0
 13
2015.600768031436
 23
64912.733066204564
 33
0.0
  0
SOLID
  5
843
330
1F
100
AcDbEntity
  8
PDF_솔리드 채우기
440
33554559
100
AcDbTrace
 10
2124.241730308975
 20
64912.733066204564
 30
0.0
 11
2093.2011228029005
 21
64974.81415188405
 31
0.0
 12
2015.600768031436
 22
64912.733066204564
 32
0.0
 13
2015.600768031436
 23
64912.733066204564
 33
0.0
  0
SOLID
  5
844
330
1F
100
AcDbEntity
  8
PDF_솔리드 채우기
440
33554559
100
AcDbTrace
 10
2093.2011228029005
 20
64974.81415188405
 30
0.0
 11
2015.600768031436
 21
65005.85281940066
 31
0.0
 12
2015.600768031436
 22
64912.733066204564
 32
0.0
 13
2015.600768031436
 23
64912.733066204564
 33
0.0
  0
LWPOLYLINE
  5
845
330
1F
100
AcDbEntity
  8
PDF_형상
370
5
100
AcDbPolyline
 90
2
 70
1
 10
1627.6028741529735
 20
49904.97737630382
 10
4824.705649044074
 20
49904.97737630382
  0
LWPOLYLINE
  5
847
330
1F
100
AcDbEntity
  8
PDF_형상
370
5
100
AcDbPolyline
 90
2
 70
0
 10
2015.600768031436
 20
49516.979482425355
 10
2015.600768031436
 20
57804.61281434495
  0
SOLID
  5
848
330
1F
100
AcDbEntity
  8
PDF_솔리드 채우기
440
33554559
100
AcDbTrace
 10
2015.600768031436
 20
49811.85775244036
 30
0.0
 11
2093.2011228029005
 21
49842.89629062432
 31
0.0
 12
2015.600768031436
 22
49904.97737630382
 32
0.0
 13
2015.600768031436
 23
49904.97737630382
 33
0.0
  0
SOLID
  5
849
330
1F
100
AcDbEntity
  8
PDF_솔리드 채우기
440
33554559
100
AcDbTrace
 10
2093.2011228029005
 20
49842.89629062432
 30
0.0
 11
2124.241730308975
 21
49904.97737630382
 31
0.0
 12
2015.600768031436
 22
49904.97737630382
 32
0.0
 13
2015.600768031436
 23
49904.97737630382
 33
0.0
  0
SOLID
  5
84A
330
1F
100
AcDbEntity
  8
PDF_솔리드 채우기
440
33554559
100
AcDbTrace
 10
2124.241730308975
 20
49904.97737630382
 30
0.0
 11
2093.2011228029005
 21
49982.573851096364
 31
0.0
 12
2015.600768031436
 22
49904.97737630382
 32
0.0
 13
2015.600768031436
 23
49904.97737630382
 33
0.0
  0
SOLID
  5
84B
330
1F
100
AcDbEntity
  8
PDF_솔리드 채우기
440
33554559
100
AcDbTrace
 10
2093.2011228029005
 20
49982.573851096364
 30
0.0
 11
2015.600768031436
 21
50013.616398591905
 31
0.0
 12
2015.600768031436
 22
49904.97737630382
 32
0.0
 13
2015.600768031436
 23
49904.97737630382
 33
0.0
  0
SOLID
  5
84C
330
1F
100
AcDbEntity
  8
PDF_솔리드 채우기
440
33554559
100
AcDbTrace
 10
2015.600768031436
 20
50013.616398591905
 30
0.0
 11
1953.5216223414027
 21
49982.573851096364
 31
0.0
 12
2015.600768031436
 22
49904.97737630382
 32
0.0
 13
2015.600768031436
 23
49904.97737630382
 33
0.0
  0
SOLID
  5
84D
330
1F
100
AcDbEntity
  8
PDF_솔리드 채우기
440
33554559
100
AcDbTrace
 10
1953.5216223414027
 20
49982.573851096364
 30
0.0
 11
1922.481144167963
 21
49904.97737630382
 31
0.0
 12
2015.600768031436
 22
49904.97737630382
 32
0.0
 13
2015.600768031436
 23
49904.97737630382
 33
0.0
  0
SOLID
  5
84E
330
1F
100
AcDbEntity
  8
PDF_솔리드 채우기
440
33554559
100
AcDbTrace
 10
1922.481144167963
 20
49904.97737630382
 30
0.0
 11
1953.5216223414027
 21
49842.89629062432
 31
0.0
 12
2015.600768031436
 22
49904.97737630382
 32
0.0
 13
2015.600768031436
 23
49904.97737630382
 33
0.0
  0
SOLID
  5
84F
330
1F
100
AcDbEntity
  8
PDF_솔리드 채우기
440
33554559
100
AcDbTrace
 10
1953.5216223414027
 20
49842.89629062432
 30
0.0
 11
2015.600768031436
 21
49811.85775244036
 31
0.0
 12
2015.600768031436
 22
49904.97737630382
 32
0.0
 13
2015.600768031436
 23
49904.97737630382
 33
0.0
  0
SOLID
  5
850
330
1F
100
AcDbEntity
  8
PDF_솔리드 채우기
440
33554559
100
AcDbTrace
 10
2015.600768031436
 20
57509.734544329964
 30
0.0
 11
1953.5216223414027
 21
57478.69600614599
 31
0.0
 12
2015.600768031436
 22
57416.614920466505
 32
0.0
 13
2015.600768031436
 23
57416.614920466505
 33
0.0
  0
SOLID
  5
851
330
1F
100
AcDbEntity
  8
PDF_솔리드 채우기
440
33554559
100
AcDbTrace
 10
1953.5216223414027
 20
57478.69600614599
 30
0.0
 11
1922.481144167963
 21
57416.614920466505
 31
0.0
 12
2015.600768031436
 22
57416.614920466505
 32
0.0
 13
2015.600768031436
 23
57416.614920466505
 33
0.0
  0
SOLID
  5
852
330
1F
100
AcDbEntity
  8
PDF_솔리드 채우기
440
33554559
100
AcDbTrace
 10
1922.481144167963
 20
57416.614920466505
 30
0.0
 11
1953.5216223414027
 21
57339.014565695026
 31
0.0
 12
2015.600768031436
 22
57416.614920466505
 32
0.0
 13
2015.600768031436
 23
57416.614920466505
 33
0.0
  0
SOLID
  5
853
330
1F
100
AcDbEntity
  8
PDF_솔리드 채우기
440
33554559
100
AcDbTrace
 10
1953.5216223414027
 20
57339.014565695026
 30
0.0
 11
2015.600768031436
 21
57307.97602751105
 31
0.0
 12
2015.600768031436
 22
57416.614920466505
 32
0.0
 13
2015.600768031436
 23
57416.614920466505
 33
0.0
  0
SOLID
  5
854
330
1F
100
AcDbEntity
  8
PDF_솔리드 채우기
440
33554559
100
AcDbTrace
 10
2015.600768031436
 20
57307.97602751105
 30
0.0
 11
2093.2011228029005
 21
57339.014565695026
 31
0.0
 12
2015.600768031436
 22
57416.614920466505
 32
0.0
 13
2015.600768031436
 23
57416.614920466505
 33
0.0
  0
SOLID
  5
855
330
1F
100
AcDbEntity
  8
PDF_솔리드 채우기
440
33554559
100
AcDbTrace
 10
2093.2011228029005
 20
57339.014565695026
 30
0.0
 11
2124.241730308975
 21
57416.614920466505
 31
0.0
 12
2015.600768031436
 22
57416.614920466505
 32
0.0
 13
2015.600768031436
 23
57416.614920466505
 33
0.0
  0
SOLID
  5
856
330
1F
100
AcDbEntity
  8
PDF_솔리드 채우기
440
33554559
100
AcDbTrace
 10
2124.241730308975
 20
57416.614920466505
 30
0.0
 11
2093.2011228029005
 21
57478.69600614599
 31
0.0
 12
2015.600768031436
 22
57416.614920466505
 32
0.0
 13
2015.600768031436
 23
57416.614920466505
 33
0.0
  0
SOLID
  5
857
330
1F
100
AcDbEntity
  8
PDF_솔리드 채우기
440
33554559
100
AcDbTrace
 10
2093.2011228029005
 20
57478.69600614599
 30
0.0
 11
2015.600768031436
 21
57509.734544329964
 31
0.0
 12
2015.600768031436
 22
57416.614920466505
 32
0.0
 13
2015.600768031436
 23
57416.614920466505
 33
0.0
  0
LWPOLYLINE
  5
858
330
1F
100
AcDbEntity
  8
PDF_형상
370
5
100
AcDbPolyline
 90
2
 70
1
 10
1627.6028741529735
 20
42408.855221254205
 10
4824.705649044074
 20
42408.855221254205
  0
LWPOLYLINE
  5
85A
330
1F
100
AcDbEntity
  8
PDF_형상
370
5
100
AcDbPolyline
 90
2
 70
0
 10
2015.600768031436
 20
42020.85732737574
 10
2015.600768031436
 20
50308.49466860688
  0
SOLID
  5
85B
330
1F
100
AcDbEntity
  8
PDF_솔리드 채우기
440
33554559
100
AcDbTrace
 10
2015.600768031436
 20
42315.73559739073
 30
0.0
 11
2093.2011228029005
 21
42346.77814488626
 31
0.0
 12
2015.600768031436
 22
42408.855221254205
 32
0.0
 13
2015.600768031436
 23
42408.855221254205
 33
0.0
  0
SOLID
  5
85C
330
1F
100
AcDbEntity
  8
PDF_솔리드 채우기
440
33554559
100
AcDbTrace
 10
2093.2011228029005
 20
42346.77814488626
 30
0.0
 11
2124.241730308975
 21
42408.855221254205
 31
0.0
 12
2015.600768031436
 22
42408.855221254205
 32
0.0
 13
2015.600768031436
 23
42408.855221254205
 33
0.0
  0
SOLID
  5
85D
330
1F
100
AcDbEntity
  8
PDF_솔리드 채우기
440
33554559
100
AcDbTrace
 10
2124.241730308975
 20
42408.855221254205
 30
0.0
 11
2093.2011228029005
 21
42486.455705358305
 31
0.0
 12
2015.600768031436
 22
42408.855221254205
 32
0.0
 13
2015.600768031436
 23
42408.855221254205
 33
0.0
  0
SOLID
  5
85E
330
1F
100
AcDbEntity
  8
PDF_솔리드 채우기
440
33554559
100
AcDbTrace
 10
2093.2011228029005
 20
42486.455705358305
 30
0.0
 11
2015.600768031436
 21
42517.49424354226
 31
0.0
 12
2015.600768031436
 22
42408.855221254205
 32
0.0
 13
2015.600768031436
 23
42408.855221254205
 33
0.0
  0
SOLID
  5
85F
330
1F
100
AcDbEntity
  8
PDF_솔리드 채우기
440
33554559
100
AcDbTrace
 10
2015.600768031436
 20
42517.49424354226
 30
0.0
 11
1953.5216223414027
 21
42486.455705358305
 31
0.0
 12
2015.600768031436
 22
42408.855221254205
 32
0.0
 13
2015.600768031436
 23
42408.855221254205
 33
0.0
  0
SOLID
  5
860
330
1F
100
AcDbEntity
  8
PDF_솔리드 채우기
440
33554559
100
AcDbTrace
 10
1953.5216223414027
 20
42486.455705358305
 30
0.0
 11
1922.481144167963
 21
42408.855221254205
 31
0.0
 12
2015.600768031436
 22
42408.855221254205
 32
0.0
 13
2015.600768031436
 23
42408.855221254205
 33
0.0
  0
SOLID
  5
861
330
1F
100
AcDbEntity
  8
PDF_솔리드 채우기
440
33554559
100
AcDbTrace
 10
1922.481144167963
 20
42408.855221254205
 30
0.0
 11
1953.5216223414027
 21
42346.77814488626
 31
0.0
 12
2015.600768031436
 22
42408.855221254205
 32
0.0
 13
2015.600768031436
 23
42408.855221254205
 33
0.0
  0
SOLID
  5
862
330
1F
100
AcDbEntity
  8
PDF_솔리드 채우기
440
33554559
100
AcDbTrace
 10
1953.5216223414027
 20
42346.77814488626
 30
0.0
 11
2015.600768031436
 21
42315.73559739073
 31
0.0
 12
2015.600768031436
 22
42408.855221254205
 32
0.0
 13
2015.600768031436
 23
42408.855221254205
 33
0.0
  0
SOLID
  5
863
330
1F
100
AcDbEntity
  8
PDF_솔리드 채우기
440
33554559
100
AcDbTrace
 10
2015.600768031436
 20
50013.616398591905
 30
0.0
 11
1953.5216223414027
 21
49982.573851096364
 31
0.0
 12
2015.600768031436
 22
49904.97737630382
 32
0.0
 13
2015.600768031436
 23
49904.97737630382
 33
0.0
  0
SOLID
  5
864
330
1F
100
AcDbEntity
  8
PDF_솔리드 채우기
440
33554559
100
AcDbTrace
 10
1953.5216223414027
 20
49982.573851096364
 30
0.0
 11
1922.481144167963
 21
49904.97737630382
 31
0.0
 12
2015.600768031436
 22
49904.97737630382
 32
0.0
 13
2015.600768031436
 23
49904.97737630382
 33
0.0
  0
SOLID
  5
865
330
1F
100
AcDbEntity
  8
PDF_솔리드 채우기
440
33554559
100
AcDbTrace
 10
1922.481144167963
 20
49904.97737630382
 30
0.0
 11
1953.5216223414027
 21
49842.89629062432
 31
0.0
 12
2015.600768031436
 22
49904.97737630382
 32
0.0
 13
2015.600768031436
 23
49904.97737630382
 33
0.0
  0
SOLID
  5
866
330
1F
100
AcDbEntity
  8
PDF_솔리드 채우기
440
33554559
100
AcDbTrace
 10
1953.5216223414027
 20
49842.89629062432
 30
0.0
 11
2015.600768031436
 21
49811.85775244036
 31
0.0
 12
2015.600768031436
 22
49904.97737630382
 32
0.0
 13
2015.600768031436
 23
49904.97737630382
 33
0.0
  0
SOLID
  5
867
330
1F
100
AcDbEntity
  8
PDF_솔리드 채우기
440
33554559
100
AcDbTrace
 10
2015.600768031436
 20
49811.85775244036
 30
0.0
 11
2093.2011228029005
 21
49842.89629062432
 31
0.0
 12
2015.600768031436
 22
49904.97737630382
 32
0.0
 13
2015.600768031436
 23
49904.97737630382
 33
0.0
  0
SOLID
  5
868
330
1F
100
AcDbEntity
  8
PDF_솔리드 채우기
440
33554559
100
AcDbTrace
 10
2093.2011228029005
 20
49842.89629062432
 30
0.0
 11
2124.241730308975
 21
49904.97737630382
 31
0.0
 12
2015.600768031436
 22
49904.97737630382
 32
0.0
 13
2015.600768031436
 23
49904.97737630382
 33
0.0
  0
SOLID
  5
869
330
1F
100
AcDbEntity
  8
PDF_솔리드 채우기
440
33554559
100
AcDbTrace
 10
2124.241730308975
 20
49904.97737630382
 30
0.0
 11
2093.2011228029005
 21
49982.573851096364
 31
0.0
 12
2015.600768031436
 22
49904.97737630382
 32
0.0
 13
2015.600768031436
 23
49904.97737630382
 33
0.0
  0
SOLID
  5
86A
330
1F
100
AcDbEntity
  8
PDF_솔리드 채우기
440
33554559
100
AcDbTrace
 10
2093.2011228029005
 20
49982.573851096364
 30
0.0
 11
2015.600768031436
 21
50013.616398591905
 31
0.0
 12
2015.600768031436
 22
49904.97737630382
 32
0.0
 13
2015.600768031436
 23
49904.97737630382
 33
0.0
  0
LWPOLYLINE
  5
86D
330
1F
100
AcDbEntity
  8
PDF_형상
370
5
100
AcDbPolyline
 90
2
 70
0
 10
2015.600768031436
 20
38218.478872695305
 10
2015.600768031436
 20
42812.37251355727
  0
SOLID
  5
86E
330
1F
100
AcDbEntity
  8
PDF_솔리드 채우기
440
33554559
100
AcDbTrace
 10
2015.600768031436
 20
38513.35701337766
 30
0.0
 11
2093.2011228029005
 21
38544.39568089427
 31
0.0
 12
2015.600768031436
 22
38606.47676657377
 32
0.0
 13
2015.600768031436
 23
38606.47676657377
 33
0.0
  0
SOLID
  5
86F
330
1F
100
AcDbEntity
  8
PDF_솔리드 채우기
440
33554559
100
AcDbTrace
 10
2093.2011228029005
 20
38544.39568089427
 30
0.0
 11
2124.241730308975
 21
38606.47676657377
 31
0.0
 12
2015.600768031436
 22
38606.47676657377
 32
0.0
 13
2015.600768031436
 23
38606.47676657377
 33
0.0
  0
SOLID
  5
870
330
1F
100
AcDbEntity
  8
PDF_솔리드 채우기
440
33554559
100
AcDbTrace
 10
2124.241730308975
 20
38606.47676657377
 30
0.0
 11
2093.2011228029005
 21
38684.07712134523
 31
0.0
 12
2015.600768031436
 22
38606.47676657377
 32
0.0
 13
2015.600768031436
 23
38606.47676657377
 33
0.0
  0
SOLID
  5
871
330
1F
100
AcDbEntity
  8
PDF_솔리드 채우기
440
33554559
100
AcDbTrace
 10
2093.2011228029005
 20
38684.07712134523
 30
0.0
 11
2015.600768031436
 21
38715.115659529205
 31
0.0
 12
2015.600768031436
 22
38606.47676657377
 32
0.0
 13
2015.600768031436
 23
38606.47676657377
 33
0.0
  0
SOLID
  5
872
330
1F
100
AcDbEntity
  8
PDF_솔리드 채우기
440
33554559
100
AcDbTrace
 10
2015.600768031436
 20
38715.115659529205
 30
0.0
 11
1953.5216223414027
 21
38684.07712134523
 31
0.0
 12
2015.600768031436
 22
38606.47676657377
 32
0.0
 13
2015.600768031436
 23
38606.47676657377
 33
0.0
  0
SOLID
  5
873
330
1F
100
AcDbEntity
  8
PDF_솔리드 채우기
440
33554559
100
AcDbTrace
 10
1953.5216223414027
 20
38684.07712134523
 30
0.0
 11
1922.481144167963
 21
38606.47676657377
 31
0.0
 12
2015.600768031436
 22
38606.47676657377
 32
0.0
 13
2015.600768031436
 23
38606.47676657377
 33
0.0
  0
SOLID
  5
874
330
1F
100
AcDbEntity
  8
PDF_솔리드 채우기
440
33554559
100
AcDbTrace
 10
1922.481144167963
 20
38606.47676657377
 30
0.0
 11
1953.5216223414027
 21
38544.39568089427
 31
0.0
 12
2015.600768031436
 22
38606.47676657377
 32
0.0
 13
2015.600768031436
 23
38606.47676657377
 33
0.0
  0
SOLID
  5
875
330
1F
100
AcDbEntity
  8
PDF_솔리드 채우기
440
33554559
100
AcDbTrace
 10
1953.5216223414027
 20
38544.39568089427
 30
0.0
 11
2015.600768031436
 21
38513.35701337766
 31
0.0
 12
2015.600768031436
 22
38606.47676657377
 32
0.0
 13
2015.600768031436
 23
38606.47676657377
 33
0.0
  0
SOLID
  5
876
330
1F
100
AcDbEntity
  8
PDF_솔리드 채우기
440
33554559
100
AcDbTrace
 10
2015.600768031436
 20
42517.49424354226
 30
0.0
 11
1953.5216223414027
 21
42486.455705358305
 31
0.0
 12
2015.600768031436
 22
42408.855221254205
 32
0.0
 13
2015.600768031436
 23
42408.855221254205
 33
0.0
  0
SOLID
  5
877
330
1F
100
AcDbEntity
  8
PDF_솔리드 채우기
440
33554559
100
AcDbTrace
 10
1953.5216223414027
 20
42486.455705358305
 30
0.0
 11
1922.481144167963
 21
42408.855221254205
 31
0.0
 12
2015.600768031436
 22
42408.855221254205
 32
0.0
 13
2015.600768031436
 23
42408.855221254205
 33
0.0
  0
SOLID
  5
878
330
1F
100
AcDbEntity
  8
PDF_솔리드 채우기
440
33554559
100
AcDbTrace
 10
1922.481144167963
 20
42408.855221254205
 30
0.0
 11
1953.5216223414027
 21
42346.77814488626
 31
0.0
 12
2015.600768031436
 22
42408.855221254205
 32
0.0
 13
2015.600768031436
 23
42408.855221254205
 33
0.0
  0
SOLID
  5
879
330
1F
100
AcDbEntity
  8
PDF_솔리드 채우기
440
33554559
100
AcDbTrace
 10
1953.5216223414027
 20
42346.77814488626
 30
0.0
 11
2015.600768031436
 21
42315.73559739073
 31
0.0
 12
2015.600768031436
 22
42408.855221254205
 32
0.0
 13
2015.600768031436
 23
42408.855221254205
 33
0.0
  0
SOLID
  5
87A
330
1F
100
AcDbEntity
  8
PDF_솔리드 채우기
440
33554559
100
AcDbTrace
 10
2015.600768031436
 20
42315.73559739073
 30
0.0
 11
2093.2011228029005
 21
42346.77814488626
 31
0.0
 12
2015.600768031436
 22
42408.855221254205
 32
0.0
 13
2015.600768031436
 23
42408.855221254205
 33
0.0
  0
SOLID
  5
87B
330
1F
100
AcDbEntity
  8
PDF_솔리드 채우기
440
33554559
100
AcDbTrace
 10
2093.2011228029005
 20
42346.77814488626
 30
0.0
 11
2124.241730308975
 21
42408.855221254205
 31
0.0
 12
2015.600768031436
 22
42408.855221254205
 32
0.0
 13
2015.600768031436
 23
42408.855221254205
 33
0.0
  0
SOLID
  5
87C
330
1F
100
AcDbEntity
  8
PDF_솔리드 채우기
440
33554559
100
AcDbTrace
 10
2124.241730308975
 20
42408.855221254205
 30
0.0
 11
2093.2011228029005
 21
42486.455705358305
 31
0.0
 12
2015.600768031436
 22
42408.855221254205
 32
0.0
 13
2015.600768031436
 23
42408.855221254205
 33
0.0
  0
SOLID
  5
87D
330
1F
100
AcDbEntity
  8
PDF_솔리드 채우기
440
33554559
100
AcDbTrace
 10
2093.2011228029005
 20
42486.455705358305
 30
0.0
 11
2015.600768031436
 21
42517.49424354226
 31
0.0
 12
2015.600768031436
 22
42408.855221254205
 32
0.0
 13
2015.600768031436
 23
42408.855221254205
 33
0.0
  0
LWPOLYLINE
  5
87E
330
1F
100
AcDbEntity
  8
PDF_형상
370
5
100
AcDbPolyline
 90
2
 70
1
 10
1627.6028741529735
 20
29961.88407895968
 10
4824.705649044074
 20
29961.88407895968
  0
LWPOLYLINE
  5
880
330
1F
100
AcDbEntity
  8
PDF_형상
370
5
100
AcDbPolyline
 90
2
 70
0
 10
2015.600768031436
 20
29573.886185081217
 10
2015.600768031436
 20
39009.993929544195
  0
SOLID
  5
881
330
1F
100
AcDbEntity
  8
PDF_솔리드 채우기
440
33554559
100
AcDbTrace
 10
2015.600768031436
 20
29868.76445509622
 30
0.0
 11
2093.2011228029005
 21
29899.80493326966
 31
0.0
 12
2015.600768031436
 22
29961.88407895968
 32
0.0
 13
2015.600768031436
 23
29961.88407895968
 33
0.0
  0
SOLID
  5
882
330
1F
100
AcDbEntity
  8
PDF_솔리드 채우기
440
33554559
100
AcDbTrace
 10
2093.2011228029005
 20
29899.80493326966
 30
0.0
 11
2124.241730308975
 21
29961.88407895968
 31
0.0
 12
2015.600768031436
 22
29961.88407895968
 32
0.0
 13
2015.600768031436
 23
29961.88407895968
 33
0.0
  0
SOLID
  5
883
330
1F
100
AcDbEntity
  8
PDF_솔리드 채우기
440
33554559
100
AcDbTrace
 10
2124.241730308975
 20
29961.88407895968
 30
0.0
 11
2093.2011228029005
 21
30039.48443373116
 31
0.0
 12
2015.600768031436
 22
29961.88407895968
 32
0.0
 13
2015.600768031436
 23
29961.88407895968
 33
0.0
  0
SOLID
  5
884
330
1F
100
AcDbEntity
  8
PDF_솔리드 채우기
440
33554559
100
AcDbTrace
 10
2093.2011228029005
 20
30039.48443373116
 30
0.0
 11
2015.600768031436
 21
30070.523101247752
 31
0.0
 12
2015.600768031436
 22
29961.88407895968
 32
0.0
 13
2015.600768031436
 23
29961.88407895968
 33
0.0
  0
SOLID
  5
885
330
1F
100
AcDbEntity
  8
PDF_솔리드 채우기
440
33554559
100
AcDbTrace
 10
2015.600768031436
 20
30070.523101247752
 30
0.0
 11
1953.5216223414027
 21
30039.48443373116
 31
0.0
 12
2015.600768031436
 22
29961.88407895968
 32
0.0
 13
2015.600768031436
 23
29961.88407895968
 33
0.0
  0
SOLID
  5
886
330
1F
100
AcDbEntity
  8
PDF_솔리드 채우기
440
33554559
100
AcDbTrace
 10
1953.5216223414027
 20
30039.48443373116
 30
0.0
 11
1922.481144167963
 21
29961.88407895968
 31
0.0
 12
2015.600768031436
 22
29961.88407895968
 32
0.0
 13
2015.600768031436
 23
29961.88407895968
 33
0.0
  0
SOLID
  5
887
330
1F
100
AcDbEntity
  8
PDF_솔리드 채우기
440
33554559
100
AcDbTrace
 10
1922.481144167963
 20
29961.88407895968
 30
0.0
 11
1953.5216223414027
 21
29899.80493326966
 31
0.0
 12
2015.600768031436
 22
29961.88407895968
 32
0.0
 13
2015.600768031436
 23
29961.88407895968
 33
0.0
  0
SOLID
  5
888
330
1F
100
AcDbEntity
  8
PDF_솔리드 채우기
440
33554559
100
AcDbTrace
 10
1953.5216223414027
 20
29899.80493326966
 30
0.0
 11
2015.600768031436
 21
29868.76445509622
 31
0.0
 12
2015.600768031436
 22
29961.88407895968
 32
0.0
 13
2015.600768031436
 23
29961.88407895968
 33
0.0
  0
SOLID
  5
889
330
1F
100
AcDbEntity
  8
PDF_솔리드 채우기
440
33554559
100
AcDbTrace
 10
2015.600768031436
 20
38715.115659529205
 30
0.0
 11
1953.5216223414027
 21
38684.07712134523
 31
0.0
 12
2015.600768031436
 22
38606.47676657377
 32
0.0
 13
2015.600768031436
 23
38606.47676657377
 33
0.0
  0
SOLID
  5
88A
330
1F
100
AcDbEntity
  8
PDF_솔리드 채우기
440
33554559
100
AcDbTrace
 10
1953.5216223414027
 20
38684.07712134523
 30
0.0
 11
1922.481144167963
 21
38606.47676657377
 31
0.0
 12
2015.600768031436
 22
38606.47676657377
 32
0.0
 13
2015.600768031436
 23
38606.47676657377
 33
0.0
  0
SOLID
  5
88B
330
1F
100
AcDbEntity
  8
PDF_솔리드 채우기
440
33554559
100
AcDbTrace
 10
1922.481144167963
 20
38606.47676657377
 30
0.0
 11
1953.5216223414027
 21
38544.39568089427
 31
0.0
 12
2015.600768031436
 22
38606.47676657377
 32
0.0
 13
2015.600768031436
 23
38606.47676657377
 33
0.0
  0
SOLID
  5
88C
330
1F
100
AcDbEntity
  8
PDF_솔리드 채우기
440
33554559
100
AcDbTrace
 10
1953.5216223414027
 20
38544.39568089427
 30
0.0
 11
2015.600768031436
 21
38513.35701337766
 31
0.0
 12
2015.600768031436
 22
38606.47676657377
 32
0.0
 13
2015.600768031436
 23
38606.47676657377
 33
0.0
  0
SOLID
  5
88D
330
1F
100
AcDbEntity
  8
PDF_솔리드 채우기
440
33554559
100
AcDbTrace
 10
2015.600768031436
 20
38513.35701337766
 30
0.0
 11
2093.2011228029005
 21
38544.39568089427
 31
0.0
 12
2015.600768031436
 22
38606.47676657377
 32
0.0
 13
2015.600768031436
 23
38606.47676657377
 33
0.0
  0
SOLID
  5
88E
330
1F
100
AcDbEntity
  8
PDF_솔리드 채우기
440
33554559
100
AcDbTrace
 10
2093.2011228029005
 20
38544.39568089427
 30
0.0
 11
2124.241730308975
 21
38606.47676657377
 31
0.0
 12
2015.600768031436
 22
38606.47676657377
 32
0.0
 13
2015.600768031436
 23
38606.47676657377
 33
0.0
  0
SOLID
  5
88F
330
1F
100
AcDbEntity
  8
PDF_솔리드 채우기
440
33554559
100
AcDbTrace
 10
2124.241730308975
 20
38606.47676657377
 30
0.0
 11
2093.2011228029005
 21
38684.07712134523
 31
0.0
 12
2015.600768031436
 22
38606.47676657377
 32
0.0
 13
2015.600768031436
 23
38606.47676657377
 33
0.0
  0
SOLID
  5
890
330
1F
100
AcDbEntity
  8
PDF_솔리드 채우기
440
33554559
100
AcDbTrace
 10
2093.2011228029005
 20
38684.07712134523
 30
0.0
 11
2015.600768031436
 21
38715.115659529205
 31
0.0
 12
2015.600768031436
 22
38606.47676657377
 32
0.0
 13
2015.600768031436
 23
38606.47676657377
 33
0.0
  0
LWPOLYLINE
  5
891
330
1F
100
AcDbEntity
  8
PDF_형상
370
5
100
AcDbPolyline
 90
3
 70
0
 10
13.532152949119336
 20
20712.013771566802
 10
4824.705649044074
 20
20712.013771566802
 10
1627.6028741529735
 20
20712.013771566802
  0
LWPOLYLINE
  5
893
330
1F
100
AcDbEntity
  8
PDF_형상
370
5
100
AcDbPolyline
 90
2
 70
0
 10
2015.600768031436
 20
20324.01587768834
 10
2015.600768031436
 20
30365.40124193012
  0
SOLID
  5
894
330
1F
100
AcDbEntity
  8
PDF_솔리드 채우기
440
33554559
100
AcDbTrace
 10
2015.600768031436
 20
20618.894147703344
 30
0.0
 11
2093.2011228029005
 21
20649.93462587677
 31
0.0
 12
2015.600768031436
 22
20712.013771566802
 32
0.0
 13
2015.600768031436
 23
20712.013771566802
 33
0.0
  0
SOLID
  5
895
330
1F
100
AcDbEntity
  8
PDF_솔리드 채우기
440
33554559
100
AcDbTrace
 10
2093.2011228029005
 20
20649.93462587677
 30
0.0
 11
2124.241730308975
 21
20712.013771566802
 31
0.0
 12
2015.600768031436
 22
20712.013771566802
 32
0.0
 13
2015.600768031436
 23
20712.013771566802
 33
0.0
  0
SOLID
  5
896
330
1F
100
AcDbEntity
  8
PDF_솔리드 채우기
440
33554559
100
AcDbTrace
 10
2124.241730308975
 20
20712.013771566802
 30
0.0
 11
2093.2011228029005
 21
20789.61412633828
 31
0.0
 12
2015.600768031436
 22
20712.013771566802
 32
0.0
 13
2015.600768031436
 23
20712.013771566802
 33
0.0
  0
SOLID
  5
897
330
1F
100
AcDbEntity
  8
PDF_솔리드 채우기
440
33554559
100
AcDbTrace
 10
2093.2011228029005
 20
20789.61412633828
 30
0.0
 11
2015.600768031436
 21
20820.65266452224
 31
0.0
 12
2015.600768031436
 22
20712.013771566802
 32
0.0
 13
2015.600768031436
 23
20712.013771566802
 33
0.0
  0
SOLID
  5
898
330
1F
100
AcDbEntity
  8
PDF_솔리드 채우기
440
33554559
100
AcDbTrace
 10
2015.600768031436
 20
20820.65266452224
 30
0.0
 11
1953.5216223414027
 21
20789.61412633828
 31
0.0
 12
2015.600768031436
 22
20712.013771566802
 32
0.0
 13
2015.600768031436
 23
20712.013771566802
 33
0.0
  0
SOLID
  5
899
330
1F
100
AcDbEntity
  8
PDF_솔리드 채우기
440
33554559
100
AcDbTrace
 10
1953.5216223414027
 20
20789.61412633828
 30
0.0
 11
1922.481144167963
 21
20712.013771566802
 31
0.0
 12
2015.600768031436
 22
20712.013771566802
 32
0.0
 13
2015.600768031436
 23
20712.013771566802
 33
0.0
  0
SOLID
  5
89A
330
1F
100
AcDbEntity
  8
PDF_솔리드 채우기
440
33554559
100
AcDbTrace
 10
1922.481144167963
 20
20712.013771566802
 30
0.0
 11
1953.5216223414027
 21
20649.93462587677
 31
0.0
 12
2015.600768031436
 22
20712.013771566802
 32
0.0
 13
2015.600768031436
 23
20712.013771566802
 33
0.0
  0
SOLID
  5
89B
330
1F
100
AcDbEntity
  8
PDF_솔리드 채우기
440
33554559
100
AcDbTrace
 10
1953.5216223414027
 20
20649.93462587677
 30
0.0
 11
2015.600768031436
 21
20618.894147703344
 31
0.0
 12
2015.600768031436
 22
20712.013771566802
 32
0.0
 13
2015.600768031436
 23
20712.013771566802
 33
0.0
  0
SOLID
  5
89C
330
1F
100
AcDbEntity
  8
PDF_솔리드 채우기
440
33554559
100
AcDbTrace
 10
2015.600768031436
 20
30070.523101247752
 30
0.0
 11
1953.5216223414027
 21
30039.48443373116
 31
0.0
 12
2015.600768031436
 22
29961.88407895968
 32
0.0
 13
2015.600768031436
 23
29961.88407895968
 33
0.0
  0
SOLID
  5
89D
330
1F
100
AcDbEntity
  8
PDF_솔리드 채우기
440
33554559
100
AcDbTrace
 10
1953.5216223414027
 20
30039.48443373116
 30
0.0
 11
1922.481144167963
 21
29961.88407895968
 31
0.0
 12
2015.600768031436
 22
29961.88407895968
 32
0.0
 13
2015.600768031436
 23
29961.88407895968
 33
0.0
  0
SOLID
  5
89E
330
1F
100
AcDbEntity
  8
PDF_솔리드 채우기
440
33554559
100
AcDbTrace
 10
1922.481144167963
 20
29961.88407895968
 30
0.0
 11
1953.5216223414027
 21
29899.80493326966
 31
0.0
 12
2015.600768031436
 22
29961.88407895968
 32
0.0
 13
2015.600768031436
 23
29961.88407895968
 33
0.0
  0
SOLID
  5
89F
330
1F
100
AcDbEntity
  8
PDF_솔리드 채우기
440
33554559
100
AcDbTrace
 10
1953.5216223414027
 20
29899.80493326966
 30
0.0
 11
2015.600768031436
 21
29868.76445509622
 31
0.0
 12
2015.600768031436
 22
29961.88407895968
 32
0.0
 13
2015.600768031436
 23
29961.88407895968
 33
0.0
  0
SOLID
  5
8A0
330
1F
100
AcDbEntity
  8
PDF_솔리드 채우기
440
33554559
100
AcDbTrace
 10
2015.600768031436
 20
29868.76445509622
 30
0.0
 11
2093.2011228029005
 21
29899.80493326966
 31
0.0
 12
2015.600768031436
 22
29961.88407895968
 32
0.0
 13
2015.600768031436
 23
29961.88407895968
 33
0.0
  0
SOLID
  5
8A1
330
1F
100
AcDbEntity
  8
PDF_솔리드 채우기
440
33554559
100
AcDbTrace
 10
2093.2011228029005
 20
29899.80493326966
 30
0.0
 11
2124.241730308975
 21
29961.88407895968
 31
0.0
 12
2015.600768031436
 22
29961.88407895968
 32
0.0
 13
2015.600768031436
 23
29961.88407895968
 33
0.0
  0
SOLID
  5
8A2
330
1F
100
AcDbEntity
  8
PDF_솔리드 채우기
440
33554559
100
AcDbTrace
 10
2124.241730308975
 20
29961.88407895968
 30
0.0
 11
2093.2011228029005
 21
30039.48443373116
 31
0.0
 12
2015.600768031436
 22
29961.88407895968
 32
0.0
 13
2015.600768031436
 23
29961.88407895968
 33
0.0
  0
SOLID
  5
8A3
330
1F
100
AcDbEntity
  8
PDF_솔리드 채우기
440
33554559
100
AcDbTrace
 10
2093.2011228029005
 20
30039.48443373116
 30
0.0
 11
2015.600768031436
 21
30070.523101247752
 31
0.0
 12
2015.600768031436
 22
29961.88407895968
 32
0.0
 13
2015.600768031436
 23
29961.88407895968
 33
0.0
  0
CIRCLE
  5
8A4
330
1F
100
AcDbEntity
  8
PDF_형상
370
5
100
AcDbCircle
 10
61081.02421715738
 20
105468.48638995786
 30
0.0
 40
1198.4143105854866
  0
CIRCLE
  5
8A5
330
1F
100
AcDbEntity
  8
PDF_형상
370
5
100
AcDbCircle
 10
68608.18300514713
 20
105468.48880327083
 30
0.0
 40
1198.416220278299
  0
CIRCLE
  5
8A6
330
1F
100
AcDbEntity
  8
PDF_형상
370
5
100
AcDbCircle
 10
82130.84133123867
 20
105466.02940635246
 30
0.0
 40
1193.5971982477154
  0
CIRCLE
  5
8A7
330
1F
100
AcDbEntity
  8
PDF_형상
370
5
100
AcDbCircle
 10
89699.74528658668
 20
105468.48755672382
 30
0.0
 40
1198.4137571396454
  0
CIRCLE
  5
8A8
330
1F
100
AcDbEntity
  8
PDF_형상
370
5
100
AcDbCircle
 10
98690.59594709314
 20
105466.02828374034
 30
0.0
 40
1193.5977373313813
  0
CIRCLE
  5
8A9
330
1F
100
AcDbEntity
  8
PDF_형상
370
5
100
AcDbCircle
 10
106062.55593078466
 20
105466.02828374071
 30
0.0
 40
1193.5977373305534
  0
LWPOLYLINE
  5
8AA
330
1F
100
AcDbEntity
  8
PDF_형상
370
5
100
AcDbPolyline
 90
2
 70
0
 10
4824.705649044074
 20
92848.58543476483
 10
1627.6028741529735
 20
92848.58543476483
  0
LWPOLYLINE
  5
8AC
330
1F
100
AcDbEntity
  8
PDF_형상
370
5
100
AcDbPolyline
 90
2
 70
0
 10
2015.600768031436
 20
93252.10259773527
 10
2015.600768031436
 20
86997.57059911356
  0
SOLID
  5
8AD
330
1F
100
AcDbEntity
  8
PDF_솔리드 채우기
440
33554559
100
AcDbTrace
 10
2015.600768031436
 20
92941.7011786493
 30
0.0
 11
1953.5216223414027
 21
92926.18190955734
 31
0.0
 12
2015.600768031436
 22
92848.58543476483
 32
0.0
 13
2015.600768031436
 23
92848.58543476483
 33
0.0
  0
SOLID
  5
8AE
330
1F
100
AcDbEntity
  8
PDF_솔리드 채우기
440
33554559
100
AcDbTrace
 10
1953.5216223414027
 20
92926.18190955734
 30
0.0
 11
1922.481144167963
 21
92848.58543476483
 31
0.0
 12
2015.600768031436
 22
92848.58543476483
 32
0.0
 13
2015.600768031436
 23
92848.58543476483
 33
0.0
  0
SOLID
  5
8AF
330
1F
100
AcDbEntity
  8
PDF_솔리드 채우기
440
33554559
100
AcDbTrace
 10
1922.481144167963
 20
92848.58543476483
 30
0.0
 11
1953.5216223414027
 21
92770.9810706818
 31
0.0
 12
2015.600768031436
 22
92848.58543476483
 32
0.0
 13
2015.600768031436
 23
92848.58543476483
 33
0.0
  0
SOLID
  5
8B0
330
1F
100
AcDbEntity
  8
PDF_솔리드 채우기
440
33554559
100
AcDbTrace
 10
1953.5216223414027
 20
92770.9810706818
 30
0.0
 11
2015.600768031436
 21
92755.46180158982
 31
0.0
 12
2015.600768031436
 22
92848.58543476483
 32
0.0
 13
2015.600768031436
 23
92848.58543476483
 33
0.0
  0
SOLID
  5
8B1
330
1F
100
AcDbEntity
  8
PDF_솔리드 채우기
440
33554559
100
AcDbTrace
 10
2015.600768031436
 20
92755.46180158982
 30
0.0
 11
2093.2011228029005
 21
92770.9810706818
 31
0.0
 12
2015.600768031436
 22
92848.58543476483
 32
0.0
 13
2015.600768031436
 23
92848.58543476483
 33
0.0
  0
SOLID
  5
8B2
330
1F
100
AcDbEntity
  8
PDF_솔리드 채우기
440
33554559
100
AcDbTrace
 10
2093.2011228029005
 20
92770.9810706818
 30
0.0
 11
2124.241730308975
 21
92848.58543476483
 31
0.0
 12
2015.600768031436
 22
92848.58543476483
 32
0.0
 13
2015.600768031436
 23
92848.58543476483
 33
0.0
  0
SOLID
  5
8B3
330
1F
100
AcDbEntity
  8
PDF_솔리드 채우기
440
33554559
100
AcDbTrace
 10
2124.241730308975
 20
92848.58543476483
 30
0.0
 11
2093.2011228029005
 21
92926.18190955734
 31
0.0
 12
2015.600768031436
 22
92848.58543476483
 32
0.0
 13
2015.600768031436
 23
92848.58543476483
 33
0.0
  0
SOLID
  5
8B4
330
1F
100
AcDbEntity
  8
PDF_솔리드 채우기
440
33554559
100
AcDbTrace
 10
2093.2011228029005
 20
92926.18190955734
 30
0.0
 11
2015.600768031436
 21
92941.7011786493
 31
0.0
 12
2015.600768031436
 22
92848.58543476483
 32
0.0
 13
2015.600768031436
 23
92848.58543476483
 33
0.0
  0
SOLID
  5
8B5
330
1F
100
AcDbEntity
  8
PDF_솔리드 채우기
440
33554559
100
AcDbTrace
 10
2015.600768031436
 20
87307.97201819948
 30
0.0
 11
2093.2011228029005
 21
87323.49128729149
 31
0.0
 12
2015.600768031436
 22
87401.09565137452
 32
0.0
 13
2015.600768031436
 23
87401.09565137452
 33
0.0
  0
SOLID
  5
8B6
330
1F
100
AcDbEntity
  8
PDF_솔리드 채우기
440
33554559
100
AcDbTrace
 10
2093.2011228029005
 20
87323.49128729149
 30
0.0
 11
2124.241730308975
 21
87401.09565137452
 31
0.0
 12
2015.600768031436
 22
87401.09565137452
 32
0.0
 13
2015.600768031436
 23
87401.09565137452
 33
0.0
  0
SOLID
  5
8B7
330
1F
100
AcDbEntity
  8
PDF_솔리드 채우기
440
33554559
100
AcDbTrace
 10
2124.241730308975
 20
87401.09565137452
 30
0.0
 11
2093.2011228029005
 21
87478.69199683444
 31
0.0
 12
2015.600768031436
 22
87401.09565137452
 32
0.0
 13
2015.600768031436
 23
87401.09565137452
 33
0.0
  0
SOLID
  5
8B8
330
1F
100
AcDbEntity
  8
PDF_솔리드 채우기
440
33554559
100
AcDbTrace
 10
2093.2011228029005
 20
87478.69199683444
 30
0.0
 11
2015.600768031436
 21
87494.21139525902
 31
0.0
 12
2015.600768031436
 22
87401.09565137452
 32
0.0
 13
2015.600768031436
 23
87401.09565137452
 33
0.0
  0
SOLID
  5
8B9
330
1F
100
AcDbEntity
  8
PDF_솔리드 채우기
440
33554559
100
AcDbTrace
 10
2015.600768031436
 20
87494.21139525902
 30
0.0
 11
1953.5216223414027
 21
87478.69199683444
 31
0.0
 12
2015.600768031436
 22
87401.09565137452
 32
0.0
 13
2015.600768031436
 23
87401.09565137452
 33
0.0
  0
SOLID
  5
8BA
330
1F
100
AcDbEntity
  8
PDF_솔리드 채우기
440
33554559
100
AcDbTrace
 10
1953.5216223414027
 20
87478.69199683444
 30
0.0
 11
1922.481144167963
 21
87401.09565137452
 31
0.0
 12
2015.600768031436
 22
87401.09565137452
 32
0.0
 13
2015.600768031436
 23
87401.09565137452
 33
0.0
  0
SOLID
  5
8BB
330
1F
100
AcDbEntity
  8
PDF_솔리드 채우기
440
33554559
100
AcDbTrace
 10
1922.481144167963
 20
87401.09565137452
 30
0.0
 11
1953.5216223414027
 21
87323.49128729149
 31
0.0
 12
2015.600768031436
 22
87401.09565137452
 32
0.0
 13
2015.600768031436
 23
87401.09565137452
 33
0.0
  0
SOLID
  5
8BC
330
1F
100
AcDbEntity
  8
PDF_솔리드 채우기
440
33554559
100
AcDbTrace
 10
1953.5216223414027
 20
87323.49128729149
 30
0.0
 11
2015.600768031436
 21
87307.97201819948
 31
0.0
 12
2015.600768031436
 22
87401.09565137452
 32
0.0
 13
2015.600768031436
 23
87401.09565137452
 33
0.0
  0
CIRCLE
  5
8BD
330
1F
100
AcDbEntity
  8
PDF_형상
370
5
100
AcDbCircle
 10
-2783.261496348394
 20
79895.05672120364
 30
0.0
 40
1198.2833619343733
  0
CIRCLE
  5
8BE
330
1F
100
AcDbEntity
  8
PDF_형상
370
5
100
AcDbCircle
 10
-2783.2614963484084
 20
72398.93456615403
 30
0.0
 40
1198.2833619343987
  0
CIRCLE
  5
8BF
330
1F
100
AcDbEntity
  8
PDF_형상
370
5
100
AcDbCircle
 10
-2783.260315296313
 20
64902.81483030768
 30
0.0
 40
1198.2821930127614
  0
CIRCLE
  5
8C0
330
1F
100
AcDbEntity
  8
PDF_형상
370
5
100
AcDbCircle
 10
-2783.261496348394
 20
57406.6981453453
 30
0.0
 40
1198.2833619343771
  0
CIRCLE
  5
8C1
330
1F
100
AcDbEntity
  8
PDF_형상
370
5
100
AcDbCircle
 10
-2783.2797446097975
 20
49910.57398075093
 30
0.0
 40
1198.27364447887
  0
CIRCLE
  5
8C2
330
1F
100
AcDbEntity
  8
PDF_형상
370
5
100
AcDbCircle
 10
-2783.2809514495166
 20
42414.45333827349
 30
0.0
 40
1198.2748583709447
  0
CIRCLE
  5
8C3
330
1F
100
AcDbEntity
  8
PDF_형상
370
5
100
AcDbCircle
 10
-2783.2809125191707
 20
38612.07483480039
 30
0.0
 40
1198.274819213065
  0
CIRCLE
  5
8C4
330
1F
100
AcDbEntity
  8
PDF_형상
370
5
100
AcDbCircle
 10
-2783.280328564375
 20
29967.481415296315
 30
0.0
 40
1198.274231845644
  0
CIRCLE
  5
8C5
330
1F
100
AcDbEntity
  8
PDF_형상
370
5
100
AcDbCircle
 10
-2783.2809125191416
 20
20717.61183979344
 30
0.0
 40
1198.2748192130425
  0
LWPOLYLINE
  5
8C8
330
1F
100
AcDbEntity
  8
PDF_형상
370
5
100
AcDbPolyline
 90
2
 70
0
 10
417.05035058061185
 20
39009.993929544195
 10
417.05035058061185
 20
20324.01587768834
  0
SOLID
  5
8C9
330
1F
100
AcDbEntity
  8
PDF_솔리드 채우기
440
33554559
100
AcDbTrace
 10
417.05035058061185
 20
38715.115659529205
 30
0.0
 11
354.97029956216284
 21
38684.07712134523
 31
0.0
 12
417.05035058061185
 22
38606.47676657377
 32
0.0
 13
417.05035058061185
 23
38606.47676657377
 33
0.0
  0
SOLID
  5
8CA
330
1F
100
AcDbEntity
  8
PDF_솔리드 채우기
440
33554559
100
AcDbTrace
 10
354.97029956216284
 20
38684.07712134523
 30
0.0
 11
323.93072671715345
 21
38606.47676657377
 31
0.0
 12
417.05035058061185
 22
38606.47676657377
 32
0.0
 13
417.05035058061185
 23
38606.47676657377
 33
0.0
  0
SOLID
  5
8CB
330
1F
100
AcDbEntity
  8
PDF_솔리드 채우기
440
33554559
100
AcDbTrace
 10
323.93072671715345
 20
38606.47676657377
 30
0.0
 11
354.97029956216284
 21
38544.39568089427
 31
0.0
 12
417.05035058061185
 22
38606.47676657377
 32
0.0
 13
417.05035058061185
 23
38606.47676657377
 33
0.0
  0
SOLID
  5
8CC
330
1F
100
AcDbEntity
  8
PDF_솔리드 채우기
440
33554559
100
AcDbTrace
 10
354.97029956216284
 20
38544.39568089427
 30
0.0
 11
417.05035058061185
 21
38513.35701337766
 31
0.0
 12
417.05035058061185
 22
38606.47676657377
 32
0.0
 13
417.05035058061185
 23
38606.47676657377
 33
0.0
  0
SOLID
  5
8CD
330
1F
100
AcDbEntity
  8
PDF_솔리드 채우기
440
33554559
100
AcDbTrace
 10
417.05035058061185
 20
38513.35701337766
 30
0.0
 11
494.6498000236752
 21
38544.39568089427
 31
0.0
 12
417.05035058061185
 22
38606.47676657377
 32
0.0
 13
417.05035058061185
 23
38606.47676657377
 33
0.0
  0
SOLID
  5
8CE
330
1F
100
AcDbEntity
  8
PDF_솔리드 채우기
440
33554559
100
AcDbTrace
 10
494.6498000236752
 20
38544.39568089427
 30
0.0
 11
525.6892435360496
 21
38606.47676657377
 31
0.0
 12
417.05035058061185
 22
38606.47676657377
 32
0.0
 13
417.05035058061185
 23
38606.47676657377
 33
0.0
  0
SOLID
  5
8CF
330
1F
100
AcDbEntity
  8
PDF_솔리드 채우기
440
33554559
100
AcDbTrace
 10
525.6892435360496
 20
38606.47676657377
 30
0.0
 11
494.6498000236752
 21
38684.07712134523
 31
0.0
 12
417.05035058061185
 22
38606.47676657377
 32
0.0
 13
417.05035058061185
 23
38606.47676657377
 33
0.0
  0
SOLID
  5
8D0
330
1F
100
AcDbEntity
  8
PDF_솔리드 채우기
440
33554559
100
AcDbTrace
 10
494.6498000236752
 20
38684.07712134523
 30
0.0
 11
417.05035058061185
 21
38715.115659529205
 31
0.0
 12
417.05035058061185
 22
38606.47676657377
 32
0.0
 13
417.05035058061185
 23
38606.47676657377
 33
0.0
  0
SOLID
  5
8D1
330
1F
100
AcDbEntity
  8
PDF_솔리드 채우기
440
33554559
100
AcDbTrace
 10
417.05035058061185
 20
20618.894147703344
 30
0.0
 11
494.6498000236752
 21
20649.93462587677
 31
0.0
 12
417.05035058061185
 22
20712.013771566802
 32
0.0
 13
417.05035058061185
 23
20712.013771566802
 33
0.0
  0
SOLID
  5
8D2
330
1F
100
AcDbEntity
  8
PDF_솔리드 채우기
440
33554559
100
AcDbTrace
 10
494.6498000236752
 20
20649.93462587677
 30
0.0
 11
525.6892435360496
 21
20712.013771566802
 31
0.0
 12
417.05035058061185
 22
20712.013771566802
 32
0.0
 13
417.05035058061185
 23
20712.013771566802
 33
0.0
  0
SOLID
  5
8D3
330
1F
100
AcDbEntity
  8
PDF_솔리드 채우기
440
33554559
100
AcDbTrace
 10
525.6892435360496
 20
20712.013771566802
 30
0.0
 11
494.6498000236752
 21
20789.61412633828
 31
0.0
 12
417.05035058061185
 22
20712.013771566802
 32
0.0
 13
417.05035058061185
 23
20712.013771566802
 33
0.0
  0
SOLID
  5
8D4
330
1F
100
AcDbEntity
  8
PDF_솔리드 채우기
440
33554559
100
AcDbTrace
 10
494.6498000236752
 20
20789.61412633828
 30
0.0
 11
417.05035058061185
 21
20820.65266452224
 31
0.0
 12
417.05035058061185
 22
20712.013771566802
 32
0.0
 13
417.05035058061185
 23
20712.013771566802
 33
0.0
  0
SOLID
  5
8D5
330
1F
100
AcDbEntity
  8
PDF_솔리드 채우기
440
33554559
100
AcDbTrace
 10
417.05035058061185
 20
20820.65266452224
 30
0.0
 11
354.97029956216284
 21
20789.61412633828
 31
0.0
 12
417.05035058061185
 22
20712.013771566802
 32
0.0
 13
417.05035058061185
 23
20712.013771566802
 33
0.0
  0
SOLID
  5
8D6
330
1F
100
AcDbEntity
  8
PDF_솔리드 채우기
440
33554559
100
AcDbTrace
 10
354.97029956216284
 20
20789.61412633828
 30
0.0
 11
323.93072671715345
 21
20712.013771566802
 31
0.0
 12
417.05035058061185
 22
20712.013771566802
 32
0.0
 13
417.05035058061185
 23
20712.013771566802
 33
0.0
  0
SOLID
  5
8D7
330
1F
100
AcDbEntity
  8
PDF_솔리드 채우기
440
33554559
100
AcDbTrace
 10
323.93072671715345
 20
20712.013771566802
 30
0.0
 11
354.97029956216284
 21
20649.93462587677
 31
0.0
 12
417.05035058061185
 22
20712.013771566802
 32
0.0
 13
417.05035058061185
 23
20712.013771566802
 33
0.0
  0
SOLID
  5
8D8
330
1F
100
AcDbEntity
  8
PDF_솔리드 채우기
440
33554559
100
AcDbTrace
 10
354.97029956216284
 20
20649.93462587677
 30
0.0
 11
417.05035058061185
 21
20618.894147703344
 31
0.0
 12
417.05035058061185
 22
20712.013771566802
 32
0.0
 13
417.05035058061185
 23
20712.013771566802
 33
0.0
  0
LWPOLYLINE
  5
8D9
330
1F
100
AcDbEntity
  8
PDF_형상
370
5
100
AcDbPolyline
 90
2
 70
1
 10
125367.89248319597
 20
22419.2041166341
 10
122170.79358828386
 20
22419.2041166341
  0
LWPOLYLINE
  5
8DA
330
1F
100
AcDbEntity
  8
PDF_형상
370
5
100
AcDbPolyline
 90
2
 70
1
 10
125367.89248319597
 20
25212.78972855476
 10
122170.79358828386
 20
25212.78972855476
  0
LWPOLYLINE
  5
8DB
330
1F
100
AcDbEntity
  8
PDF_형상
370
5
100
AcDbPolyline
 90
2
 70
0
 10
124964.37532022559
 20
22015.686953663673
 10
124964.37532022559
 20
25616.3068915252
  0
SOLID
  5
8DC
330
1F
100
AcDbEntity
  8
PDF_솔리드 채우기
440
33554559
100
AcDbTrace
 10
124964.37532022559
 20
22326.084492770642
 30
0.0
 11
125041.97166568552
 21
22341.605701852088
 31
0.0
 12
124964.37532022559
 22
22419.2041166341
 32
0.0
 13
124964.37532022559
 23
22419.2041166341
 33
0.0
  0
SOLID
  5
8DD
330
1F
100
AcDbEntity
  8
PDF_솔리드 채우기
440
33554559
100
AcDbTrace
 10
125041.97166568552
 20
22341.605701852088
 30
0.0
 11
125073.01033320207
 21
22419.2041166341
 31
0.0
 12
124964.37532022559
 22
22419.2041166341
 32
0.0
 13
124964.37532022559
 23
22419.2041166341
 33
0.0
  0
SOLID
  5
8DE
330
1F
100
AcDbEntity
  8
PDF_솔리드 채우기
440
33554559
100
AcDbTrace
 10
125073.01033320207
 20
22419.2041166341
 30
0.0
 11
125041.97166568552
 21
22496.80447140558
 31
0.0
 12
124964.37532022559
 22
22419.2041166341
 32
0.0
 13
124964.37532022559
 23
22419.2041166341
 33
0.0
  0
SOLID
  5
8DF
330
1F
100
AcDbEntity
  8
PDF_솔리드 채우기
440
33554559
100
AcDbTrace
 10
125041.97166568552
 20
22496.80447140558
 30
0.0
 11
124964.37532022559
 21
22512.323740497573
 31
0.0
 12
124964.37532022559
 22
22419.2041166341
 32
0.0
 13
124964.37532022559
 23
22419.2041166341
 33
0.0
  0
SOLID
  5
8E0
330
1F
100
AcDbEntity
  8
PDF_솔리드 채우기
440
33554559
100
AcDbTrace
 10
124964.37532022559
 20
22512.323740497573
 30
0.0
 11
124902.29811452502
 21
22496.80447140558
 31
0.0
 12
124964.37532022559
 22
22419.2041166341
 32
0.0
 13
124964.37532022559
 23
22419.2041166341
 33
0.0
  0
SOLID
  5
8E1
330
1F
100
AcDbEntity
  8
PDF_솔리드 채우기
440
33554559
100
AcDbTrace
 10
124902.29811452502
 20
22496.80447140558
 30
0.0
 11
124871.259576341
 21
22419.2041166341
 31
0.0
 12
124964.37532022559
 22
22419.2041166341
 32
0.0
 13
124964.37532022559
 23
22419.2041166341
 33
0.0
  0
SOLID
  5
8E2
330
1F
100
AcDbEntity
  8
PDF_솔리드 채우기
440
33554559
100
AcDbTrace
 10
124871.259576341
 20
22419.2041166341
 30
0.0
 11
124902.29811452502
 21
22341.605701852088
 31
0.0
 12
124964.37532022559
 22
22419.2041166341
 32
0.0
 13
124964.37532022559
 23
22419.2041166341
 33
0.0
  0
SOLID
  5
8E3
330
1F
100
AcDbEntity
  8
PDF_솔리드 채우기
440
33554559
100
AcDbTrace
 10
124902.29811452502
 20
22341.605701852088
 30
0.0
 11
124964.37532022559
 21
22326.084492770642
 31
0.0
 12
124964.37532022559
 22
22419.2041166341
 32
0.0
 13
124964.37532022559
 23
22419.2041166341
 33
0.0
  0
SOLID
  5
8E4
330
1F
100
AcDbEntity
  8
PDF_솔리드 채우기
440
33554559
100
AcDbTrace
 10
124964.37532022559
 20
25321.42862151021
 30
0.0
 11
124902.29811452502
 21
25290.390083326238
 31
0.0
 12
124964.37532022559
 22
25212.78972855476
 32
0.0
 13
124964.37532022559
 23
25212.78972855476
 33
0.0
  0
SOLID
  5
8E5
330
1F
100
AcDbEntity
  8
PDF_솔리드 채우기
440
33554559
100
AcDbTrace
 10
124902.29811452502
 20
25290.390083326238
 30
0.0
 11
124871.259576341
 21
25212.78972855476
 31
0.0
 12
124964.37532022559
 22
25212.78972855476
 32
0.0
 13
124964.37532022559
 23
25212.78972855476
 33
0.0
  0
SOLID
  5
8E6
330
1F
100
AcDbEntity
  8
PDF_솔리드 채우기
440
33554559
100
AcDbTrace
 10
124871.259576341
 20
25212.78972855476
 30
0.0
 11
124902.29811452502
 21
25150.71058286474
 31
0.0
 12
124964.37532022559
 22
25212.78972855476
 32
0.0
 13
124964.37532022559
 23
25212.78972855476
 33
0.0
  0
SOLID
  5
8E7
330
1F
100
AcDbEntity
  8
PDF_솔리드 채우기
440
33554559
100
AcDbTrace
 10
124902.29811452502
 20
25150.71058286474
 30
0.0
 11
124964.37532022559
 21
25119.6701046913
 31
0.0
 12
124964.37532022559
 22
25212.78972855476
 32
0.0
 13
124964.37532022559
 23
25212.78972855476
 33
0.0
  0
SOLID
  5
8E8
330
1F
100
AcDbEntity
  8
PDF_솔리드 채우기
440
33554559
100
AcDbTrace
 10
124964.37532022559
 20
25119.6701046913
 30
0.0
 11
125041.97166568552
 21
25150.71058286474
 31
0.0
 12
124964.37532022559
 22
25212.78972855476
 32
0.0
 13
124964.37532022559
 23
25212.78972855476
 33
0.0
  0
SOLID
  5
8E9
330
1F
100
AcDbEntity
  8
PDF_솔리드 채우기
440
33554559
100
AcDbTrace
 10
125041.97166568552
 20
25150.71058286474
 30
0.0
 11
125073.01033320207
 21
25212.78972855476
 31
0.0
 12
124964.37532022559
 22
25212.78972855476
 32
0.0
 13
124964.37532022559
 23
25212.78972855476
 33
0.0
  0
SOLID
  5
8EA
330
1F
100
AcDbEntity
  8
PDF_솔리드 채우기
440
33554559
100
AcDbTrace
 10
125073.01033320207
 20
25212.78972855476
 30
0.0
 11
125041.97166568552
 21
25290.390083326238
 31
0.0
 12
124964.37532022559
 22
25212.78972855476
 32
0.0
 13
124964.37532022559
 23
25212.78972855476
 33
0.0
  0
SOLID
  5
8EB
330
1F
100
AcDbEntity
  8
PDF_솔리드 채우기
440
33554559
100
AcDbTrace
 10
125041.97166568552
 20
25290.390083326238
 30
0.0
 11
124964.37532022559
 21
25321.42862151021
 31
0.0
 12
124964.37532022559
 22
25212.78972855476
 32
0.0
 13
124964.37532022559
 23
25212.78972855476
 33
0.0
  0
LWPOLYLINE
  5
8EC
330
1F
100
AcDbEntity
  8
PDF_형상
370
5
100
AcDbPolyline
 90
3
 70
0
 10
125367.89248319597
 20
38606.47676657377
 10
122170.79358828386
 20
38606.47676657377
 10
126966.44186598579
 20
38606.47676657377
  0
LWPOLYLINE
  5
8ED
330
1F
100
AcDbEntity
  8
PDF_형상
370
5
100
AcDbPolyline
 90
3
 70
0
 10
125367.89248319597
 20
20712.013771566802
 10
122170.79358828386
 20
20712.013771566802
 10
126966.44186598579
 20
20712.013771566802
  0
LWPOLYLINE
  5
8EE
330
1F
100
AcDbEntity
  8
PDF_형상
370
5
100
AcDbPolyline
 90
2
 70
0
 10
126578.4439721073
 20
39009.993929544195
 10
126578.4439721073
 20
20324.01587768834
  0
SOLID
  5
8EF
330
1F
100
AcDbEntity
  8
PDF_솔리드 채우기
440
33554559
100
AcDbTrace
 10
126578.4439721073
 20
38715.115659529205
 30
0.0
 11
126500.84762664743
 21
38684.07712134523
 31
0.0
 12
126578.4439721073
 22
38606.47676657377
 32
0.0
 13
126578.4439721073
 23
38606.47676657377
 33
0.0
  0
SOLID
  5
8F0
330
1F
100
AcDbEntity
  8
PDF_솔리드 채우기
440
33554559
100
AcDbTrace
 10
126500.84762664743
 20
38684.07712134523
 30
0.0
 11
126469.80895913082
 21
38606.47676657377
 31
0.0
 12
126578.4439721073
 22
38606.47676657377
 32
0.0
 13
126578.4439721073
 23
38606.47676657377
 33
0.0
  0
SOLID
  5
8F1
330
1F
100
AcDbEntity
  8
PDF_솔리드 채우기
440
33554559
100
AcDbTrace
 10
126469.80895913082
 20
38606.47676657377
 30
0.0
 11
126500.84762664743
 21
38544.39568089427
 31
0.0
 12
126578.4439721073
 22
38606.47676657377
 32
0.0
 13
126578.4439721073
 23
38606.47676657377
 33
0.0
  0
SOLID
  5
8F2
330
1F
100
AcDbEntity
  8
PDF_솔리드 채우기
440
33554559
100
AcDbTrace
 10
126500.84762664743
 20
38544.39568089427
 30
0.0
 11
126578.4439721073
 21
38513.35701337766
 31
0.0
 12
126578.4439721073
 22
38606.47676657377
 32
0.0
 13
126578.4439721073
 23
38606.47676657377
 33
0.0
  0
SOLID
  5
8F3
330
1F
100
AcDbEntity
  8
PDF_솔리드 채우기
440
33554559
100
AcDbTrace
 10
126578.4439721073
 20
38513.35701337766
 30
0.0
 11
126640.52117780787
 21
38544.39568089427
 31
0.0
 12
126578.4439721073
 22
38606.47676657377
 32
0.0
 13
126578.4439721073
 23
38606.47676657377
 33
0.0
  0
SOLID
  5
8F4
330
1F
100
AcDbEntity
  8
PDF_솔리드 채우기
440
33554559
100
AcDbTrace
 10
126640.52117780787
 20
38544.39568089427
 30
0.0
 11
126671.55971599188
 21
38606.47676657377
 31
0.0
 12
126578.4439721073
 22
38606.47676657377
 32
0.0
 13
126578.4439721073
 23
38606.47676657377
 33
0.0
  0
SOLID
  5
8F5
330
1F
100
AcDbEntity
  8
PDF_솔리드 채우기
440
33554559
100
AcDbTrace
 10
126671.55971599188
 20
38606.47676657377
 30
0.0
 11
126640.52117780787
 21
38684.07712134523
 31
0.0
 12
126578.4439721073
 22
38606.47676657377
 32
0.0
 13
126578.4439721073
 23
38606.47676657377
 33
0.0
  0
SOLID
  5
8F6
330
1F
100
AcDbEntity
  8
PDF_솔리드 채우기
440
33554559
100
AcDbTrace
 10
126640.52117780787
 20
38684.07712134523
 30
0.0
 11
126578.4439721073
 21
38715.115659529205
 31
0.0
 12
126578.4439721073
 22
38606.47676657377
 32
0.0
 13
126578.4439721073
 23
38606.47676657377
 33
0.0
  0
SOLID
  5
8F7
330
1F
100
AcDbEntity
  8
PDF_솔리드 채우기
440
33554559
100
AcDbTrace
 10
126578.4439721073
 20
20618.894147703344
 30
0.0
 11
126640.52117780787
 21
20649.93462587677
 31
0.0
 12
126578.4439721073
 22
20712.013771566802
 32
0.0
 13
126578.4439721073
 23
20712.013771566802
 33
0.0
  0
SOLID
  5
8F8
330
1F
100
AcDbEntity
  8
PDF_솔리드 채우기
440
33554559
100
AcDbTrace
 10
126640.52117780787
 20
20649.93462587677
 30
0.0
 11
126671.55971599188
 21
20712.013771566802
 31
0.0
 12
126578.4439721073
 22
20712.013771566802
 32
0.0
 13
126578.4439721073
 23
20712.013771566802
 33
0.0
  0
SOLID
  5
8F9
330
1F
100
AcDbEntity
  8
PDF_솔리드 채우기
440
33554559
100
AcDbTrace
 10
126671.55971599188
 20
20712.013771566802
 30
0.0
 11
126640.52117780787
 21
20789.61412633828
 31
0.0
 12
126578.4439721073
 22
20712.013771566802
 32
0.0
 13
126578.4439721073
 23
20712.013771566802
 33
0.0
  0
SOLID
  5
8FA
330
1F
100
AcDbEntity
  8
PDF_솔리드 채우기
440
33554559
100
AcDbTrace
 10
126640.52117780787
 20
20789.61412633828
 30
0.0
 11
126578.4439721073
 21
20820.65266452224
 31
0.0
 12
126578.4439721073
 22
20712.013771566802
 32
0.0
 13
126578.4439721073
 23
20712.013771566802
 33
0.0
  0
SOLID
  5
8FB
330
1F
100
AcDbEntity
  8
PDF_솔리드 채우기
440
33554559
100
AcDbTrace
 10
126578.4439721073
 20
20820.65266452224
 30
0.0
 11
126500.84762664743
 21
20789.61412633828
 31
0.0
 12
126578.4439721073
 22
20712.013771566802
 32
0.0
 13
126578.4439721073
 23
20712.013771566802
 33
0.0
  0
SOLID
  5
8FC
330
1F
100
AcDbEntity
  8
PDF_솔리드 채우기
440
33554559
100
AcDbTrace
 10
126500.84762664743
 20
20789.61412633828
 30
0.0
 11
126469.80895913082
 21
20712.013771566802
 31
0.0
 12
126578.4439721073
 22
20712.013771566802
 32
0.0
 13
126578.4439721073
 23
20712.013771566802
 33
0.0
  0
SOLID
  5
8FD
330
1F
100
AcDbEntity
  8
PDF_솔리드 채우기
440
33554559
100
AcDbTrace
 10
126469.80895913082
 20
20712.013771566802
 30
0.0
 11
126500.84762664743
 21
20649.93462587677
 31
0.0
 12
126578.4439721073
 22
20712.013771566802
 32
0.0
 13
126578.4439721073
 23
20712.013771566802
 33
0.0
  0
SOLID
  5
8FE
330
1F
100
AcDbEntity
  8
PDF_솔리드 채우기
440
33554559
100
AcDbTrace
 10
126500.84762664743
 20
20649.93462587677
 30
0.0
 11
126578.4439721073
 21
20618.894147703344
 31
0.0
 12
126578.4439721073
 22
20712.013771566802
 32
0.0
 13
126578.4439721073
 23
20712.013771566802
 33
0.0
  0
LWPOLYLINE
  5
8FF
330
1F
100
AcDbEntity
  8
PDF_형상
370
5
100
AcDbPolyline
 90
2
 70
1
 10
125367.89248319597
 20
34214.3416425307
 10
122170.79358828386
 20
34214.3416425307
  0
LWPOLYLINE
  5
901
330
1F
100
AcDbEntity
  8
PDF_형상
370
5
100
AcDbPolyline
 90
2
 70
0
 10
124964.37532022559
 20
33810.82447956026
 10
124964.37532022559
 20
39009.993929544195
  0
SOLID
  5
902
330
1F
100
AcDbEntity
  8
PDF_솔리드 채우기
440
33554559
100
AcDbTrace
 10
124964.37532022559
 20
34121.22201866724
 30
0.0
 11
125041.97166568552
 21
34152.2605568512
 31
0.0
 12
124964.37532022559
 22
34214.3416425307
 32
0.0
 13
124964.37532022559
 23
34214.3416425307
 33
0.0
  0
SOLID
  5
903
330
1F
100
AcDbEntity
  8
PDF_솔리드 채우기
440
33554559
100
AcDbTrace
 10
125041.97166568552
 20
34152.2605568512
 30
0.0
 11
125073.01033320207
 21
34214.3416425307
 31
0.0
 12
124964.37532022559
 22
34214.3416425307
 32
0.0
 13
124964.37532022559
 23
34214.3416425307
 33
0.0
  0
SOLID
  5
904
330
1F
100
AcDbEntity
  8
PDF_솔리드 채우기
440
33554559
100
AcDbTrace
 10
125073.01033320207
 20
34214.3416425307
 30
0.0
 11
125041.97166568552
 21
34291.94199730218
 31
0.0
 12
124964.37532022559
 22
34214.3416425307
 32
0.0
 13
124964.37532022559
 23
34214.3416425307
 33
0.0
  0
SOLID
  5
905
330
1F
100
AcDbEntity
  8
PDF_솔리드 채우기
440
33554559
100
AcDbTrace
 10
125041.97166568552
 20
34291.94199730218
 30
0.0
 11
124964.37532022559
 21
34322.98053548614
 31
0.0
 12
124964.37532022559
 22
34214.3416425307
 32
0.0
 13
124964.37532022559
 23
34214.3416425307
 33
0.0
  0
SOLID
  5
906
330
1F
100
AcDbEntity
  8
PDF_솔리드 채우기
440
33554559
100
AcDbTrace
 10
124964.37532022559
 20
34322.98053548614
 30
0.0
 11
124902.29811452502
 21
34291.94199730218
 31
0.0
 12
124964.37532022559
 22
34214.3416425307
 32
0.0
 13
124964.37532022559
 23
34214.3416425307
 33
0.0
  0
SOLID
  5
907
330
1F
100
AcDbEntity
  8
PDF_솔리드 채우기
440
33554559
100
AcDbTrace
 10
124902.29811452502
 20
34291.94199730218
 30
0.0
 11
124871.259576341
 21
34214.3416425307
 31
0.0
 12
124964.37532022559
 22
34214.3416425307
 32
0.0
 13
124964.37532022559
 23
34214.3416425307
 33
0.0
  0
SOLID
  5
908
330
1F
100
AcDbEntity
  8
PDF_솔리드 채우기
440
33554559
100
AcDbTrace
 10
124871.259576341
 20
34214.3416425307
 30
0.0
 11
124902.29811452502
 21
34152.2605568512
 31
0.0
 12
124964.37532022559
 22
34214.3416425307
 32
0.0
 13
124964.37532022559
 23
34214.3416425307
 33
0.0
  0
SOLID
  5
909
330
1F
100
AcDbEntity
  8
PDF_솔리드 채우기
440
33554559
100
AcDbTrace
 10
124902.29811452502
 20
34152.2605568512
 30
0.0
 11
124964.37532022559
 21
34121.22201866724
 31
0.0
 12
124964.37532022559
 22
34214.3416425307
 32
0.0
 13
124964.37532022559
 23
34214.3416425307
 33
0.0
  0
SOLID
  5
90A
330
1F
100
AcDbEntity
  8
PDF_솔리드 채우기
440
33554559
100
AcDbTrace
 10
124964.37532022559
 20
38715.115659529205
 30
0.0
 11
124902.29811452502
 21
38684.07712134523
 31
0.0
 12
124964.37532022559
 22
38606.47676657377
 32
0.0
 13
124964.37532022559
 23
38606.47676657377
 33
0.0
  0
SOLID
  5
90B
330
1F
100
AcDbEntity
  8
PDF_솔리드 채우기
440
33554559
100
AcDbTrace
 10
124902.29811452502
 20
38684.07712134523
 30
0.0
 11
124871.259576341
 21
38606.47676657377
 31
0.0
 12
124964.37532022559
 22
38606.47676657377
 32
0.0
 13
124964.37532022559
 23
38606.47676657377
 33
0.0
  0
SOLID
  5
90C
330
1F
100
AcDbEntity
  8
PDF_솔리드 채우기
440
33554559
100
AcDbTrace
 10
124871.259576341
 20
38606.47676657377
 30
0.0
 11
124902.29811452502
 21
38544.39568089427
 31
0.0
 12
124964.37532022559
 22
38606.47676657377
 32
0.0
 13
124964.37532022559
 23
38606.47676657377
 33
0.0
  0
SOLID
  5
90D
330
1F
100
AcDbEntity
  8
PDF_솔리드 채우기
440
33554559
100
AcDbTrace
 10
124902.29811452502
 20
38544.39568089427
 30
0.0
 11
124964.37532022559
 21
38513.35701337766
 31
0.0
 12
124964.37532022559
 22
38606.47676657377
 32
0.0
 13
124964.37532022559
 23
38606.47676657377
 33
0.0
  0
SOLID
  5
90E
330
1F
100
AcDbEntity
  8
PDF_솔리드 채우기
440
33554559
100
AcDbTrace
 10
124964.37532022559
 20
38513.35701337766
 30
0.0
 11
125041.97166568552
 21
38544.39568089427
 31
0.0
 12
124964.37532022559
 22
38606.47676657377
 32
0.0
 13
124964.37532022559
 23
38606.47676657377
 33
0.0
  0
SOLID
  5
90F
330
1F
100
AcDbEntity
  8
PDF_솔리드 채우기
440
33554559
100
AcDbTrace
 10
125041.97166568552
 20
38544.39568089427
 30
0.0
 11
125073.01033320207
 21
38606.47676657377
 31
0.0
 12
124964.37532022559
 22
38606.47676657377
 32
0.0
 13
124964.37532022559
 23
38606.47676657377
 33
0.0
  0
SOLID
  5
910
330
1F
100
AcDbEntity
  8
PDF_솔리드 채우기
440
33554559
100
AcDbTrace
 10
125073.01033320207
 20
38606.47676657377
 30
0.0
 11
125041.97166568552
 21
38684.07712134523
 31
0.0
 12
124964.37532022559
 22
38606.47676657377
 32
0.0
 13
124964.37532022559
 23
38606.47676657377
 33
0.0
  0
SOLID
  5
911
330
1F
100
AcDbEntity
  8
PDF_솔리드 채우기
440
33554559
100
AcDbTrace
 10
125041.97166568552
 20
38684.07712134523
 30
0.0
 11
124964.37532022559
 21
38715.115659529205
 31
0.0
 12
124964.37532022559
 22
38606.47676657377
 32
0.0
 13
124964.37532022559
 23
38606.47676657377
 33
0.0
  0
LWPOLYLINE
  5
912
330
1F
100
AcDbEntity
  8
PDF_형상
370
5
100
AcDbPolyline
 90
2
 70
1
 10
125367.89248319597
 20
29961.88407895968
 10
122170.79358828386
 20
29961.88407895968
  0
LWPOLYLINE
  5
914
330
1F
100
AcDbEntity
  8
PDF_형상
370
5
100
AcDbPolyline
 90
2
 70
0
 10
124964.37532022559
 20
29573.886185081217
 10
124964.37532022559
 20
34617.85880550114
  0
SOLID
  5
915
330
1F
100
AcDbEntity
  8
PDF_솔리드 채우기
440
33554559
100
AcDbTrace
 10
124964.37532022559
 20
29868.76445509622
 30
0.0
 11
125041.97166568552
 21
29899.80493326966
 31
0.0
 12
124964.37532022559
 22
29961.88407895968
 32
0.0
 13
124964.37532022559
 23
29961.88407895968
 33
0.0
  0
SOLID
  5
916
330
1F
100
AcDbEntity
  8
PDF_솔리드 채우기
440
33554559
100
AcDbTrace
 10
125041.97166568552
 20
29899.80493326966
 30
0.0
 11
125073.01033320207
 21
29961.88407895968
 31
0.0
 12
124964.37532022559
 22
29961.88407895968
 32
0.0
 13
124964.37532022559
 23
29961.88407895968
 33
0.0
  0
SOLID
  5
917
330
1F
100
AcDbEntity
  8
PDF_솔리드 채우기
440
33554559
100
AcDbTrace
 10
125073.01033320207
 20
29961.88407895968
 30
0.0
 11
125041.97166568552
 21
30039.48443373116
 31
0.0
 12
124964.37532022559
 22
29961.88407895968
 32
0.0
 13
124964.37532022559
 23
29961.88407895968
 33
0.0
  0
SOLID
  5
918
330
1F
100
AcDbEntity
  8
PDF_솔리드 채우기
440
33554559
100
AcDbTrace
 10
125041.97166568552
 20
30039.48443373116
 30
0.0
 11
124964.37532022559
 21
30070.523101247752
 31
0.0
 12
124964.37532022559
 22
29961.88407895968
 32
0.0
 13
124964.37532022559
 23
29961.88407895968
 33
0.0
  0
SOLID
  5
919
330
1F
100
AcDbEntity
  8
PDF_솔리드 채우기
440
33554559
100
AcDbTrace
 10
124964.37532022559
 20
30070.523101247752
 30
0.0
 11
124902.29811452502
 21
30039.48443373116
 31
0.0
 12
124964.37532022559
 22
29961.88407895968
 32
0.0
 13
124964.37532022559
 23
29961.88407895968
 33
0.0
  0
SOLID
  5
91A
330
1F
100
AcDbEntity
  8
PDF_솔리드 채우기
440
33554559
100
AcDbTrace
 10
124902.29811452502
 20
30039.48443373116
 30
0.0
 11
124871.259576341
 21
29961.88407895968
 31
0.0
 12
124964.37532022559
 22
29961.88407895968
 32
0.0
 13
124964.37532022559
 23
29961.88407895968
 33
0.0
  0
SOLID
  5
91B
330
1F
100
AcDbEntity
  8
PDF_솔리드 채우기
440
33554559
100
AcDbTrace
 10
124871.259576341
 20
29961.88407895968
 30
0.0
 11
124902.29811452502
 21
29899.80493326966
 31
0.0
 12
124964.37532022559
 22
29961.88407895968
 32
0.0
 13
124964.37532022559
 23
29961.88407895968
 33
0.0
  0
SOLID
  5
91C
330
1F
100
AcDbEntity
  8
PDF_솔리드 채우기
440
33554559
100
AcDbTrace
 10
124902.29811452502
 20
29899.80493326966
 30
0.0
 11
124964.37532022559
 21
29868.76445509622
 31
0.0
 12
124964.37532022559
 22
29961.88407895968
 32
0.0
 13
124964.37532022559
 23
29961.88407895968
 33
0.0
  0
SOLID
  5
91D
330
1F
100
AcDbEntity
  8
PDF_솔리드 채우기
440
33554559
100
AcDbTrace
 10
124964.37532022559
 20
34322.98053548614
 30
0.0
 11
124902.29811452502
 21
34291.94199730218
 31
0.0
 12
124964.37532022559
 22
34214.3416425307
 32
0.0
 13
124964.37532022559
 23
34214.3416425307
 33
0.0
  0
SOLID
  5
91E
330
1F
100
AcDbEntity
  8
PDF_솔리드 채우기
440
33554559
100
AcDbTrace
 10
124902.29811452502
 20
34291.94199730218
 30
0.0
 11
124871.259576341
 21
34214.3416425307
 31
0.0
 12
124964.37532022559
 22
34214.3416425307
 32
0.0
 13
124964.37532022559
 23
34214.3416425307
 33
0.0
  0
SOLID
  5
91F
330
1F
100
AcDbEntity
  8
PDF_솔리드 채우기
440
33554559
100
AcDbTrace
 10
124871.259576341
 20
34214.3416425307
 30
0.0
 11
124902.29811452502
 21
34152.2605568512
 31
0.0
 12
124964.37532022559
 22
34214.3416425307
 32
0.0
 13
124964.37532022559
 23
34214.3416425307
 33
0.0
  0
SOLID
  5
920
330
1F
100
AcDbEntity
  8
PDF_솔리드 채우기
440
33554559
100
AcDbTrace
 10
124902.29811452502
 20
34152.2605568512
 30
0.0
 11
124964.37532022559
 21
34121.22201866724
 31
0.0
 12
124964.37532022559
 22
34214.3416425307
 32
0.0
 13
124964.37532022559
 23
34214.3416425307
 33
0.0
  0
SOLID
  5
921
330
1F
100
AcDbEntity
  8
PDF_솔리드 채우기
440
33554559
100
AcDbTrace
 10
124964.37532022559
 20
34121.22201866724
 30
0.0
 11
125041.97166568552
 21
34152.2605568512
 31
0.0
 12
124964.37532022559
 22
34214.3416425307
 32
0.0
 13
124964.37532022559
 23
34214.3416425307
 33
0.0
  0
SOLID
  5
922
330
1F
100
AcDbEntity
  8
PDF_솔리드 채우기
440
33554559
100
AcDbTrace
 10
125041.97166568552
 20
34152.2605568512
 30
0.0
 11
125073.01033320207
 21
34214.3416425307
 31
0.0
 12
124964.37532022559
 22
34214.3416425307
 32
0.0
 13
124964.37532022559
 23
34214.3416425307
 33
0.0
  0
SOLID
  5
923
330
1F
100
AcDbEntity
  8
PDF_솔리드 채우기
440
33554559
100
AcDbTrace
 10
125073.01033320207
 20
34214.3416425307
 30
0.0
 11
125041.97166568552
 21
34291.94199730218
 31
0.0
 12
124964.37532022559
 22
34214.3416425307
 32
0.0
 13
124964.37532022559
 23
34214.3416425307
 33
0.0
  0
SOLID
  5
924
330
1F
100
AcDbEntity
  8
PDF_솔리드 채우기
440
33554559
100
AcDbTrace
 10
125041.97166568552
 20
34291.94199730218
 30
0.0
 11
124964.37532022559
 21
34322.98053548614
 31
0.0
 12
124964.37532022559
 22
34214.3416425307
 32
0.0
 13
124964.37532022559
 23
34214.3416425307
 33
0.0
  0
LWPOLYLINE
  5
927
330
1F
100
AcDbEntity
  8
PDF_형상
370
5
100
AcDbPolyline
 90
2
 70
0
 10
124964.37532022559
 20
24824.79183467631
 10
124964.37532022559
 20
30365.40124193012
  0
SOLID
  5
928
330
1F
100
AcDbEntity
  8
PDF_솔리드 채우기
440
33554559
100
AcDbTrace
 10
124964.37532022559
 20
25119.6701046913
 30
0.0
 11
125041.97166568552
 21
25150.71058286474
 31
0.0
 12
124964.37532022559
 22
25212.78972855476
 32
0.0
 13
124964.37532022559
 23
25212.78972855476
 33
0.0
  0
SOLID
  5
929
330
1F
100
AcDbEntity
  8
PDF_솔리드 채우기
440
33554559
100
AcDbTrace
 10
125041.97166568552
 20
25150.71058286474
 30
0.0
 11
125073.01033320207
 21
25212.78972855476
 31
0.0
 12
124964.37532022559
 22
25212.78972855476
 32
0.0
 13
124964.37532022559
 23
25212.78972855476
 33
0.0
  0
SOLID
  5
92A
330
1F
100
AcDbEntity
  8
PDF_솔리드 채우기
440
33554559
100
AcDbTrace
 10
125073.01033320207
 20
25212.78972855476
 30
0.0
 11
125041.97166568552
 21
25290.390083326238
 31
0.0
 12
124964.37532022559
 22
25212.78972855476
 32
0.0
 13
124964.37532022559
 23
25212.78972855476
 33
0.0
  0
SOLID
  5
92B
330
1F
100
AcDbEntity
  8
PDF_솔리드 채우기
440
33554559
100
AcDbTrace
 10
125041.97166568552
 20
25290.390083326238
 30
0.0
 11
124964.37532022559
 21
25321.42862151021
 31
0.0
 12
124964.37532022559
 22
25212.78972855476
 32
0.0
 13
124964.37532022559
 23
25212.78972855476
 33
0.0
  0
SOLID
  5
92C
330
1F
100
AcDbEntity
  8
PDF_솔리드 채우기
440
33554559
100
AcDbTrace
 10
124964.37532022559
 20
25321.42862151021
 30
0.0
 11
124902.29811452502
 21
25290.390083326238
 31
0.0
 12
124964.37532022559
 22
25212.78972855476
 32
0.0
 13
124964.37532022559
 23
25212.78972855476
 33
0.0
  0
SOLID
  5
92D
330
1F
100
AcDbEntity
  8
PDF_솔리드 채우기
440
33554559
100
AcDbTrace
 10
124902.29811452502
 20
25290.390083326238
 30
0.0
 11
124871.259576341
 21
25212.78972855476
 31
0.0
 12
124964.37532022559
 22
25212.78972855476
 32
0.0
 13
124964.37532022559
 23
25212.78972855476
 33
0.0
  0
SOLID
  5
92E
330
1F
100
AcDbEntity
  8
PDF_솔리드 채우기
440
33554559
100
AcDbTrace
 10
124871.259576341
 20
25212.78972855476
 30
0.0
 11
124902.29811452502
 21
25150.71058286474
 31
0.0
 12
124964.37532022559
 22
25212.78972855476
 32
0.0
 13
124964.37532022559
 23
25212.78972855476
 33
0.0
  0
SOLID
  5
92F
330
1F
100
AcDbEntity
  8
PDF_솔리드 채우기
440
33554559
100
AcDbTrace
 10
124902.29811452502
 20
25150.71058286474
 30
0.0
 11
124964.37532022559
 21
25119.6701046913
 31
0.0
 12
124964.37532022559
 22
25212.78972855476
 32
0.0
 13
124964.37532022559
 23
25212.78972855476
 33
0.0
  0
SOLID
  5
930
330
1F
100
AcDbEntity
  8
PDF_솔리드 채우기
440
33554559
100
AcDbTrace
 10
124964.37532022559
 20
30070.523101247752
 30
0.0
 11
124902.29811452502
 21
30039.48443373116
 31
0.0
 12
124964.37532022559
 22
29961.88407895968
 32
0.0
 13
124964.37532022559
 23
29961.88407895968
 33
0.0
  0
SOLID
  5
931
330
1F
100
AcDbEntity
  8
PDF_솔리드 채우기
440
33554559
100
AcDbTrace
 10
124902.29811452502
 20
30039.48443373116
 30
0.0
 11
124871.259576341
 21
29961.88407895968
 31
0.0
 12
124964.37532022559
 22
29961.88407895968
 32
0.0
 13
124964.37532022559
 23
29961.88407895968
 33
0.0
  0
SOLID
  5
932
330
1F
100
AcDbEntity
  8
PDF_솔리드 채우기
440
33554559
100
AcDbTrace
 10
124871.259576341
 20
29961.88407895968
 30
0.0
 11
124902.29811452502
 21
29899.80493326966
 31
0.0
 12
124964.37532022559
 22
29961.88407895968
 32
0.0
 13
124964.37532022559
 23
29961.88407895968
 33
0.0
  0
SOLID
  5
933
330
1F
100
AcDbEntity
  8
PDF_솔리드 채우기
440
33554559
100
AcDbTrace
 10
124902.29811452502
 20
29899.80493326966
 30
0.0
 11
124964.37532022559
 21
29868.76445509622
 31
0.0
 12
124964.37532022559
 22
29961.88407895968
 32
0.0
 13
124964.37532022559
 23
29961.88407895968
 33
0.0
  0
SOLID
  5
934
330
1F
100
AcDbEntity
  8
PDF_솔리드 채우기
440
33554559
100
AcDbTrace
 10
124964.37532022559
 20
29868.76445509622
 30
0.0
 11
125041.97166568552
 21
29899.80493326966
 31
0.0
 12
124964.37532022559
 22
29961.88407895968
 32
0.0
 13
124964.37532022559
 23
29961.88407895968
 33
0.0
  0
SOLID
  5
935
330
1F
100
AcDbEntity
  8
PDF_솔리드 채우기
440
33554559
100
AcDbTrace
 10
125041.97166568552
 20
29899.80493326966
 30
0.0
 11
125073.01033320207
 21
29961.88407895968
 31
0.0
 12
124964.37532022559
 22
29961.88407895968
 32
0.0
 13
124964.37532022559
 23
29961.88407895968
 33
0.0
  0
SOLID
  5
936
330
1F
100
AcDbEntity
  8
PDF_솔리드 채우기
440
33554559
100
AcDbTrace
 10
125073.01033320207
 20
29961.88407895968
 30
0.0
 11
125041.97166568552
 21
30039.48443373116
 31
0.0
 12
124964.37532022559
 22
29961.88407895968
 32
0.0
 13
124964.37532022559
 23
29961.88407895968
 33
0.0
  0
SOLID
  5
937
330
1F
100
AcDbEntity
  8
PDF_솔리드 채우기
440
33554559
100
AcDbTrace
 10
125041.97166568552
 20
30039.48443373116
 30
0.0
 11
124964.37532022559
 21
30070.523101247752
 31
0.0
 12
124964.37532022559
 22
29961.88407895968
 32
0.0
 13
124964.37532022559
 23
29961.88407895968
 33
0.0
  0
LWPOLYLINE
  5
93A
330
1F
100
AcDbEntity
  8
PDF_형상
370
5
100
AcDbPolyline
 90
4
 70
0
 10
124964.37532022559
 20
23226.240382564436
 10
124964.37532022559
 20
22419.2041166341
 10
124964.37532022559
 20
20712.013771566802
 10
124964.37532022559
 20
19920.498714717913
  0
SOLID
  5
93D
330
1F
100
AcDbEntity
  8
PDF_솔리드 채우기
440
33554559
100
AcDbTrace
 10
124964.37532022559
 20
20820.65266452224
 30
0.0
 11
124902.29811452502
 21
20789.61412633828
 31
0.0
 12
124964.37532022559
 22
20712.013771566802
 32
0.0
 13
124964.37532022559
 23
20712.013771566802
 33
0.0
  0
SOLID
  5
93E
330
1F
100
AcDbEntity
  8
PDF_솔리드 채우기
440
33554559
100
AcDbTrace
 10
124902.29811452502
 20
20789.61412633828
 30
0.0
 11
124871.259576341
 21
20712.013771566802
 31
0.0
 12
124964.37532022559
 22
20712.013771566802
 32
0.0
 13
124964.37532022559
 23
20712.013771566802
 33
0.0
  0
SOLID
  5
93F
330
1F
100
AcDbEntity
  8
PDF_솔리드 채우기
440
33554559
100
AcDbTrace
 10
124871.259576341
 20
20712.013771566802
 30
0.0
 11
124902.29811452502
 21
20649.93462587677
 31
0.0
 12
124964.37532022559
 22
20712.013771566802
 32
0.0
 13
124964.37532022559
 23
20712.013771566802
 33
0.0
  0
SOLID
  5
940
330
1F
100
AcDbEntity
  8
PDF_솔리드 채우기
440
33554559
100
AcDbTrace
 10
124902.29811452502
 20
20649.93462587677
 30
0.0
 11
124964.37532022559
 21
20618.894147703344
 31
0.0
 12
124964.37532022559
 22
20712.013771566802
 32
0.0
 13
124964.37532022559
 23
20712.013771566802
 33
0.0
  0
SOLID
  5
941
330
1F
100
AcDbEntity
  8
PDF_솔리드 채우기
440
33554559
100
AcDbTrace
 10
124964.37532022559
 20
20618.894147703344
 30
0.0
 11
125041.97166568552
 21
20649.93462587677
 31
0.0
 12
124964.37532022559
 22
20712.013771566802
 32
0.0
 13
124964.37532022559
 23
20712.013771566802
 33
0.0
  0
SOLID
  5
942
330
1F
100
AcDbEntity
  8
PDF_솔리드 채우기
440
33554559
100
AcDbTrace
 10
125041.97166568552
 20
20649.93462587677
 30
0.0
 11
125073.01033320207
 21
20712.013771566802
 31
0.0
 12
124964.37532022559
 22
20712.013771566802
 32
0.0
 13
124964.37532022559
 23
20712.013771566802
 33
0.0
  0
SOLID
  5
943
330
1F
100
AcDbEntity
  8
PDF_솔리드 채우기
440
33554559
100
AcDbTrace
 10
125073.01033320207
 20
20712.013771566802
 30
0.0
 11
125041.97166568552
 21
20789.61412633828
 31
0.0
 12
124964.37532022559
 22
20712.013771566802
 32
0.0
 13
124964.37532022559
 23
20712.013771566802
 33
0.0
  0
SOLID
  5
944
330
1F
100
AcDbEntity
  8
PDF_솔리드 채우기
440
33554559
100
AcDbTrace
 10
125041.97166568552
 20
20789.61412633828
 30
0.0
 11
124964.37532022559
 21
20820.65266452224
 31
0.0
 12
124964.37532022559
 22
20712.013771566802
 32
0.0
 13
124964.37532022559
 23
20712.013771566802
 33
0.0
  0
SOLID
  5
945
330
1F
100
AcDbEntity
  8
PDF_솔리드 채우기
440
33554559
100
AcDbTrace
 10
124964.37532022559
 20
22326.084492770642
 30
0.0
 11
125041.97166568552
 21
22341.605701852088
 31
0.0
 12
124964.37532022559
 22
22419.2041166341
 32
0.0
 13
124964.37532022559
 23
22419.2041166341
 33
0.0
  0
SOLID
  5
946
330
1F
100
AcDbEntity
  8
PDF_솔리드 채우기
440
33554559
100
AcDbTrace
 10
125041.97166568552
 20
22341.605701852088
 30
0.0
 11
125073.01033320207
 21
22419.2041166341
 31
0.0
 12
124964.37532022559
 22
22419.2041166341
 32
0.0
 13
124964.37532022559
 23
22419.2041166341
 33
0.0
  0
SOLID
  5
947
330
1F
100
AcDbEntity
  8
PDF_솔리드 채우기
440
33554559
100
AcDbTrace
 10
125073.01033320207
 20
22419.2041166341
 30
0.0
 11
125041.97166568552
 21
22496.80447140558
 31
0.0
 12
124964.37532022559
 22
22419.2041166341
 32
0.0
 13
124964.37532022559
 23
22419.2041166341
 33
0.0
  0
SOLID
  5
948
330
1F
100
AcDbEntity
  8
PDF_솔리드 채우기
440
33554559
100
AcDbTrace
 10
125041.97166568552
 20
22496.80447140558
 30
0.0
 11
124964.37532022559
 21
22512.323740497573
 31
0.0
 12
124964.37532022559
 22
22419.2041166341
 32
0.0
 13
124964.37532022559
 23
22419.2041166341
 33
0.0
  0
SOLID
  5
949
330
1F
100
AcDbEntity
  8
PDF_솔리드 채우기
440
33554559
100
AcDbTrace
 10
124964.37532022559
 20
22512.323740497573
 30
0.0
 11
124902.29811452502
 21
22496.80447140558
 31
0.0
 12
124964.37532022559
 22
22419.2041166341
 32
0.0
 13
124964.37532022559
 23
22419.2041166341
 33
0.0
  0
SOLID
  5
94A
330
1F
100
AcDbEntity
  8
PDF_솔리드 채우기
440
33554559
100
AcDbTrace
 10
124902.29811452502
 20
22496.80447140558
 30
0.0
 11
124871.259576341
 21
22419.2041166341
 31
0.0
 12
124964.37532022559
 22
22419.2041166341
 32
0.0
 13
124964.37532022559
 23
22419.2041166341
 33
0.0
  0
SOLID
  5
94B
330
1F
100
AcDbEntity
  8
PDF_솔리드 채우기
440
33554559
100
AcDbTrace
 10
124871.259576341
 20
22419.2041166341
 30
0.0
 11
124902.29811452502
 21
22341.605701852088
 31
0.0
 12
124964.37532022559
 22
22419.2041166341
 32
0.0
 13
124964.37532022559
 23
22419.2041166341
 33
0.0
  0
SOLID
  5
94C
330
1F
100
AcDbEntity
  8
PDF_솔리드 채우기
440
33554559
100
AcDbTrace
 10
124902.29811452502
 20
22341.605701852088
 30
0.0
 11
124964.37532022559
 21
22326.084492770642
 31
0.0
 12
124964.37532022559
 22
22419.2041166341
 32
0.0
 13
124964.37532022559
 23
22419.2041166341
 33
0.0
  0
LWPOLYLINE
  5
94D
330
1F
100
AcDbEntity
  8
PDF_형상
370
5
100
AcDbPolyline
 90
2
 70
1
 10
101684.50168751834
 20
12424.379534318789
 10
101684.50168751834
 20
15621.481274548838
  0
LWPOLYLINE
  5
94E
330
1F
100
AcDbEntity
  8
PDF_형상
370
5
100
AcDbPolyline
 90
3
 70
0
 10
109180.61595327743
 20
10825.828082206928
 10
109180.61595327743
 20
15621.481274548838
 10
109180.61595327743
 20
12424.379534318789
  0
LWPOLYLINE
  5
94F
330
1F
100
AcDbEntity
  8
PDF_형상
370
5
100
AcDbPolyline
 90
2
 70
0
 10
101280.98452454786
 20
12827.89669728923
 10
109584.14100553836
 20
12827.89669728923
  0
SOLID
  5
950
330
1F
100
AcDbEntity
  8
PDF_솔리드 채우기
440
33554559
100
AcDbTrace
 10
101591.37805434327
 20
12827.89669728923
 30
0.0
 11
101622.42448181774
 21
12750.297247846167
 31
0.0
 12
101684.50168751834
 22
12827.89669728923
 32
0.0
 13
101684.50168751834
 23
12827.89669728923
 33
0.0
  0
SOLID
  5
951
330
1F
100
AcDbEntity
  8
PDF_솔리드 채우기
440
33554559
100
AcDbTrace
 10
101622.42448181774
 20
12750.297247846167
 30
0.0
 11
101684.50168751834
 21
12719.257804333793
 31
0.0
 12
101684.50168751834
 22
12827.89669728923
 32
0.0
 13
101684.50168751834
 23
12827.89669728923
 33
0.0
  0
SOLID
  5
952
330
1F
100
AcDbEntity
  8
PDF_솔리드 채우기
440
33554559
100
AcDbTrace
 10
101684.50168751834
 20
12719.257804333793
 30
0.0
 11
101762.09803297823
 21
12750.297247846167
 31
0.0
 12
101684.50168751834
 22
12827.89669728923
 32
0.0
 13
101684.50168751834
 23
12827.89669728923
 33
0.0
  0
SOLID
  5
953
330
1F
100
AcDbEntity
  8
PDF_솔리드 채우기
440
33554559
100
AcDbTrace
 10
101762.09803297823
 20
12750.297247846167
 30
0.0
 11
101793.13670049478
 21
12827.89669728923
 31
0.0
 12
101684.50168751834
 22
12827.89669728923
 32
0.0
 13
101684.50168751834
 23
12827.89669728923
 33
0.0
  0
SOLID
  5
954
330
1F
100
AcDbEntity
  8
PDF_솔리드 채우기
440
33554559
100
AcDbTrace
 10
101793.13670049478
 20
12827.89669728923
 30
0.0
 11
101762.09803297823
 21
12889.97674830768
 31
0.0
 12
101684.50168751834
 22
12827.89669728923
 32
0.0
 13
101684.50168751834
 23
12827.89669728923
 33
0.0
  0
SOLID
  5
955
330
1F
100
AcDbEntity
  8
PDF_솔리드 채우기
440
33554559
100
AcDbTrace
 10
101762.09803297823
 20
12889.97674830768
 30
0.0
 11
101684.50168751834
 21
12921.016321152689
 31
0.0
 12
101684.50168751834
 22
12827.89669728923
 32
0.0
 13
101684.50168751834
 23
12827.89669728923
 33
0.0
  0
SOLID
  5
956
330
1F
100
AcDbEntity
  8
PDF_솔리드 채우기
440
33554559
100
AcDbTrace
 10
101684.50168751834
 20
12921.016321152689
 30
0.0
 11
101622.42448181774
 21
12889.97674830768
 31
0.0
 12
101684.50168751834
 22
12827.89669728923
 32
0.0
 13
101684.50168751834
 23
12827.89669728923
 33
0.0
  0
SOLID
  5
957
330
1F
100
AcDbEntity
  8
PDF_솔리드 채우기
440
33554559
100
AcDbTrace
 10
101622.42448181774
 20
12889.97674830768
 30
0.0
 11
101591.37805434327
 21
12827.89669728923
 31
0.0
 12
101684.50168751834
 22
12827.89669728923
 32
0.0
 13
101684.50168751834
 23
12827.89669728923
 33
0.0
  0
SOLID
  5
958
330
1F
100
AcDbEntity
  8
PDF_솔리드 채우기
440
33554559
100
AcDbTrace
 10
109289.25885554448
 20
12827.89669728923
 30
0.0
 11
109258.22018802782
 21
12889.97674830768
 31
0.0
 12
109180.61595327743
 22
12827.89669728923
 32
0.0
 13
109180.61595327743
 23
12827.89669728923
 33
0.0
  0
SOLID
  5
959
330
1F
100
AcDbEntity
  8
PDF_솔리드 채우기
440
33554559
100
AcDbTrace
 10
109258.22018802782
 20
12889.97674830768
 30
0.0
 11
109180.61595327743
 21
12921.016321152689
 31
0.0
 12
109180.61595327743
 22
12827.89669728923
 32
0.0
 13
109180.61595327743
 23
12827.89669728923
 33
0.0
  0
SOLID
  5
95A
330
1F
100
AcDbEntity
  8
PDF_솔리드 채우기
440
33554559
100
AcDbTrace
 10
109180.61595327743
 20
12921.016321152689
 30
0.0
 11
109118.53874757687
 21
12889.97674830768
 31
0.0
 12
109180.61595327743
 22
12827.89669728923
 32
0.0
 13
109180.61595327743
 23
12827.89669728923
 33
0.0
  0
SOLID
  5
95B
330
1F
100
AcDbEntity
  8
PDF_솔리드 채우기
440
33554559
100
AcDbTrace
 10
109118.53874757687
 20
12889.97674830768
 30
0.0
 11
109087.5002093929
 21
12827.89669728923
 31
0.0
 12
109180.61595327743
 22
12827.89669728923
 32
0.0
 13
109180.61595327743
 23
12827.89669728923
 33
0.0
  0
SOLID
  5
95C
330
1F
100
AcDbEntity
  8
PDF_솔리드 채우기
440
33554559
100
AcDbTrace
 10
109087.5002093929
 20
12827.89669728923
 30
0.0
 11
109118.53874757687
 21
12750.297247846167
 31
0.0
 12
109180.61595327743
 22
12827.89669728923
 32
0.0
 13
109180.61595327743
 23
12827.89669728923
 33
0.0
  0
SOLID
  5
95D
330
1F
100
AcDbEntity
  8
PDF_솔리드 채우기
440
33554559
100
AcDbTrace
 10
109118.53874757687
 20
12750.297247846167
 30
0.0
 11
109180.61595327743
 21
12719.257804333793
 31
0.0
 12
109180.61595327743
 22
12827.89669728923
 32
0.0
 13
109180.61595327743
 23
12827.89669728923
 33
0.0
  0
SOLID
  5
95E
330
1F
100
AcDbEntity
  8
PDF_솔리드 채우기
440
33554559
100
AcDbTrace
 10
109180.61595327743
 20
12719.257804333793
 30
0.0
 11
109258.22018802782
 21
12750.297247846167
 31
0.0
 12
109180.61595327743
 22
12827.89669728923
 32
0.0
 13
109180.61595327743
 23
12827.89669728923
 33
0.0
  0
SOLID
  5
95F
330
1F
100
AcDbEntity
  8
PDF_솔리드 채우기
440
33554559
100
AcDbTrace
 10
109258.22018802782
 20
12750.297247846167
 30
0.0
 11
109289.25885554448
 21
12827.89669728923
 31
0.0
 12
109180.61595327743
 22
12827.89669728923
 32
0.0
 13
109180.61595327743
 23
12827.89669728923
 33
0.0
  0
LWPOLYLINE
  5
961
330
1F
100
AcDbEntity
  8
PDF_형상
370
5
100
AcDbPolyline
 90
4
 70
0
 10
44710.88836375343
 20
15621.481274548838
 10
44710.88836375343
 20
12424.379534318789
 10
44710.88836375343
 20
15621.481274548838
 10
44710.88836375343
 20
10825.828082206928
  0
LWPOLYLINE
  5
962
330
1F
100
AcDbEntity
  8
PDF_형상
370
5
100
AcDbPolyline
 90
2
 70
0
 10
109584.14100553836
 20
11229.34524517737
 10
44307.37120078299
 20
11229.34524517737
  0
SOLID
  5
963
330
1F
100
AcDbEntity
  8
PDF_솔리드 채우기
440
33554559
100
AcDbTrace
 10
109289.25885554448
 20
11229.34524517737
 30
0.0
 11
109258.22018802782
 21
11291.42542552844
 31
0.0
 12
109180.61595327743
 22
11229.34524517737
 32
0.0
 13
109180.61595327743
 23
11229.34524517737
 33
0.0
  0
SOLID
  5
964
330
1F
100
AcDbEntity
  8
PDF_솔리드 채우기
440
33554559
100
AcDbTrace
 10
109258.22018802782
 20
11291.42542552844
 30
0.0
 11
109180.61595327743
 21
11322.464869040828
 31
0.0
 12
109180.61595327743
 22
11229.34524517737
 32
0.0
 13
109180.61595327743
 23
11229.34524517737
 33
0.0
  0
SOLID
  5
965
330
1F
100
AcDbEntity
  8
PDF_솔리드 채우기
440
33554559
100
AcDbTrace
 10
109180.61595327743
 20
11322.464869040828
 30
0.0
 11
109118.53874757687
 21
11291.42542552844
 31
0.0
 12
109180.61595327743
 22
11229.34524517737
 32
0.0
 13
109180.61595327743
 23
11229.34524517737
 33
0.0
  0
SOLID
  5
966
330
1F
100
AcDbEntity
  8
PDF_솔리드 채우기
440
33554559
100
AcDbTrace
 10
109118.53874757687
 20
11291.42542552844
 30
0.0
 11
109087.5002093929
 21
11229.34524517737
 31
0.0
 12
109180.61595327743
 22
11229.34524517737
 32
0.0
 13
109180.61595327743
 23
11229.34524517737
 33
0.0
  0
SOLID
  5
967
330
1F
100
AcDbEntity
  8
PDF_솔리드 채우기
440
33554559
100
AcDbTrace
 10
109087.5002093929
 20
11229.34524517737
 30
0.0
 11
109118.53874757687
 21
11151.745925066942
 31
0.0
 12
109180.61595327743
 22
11229.34524517737
 32
0.0
 13
109180.61595327743
 23
11229.34524517737
 33
0.0
  0
SOLID
  5
968
330
1F
100
AcDbEntity
  8
PDF_솔리드 채우기
440
33554559
100
AcDbTrace
 10
109118.53874757687
 20
11151.745925066942
 30
0.0
 11
109180.61595327743
 21
11120.706352221932
 31
0.0
 12
109180.61595327743
 22
11229.34524517737
 32
0.0
 13
109180.61595327743
 23
11229.34524517737
 33
0.0
  0
SOLID
  5
969
330
1F
100
AcDbEntity
  8
PDF_솔리드 채우기
440
33554559
100
AcDbTrace
 10
109180.61595327743
 20
11120.706352221932
 30
0.0
 11
109258.22018802782
 21
11151.745925066942
 31
0.0
 12
109180.61595327743
 22
11229.34524517737
 32
0.0
 13
109180.61595327743
 23
11229.34524517737
 33
0.0
  0
SOLID
  5
96A
330
1F
100
AcDbEntity
  8
PDF_솔리드 채우기
440
33554559
100
AcDbTrace
 10
109258.22018802782
 20
11151.745925066942
 30
0.0
 11
109289.25885554448
 21
11229.34524517737
 31
0.0
 12
109180.61595327743
 22
11229.34524517737
 32
0.0
 13
109180.61595327743
 23
11229.34524517737
 33
0.0
  0
SOLID
  5
96B
330
1F
100
AcDbEntity
  8
PDF_솔리드 채우기
440
33554559
100
AcDbTrace
 10
44602.249470797964
 20
11229.34524517737
 30
0.0
 11
44633.292018293505
 21
11151.745925066942
 31
0.0
 12
44710.88836375343
 22
11229.34524517737
 32
0.0
 13
44710.88836375343
 23
11229.34524517737
 33
0.0
  0
SOLID
  5
96C
330
1F
100
AcDbEntity
  8
PDF_솔리드 채우기
440
33554559
100
AcDbTrace
 10
44633.292018293505
 20
11151.745925066942
 30
0.0
 11
44710.88836375343
 21
11120.706352221932
 31
0.0
 12
44710.88836375343
 22
11229.34524517737
 32
0.0
 13
44710.88836375343
 23
11229.34524517737
 33
0.0
  0
SOLID
  5
96D
330
1F
100
AcDbEntity
  8
PDF_솔리드 채우기
440
33554559
100
AcDbTrace
 10
44710.88836375343
 20
11120.706352221932
 30
0.0
 11
44772.9694494329
 21
11151.745925066942
 31
0.0
 12
44710.88836375343
 22
11229.34524517737
 32
0.0
 13
44710.88836375343
 23
11229.34524517737
 33
0.0
  0
SOLID
  5
96E
330
1F
100
AcDbEntity
  8
PDF_솔리드 채우기
440
33554559
100
AcDbTrace
 10
44772.9694494329
 20
11151.745925066942
 30
0.0
 11
44804.00798761686
 21
11229.34524517737
 31
0.0
 12
44710.88836375343
 22
11229.34524517737
 32
0.0
 13
44710.88836375343
 23
11229.34524517737
 33
0.0
  0
SOLID
  5
96F
330
1F
100
AcDbEntity
  8
PDF_솔리드 채우기
440
33554559
100
AcDbTrace
 10
44804.00798761686
 20
11229.34524517737
 30
0.0
 11
44772.9694494329
 21
11291.42542552844
 31
0.0
 12
44710.88836375343
 22
11229.34524517737
 32
0.0
 13
44710.88836375343
 23
11229.34524517737
 33
0.0
  0
SOLID
  5
970
330
1F
100
AcDbEntity
  8
PDF_솔리드 채우기
440
33554559
100
AcDbTrace
 10
44772.9694494329
 20
11291.42542552844
 30
0.0
 11
44710.88836375343
 21
11322.464869040828
 31
0.0
 12
44710.88836375343
 22
11229.34524517737
 32
0.0
 13
44710.88836375343
 23
11229.34524517737
 33
0.0
  0
SOLID
  5
971
330
1F
100
AcDbEntity
  8
PDF_솔리드 채우기
440
33554559
100
AcDbTrace
 10
44710.88836375343
 20
11322.464869040828
 30
0.0
 11
44633.292018293505
 21
11291.42542552844
 31
0.0
 12
44710.88836375343
 22
11229.34524517737
 32
0.0
 13
44710.88836375343
 23
11229.34524517737
 33
0.0
  0
SOLID
  5
972
330
1F
100
AcDbEntity
  8
PDF_솔리드 채우기
440
33554559
100
AcDbTrace
 10
44633.292018293505
 20
11291.42542552844
 30
0.0
 11
44602.249470797964
 21
11229.34524517737
 31
0.0
 12
44710.88836375343
 22
11229.34524517737
 32
0.0
 13
44710.88836375343
 23
11229.34524517737
 33
0.0
  0
LWPOLYLINE
  5
973
330
1F
100
AcDbEntity
  8
PDF_형상
370
5
100
AcDbPolyline
 90
2
 70
1
 10
94188.37953246867
 20
12424.379534318789
 10
94188.37953246867
 20
15621.481274548838
  0
LWPOLYLINE
  5
975
330
1F
100
AcDbEntity
  8
PDF_형상
370
5
100
AcDbPolyline
 90
2
 70
0
 10
93784.86236949822
 20
12827.89669728923
 10
102088.01885048869
 20
12827.89669728923
  0
SOLID
  5
976
330
1F
100
AcDbEntity
  8
PDF_솔리드 채우기
440
33554559
100
AcDbTrace
 10
94095.26378858414
 20
12827.89669728923
 30
0.0
 11
94126.3023267681
 21
12750.297247846167
 31
0.0
 12
94188.37953246867
 22
12827.89669728923
 32
0.0
 13
94188.37953246867
 23
12827.89669728923
 33
0.0
  0
SOLID
  5
977
330
1F
100
AcDbEntity
  8
PDF_솔리드 채우기
440
33554559
100
AcDbTrace
 10
94126.3023267681
 20
12750.297247846167
 30
0.0
 11
94188.37953246867
 21
12719.257804333793
 31
0.0
 12
94188.37953246867
 22
12827.89669728923
 32
0.0
 13
94188.37953246867
 23
12827.89669728923
 33
0.0
  0
SOLID
  5
978
330
1F
100
AcDbEntity
  8
PDF_솔리드 채우기
440
33554559
100
AcDbTrace
 10
94188.37953246867
 20
12719.257804333793
 30
0.0
 11
94265.98376721905
 21
12750.297247846167
 31
0.0
 12
94188.37953246867
 22
12827.89669728923
 32
0.0
 13
94188.37953246867
 23
12827.89669728923
 33
0.0
  0
SOLID
  5
979
330
1F
100
AcDbEntity
  8
PDF_솔리드 채우기
440
33554559
100
AcDbTrace
 10
94265.98376721905
 20
12750.297247846167
 30
0.0
 11
94297.02243473571
 21
12827.89669728923
 31
0.0
 12
94188.37953246867
 22
12827.89669728923
 32
0.0
 13
94188.37953246867
 23
12827.89669728923
 33
0.0
  0
SOLID
  5
97A
330
1F
100
AcDbEntity
  8
PDF_솔리드 채우기
440
33554559
100
AcDbTrace
 10
94297.02243473571
 20
12827.89669728923
 30
0.0
 11
94265.98376721905
 21
12889.97674830768
 31
0.0
 12
94188.37953246867
 22
12827.89669728923
 32
0.0
 13
94188.37953246867
 23
12827.89669728923
 33
0.0
  0
SOLID
  5
97B
330
1F
100
AcDbEntity
  8
PDF_솔리드 채우기
440
33554559
100
AcDbTrace
 10
94265.98376721905
 20
12889.97674830768
 30
0.0
 11
94188.37953246867
 21
12921.016321152689
 31
0.0
 12
94188.37953246867
 22
12827.89669728923
 32
0.0
 13
94188.37953246867
 23
12827.89669728923
 33
0.0
  0
SOLID
  5
97C
330
1F
100
AcDbEntity
  8
PDF_솔리드 채우기
440
33554559
100
AcDbTrace
 10
94188.37953246867
 20
12921.016321152689
 30
0.0
 11
94126.3023267681
 21
12889.97674830768
 31
0.0
 12
94188.37953246867
 22
12827.89669728923
 32
0.0
 13
94188.37953246867
 23
12827.89669728923
 33
0.0
  0
SOLID
  5
97D
330
1F
100
AcDbEntity
  8
PDF_솔리드 채우기
440
33554559
100
AcDbTrace
 10
94126.3023267681
 20
12889.97674830768
 30
0.0
 11
94095.26378858414
 21
12827.89669728923
 31
0.0
 12
94188.37953246867
 22
12827.89669728923
 32
0.0
 13
94188.37953246867
 23
12827.89669728923
 33
0.0
  0
SOLID
  5
97E
330
1F
100
AcDbEntity
  8
PDF_솔리드 채우기
440
33554559
100
AcDbTrace
 10
101793.13670049478
 20
12827.89669728923
 30
0.0
 11
101762.09803297823
 21
12889.97674830768
 31
0.0
 12
101684.50168751834
 22
12827.89669728923
 32
0.0
 13
101684.50168751834
 23
12827.89669728923
 33
0.0
  0
SOLID
  5
97F
330
1F
100
AcDbEntity
  8
PDF_솔리드 채우기
440
33554559
100
AcDbTrace
 10
101762.09803297823
 20
12889.97674830768
 30
0.0
 11
101684.50168751834
 21
12921.016321152689
 31
0.0
 12
101684.50168751834
 22
12827.89669728923
 32
0.0
 13
101684.50168751834
 23
12827.89669728923
 33
0.0
  0
SOLID
  5
980
330
1F
100
AcDbEntity
  8
PDF_솔리드 채우기
440
33554559
100
AcDbTrace
 10
101684.50168751834
 20
12921.016321152689
 30
0.0
 11
101622.42448181774
 21
12889.97674830768
 31
0.0
 12
101684.50168751834
 22
12827.89669728923
 32
0.0
 13
101684.50168751834
 23
12827.89669728923
 33
0.0
  0
SOLID
  5
981
330
1F
100
AcDbEntity
  8
PDF_솔리드 채우기
440
33554559
100
AcDbTrace
 10
101622.42448181774
 20
12889.97674830768
 30
0.0
 11
101591.37805434327
 21
12827.89669728923
 31
0.0
 12
101684.50168751834
 22
12827.89669728923
 32
0.0
 13
101684.50168751834
 23
12827.89669728923
 33
0.0
  0
SOLID
  5
982
330
1F
100
AcDbEntity
  8
PDF_솔리드 채우기
440
33554559
100
AcDbTrace
 10
101591.37805434327
 20
12827.89669728923
 30
0.0
 11
101622.42448181774
 21
12750.297247846167
 31
0.0
 12
101684.50168751834
 22
12827.89669728923
 32
0.0
 13
101684.50168751834
 23
12827.89669728923
 33
0.0
  0
SOLID
  5
983
330
1F
100
AcDbEntity
  8
PDF_솔리드 채우기
440
33554559
100
AcDbTrace
 10
101622.42448181774
 20
12750.297247846167
 30
0.0
 11
101684.50168751834
 21
12719.257804333793
 31
0.0
 12
101684.50168751834
 22
12827.89669728923
 32
0.0
 13
101684.50168751834
 23
12827.89669728923
 33
0.0
  0
SOLID
  5
984
330
1F
100
AcDbEntity
  8
PDF_솔리드 채우기
440
33554559
100
AcDbTrace
 10
101684.50168751834
 20
12719.257804333793
 30
0.0
 11
101762.09803297823
 21
12750.297247846167
 31
0.0
 12
101684.50168751834
 22
12827.89669728923
 32
0.0
 13
101684.50168751834
 23
12827.89669728923
 33
0.0
  0
SOLID
  5
985
330
1F
100
AcDbEntity
  8
PDF_솔리드 채우기
440
33554559
100
AcDbTrace
 10
101762.09803297823
 20
12750.297247846167
 30
0.0
 11
101793.13670049478
 21
12827.89669728923
 31
0.0
 12
101684.50168751834
 22
12827.89669728923
 32
0.0
 13
101684.50168751834
 23
12827.89669728923
 33
0.0
  0
LWPOLYLINE
  5
986
330
1F
100
AcDbEntity
  8
PDF_형상
370
5
100
AcDbPolyline
 90
2
 70
1
 10
86692.26526670957
 20
12424.379534318789
 10
86692.26526670957
 20
15621.481274548838
  0
LWPOLYLINE
  5
988
330
1F
100
AcDbEntity
  8
PDF_형상
370
5
100
AcDbPolyline
 90
2
 70
0
 10
86288.74021444864
 20
12827.89669728923
 10
94591.8966954391
 20
12827.89669728923
  0
SOLID
  5
989
330
1F
100
AcDbEntity
  8
PDF_솔리드 채우기
440
33554559
100
AcDbTrace
 10
86599.1416335345
 20
12827.89669728923
 30
0.0
 11
86614.66090262654
 21
12750.297247846167
 31
0.0
 12
86692.26526670957
 22
12827.89669728923
 32
0.0
 13
86692.26526670957
 23
12827.89669728923
 33
0.0
  0
SOLID
  5
98A
330
1F
100
AcDbEntity
  8
PDF_솔리드 채우기
440
33554559
100
AcDbTrace
 10
86614.66090262654
 20
12750.297247846167
 30
0.0
 11
86692.26526670957
 21
12719.257804333793
 31
0.0
 12
86692.26526670957
 22
12827.89669728923
 32
0.0
 13
86692.26526670957
 23
12827.89669728923
 33
0.0
  0
SOLID
  5
98B
330
1F
100
AcDbEntity
  8
PDF_솔리드 채우기
440
33554559
100
AcDbTrace
 10
86692.26526670957
 20
12719.257804333793
 30
0.0
 11
86769.86161216946
 21
12750.297247846167
 31
0.0
 12
86692.26526670957
 22
12827.89669728923
 32
0.0
 13
86692.26526670957
 23
12827.89669728923
 33
0.0
  0
SOLID
  5
98C
330
1F
100
AcDbEntity
  8
PDF_솔리드 채우기
440
33554559
100
AcDbTrace
 10
86769.86161216946
 20
12750.297247846167
 30
0.0
 11
86785.38101059406
 21
12827.89669728923
 31
0.0
 12
86692.26526670957
 22
12827.89669728923
 32
0.0
 13
86692.26526670957
 23
12827.89669728923
 33
0.0
  0
SOLID
  5
98D
330
1F
100
AcDbEntity
  8
PDF_솔리드 채우기
440
33554559
100
AcDbTrace
 10
86785.38101059406
 20
12827.89669728923
 30
0.0
 11
86769.86161216946
 21
12889.97674830768
 31
0.0
 12
86692.26526670957
 22
12827.89669728923
 32
0.0
 13
86692.26526670957
 23
12827.89669728923
 33
0.0
  0
SOLID
  5
98E
330
1F
100
AcDbEntity
  8
PDF_솔리드 채우기
440
33554559
100
AcDbTrace
 10
86769.86161216946
 20
12889.97674830768
 30
0.0
 11
86692.26526670957
 21
12921.016321152689
 31
0.0
 12
86692.26526670957
 22
12827.89669728923
 32
0.0
 13
86692.26526670957
 23
12827.89669728923
 33
0.0
  0
SOLID
  5
98F
330
1F
100
AcDbEntity
  8
PDF_솔리드 채우기
440
33554559
100
AcDbTrace
 10
86692.26526670957
 20
12921.016321152689
 30
0.0
 11
86614.66090262654
 21
12889.97674830768
 31
0.0
 12
86692.26526670957
 22
12827.89669728923
 32
0.0
 13
86692.26526670957
 23
12827.89669728923
 33
0.0
  0
SOLID
  5
990
330
1F
100
AcDbEntity
  8
PDF_솔리드 채우기
440
33554559
100
AcDbTrace
 10
86614.66090262654
 20
12889.97674830768
 30
0.0
 11
86599.1416335345
 21
12827.89669728923
 31
0.0
 12
86692.26526670957
 22
12827.89669728923
 32
0.0
 13
86692.26526670957
 23
12827.89669728923
 33
0.0
  0
SOLID
  5
991
330
1F
100
AcDbEntity
  8
PDF_솔리드 채우기
440
33554559
100
AcDbTrace
 10
94297.02243473571
 20
12827.89669728923
 30
0.0
 11
94265.98376721905
 21
12889.97674830768
 31
0.0
 12
94188.37953246867
 22
12827.89669728923
 32
0.0
 13
94188.37953246867
 23
12827.89669728923
 33
0.0
  0
SOLID
  5
992
330
1F
100
AcDbEntity
  8
PDF_솔리드 채우기
440
33554559
100
AcDbTrace
 10
94265.98376721905
 20
12889.97674830768
 30
0.0
 11
94188.37953246867
 21
12921.016321152689
 31
0.0
 12
94188.37953246867
 22
12827.89669728923
 32
0.0
 13
94188.37953246867
 23
12827.89669728923
 33
0.0
  0
SOLID
  5
993
330
1F
100
AcDbEntity
  8
PDF_솔리드 채우기
440
33554559
100
AcDbTrace
 10
94188.37953246867
 20
12921.016321152689
 30
0.0
 11
94126.3023267681
 21
12889.97674830768
 31
0.0
 12
94188.37953246867
 22
12827.89669728923
 32
0.0
 13
94188.37953246867
 23
12827.89669728923
 33
0.0
  0
SOLID
  5
994
330
1F
100
AcDbEntity
  8
PDF_솔리드 채우기
440
33554559
100
AcDbTrace
 10
94126.3023267681
 20
12889.97674830768
 30
0.0
 11
94095.26378858414
 21
12827.89669728923
 31
0.0
 12
94188.37953246867
 22
12827.89669728923
 32
0.0
 13
94188.37953246867
 23
12827.89669728923
 33
0.0
  0
SOLID
  5
995
330
1F
100
AcDbEntity
  8
PDF_솔리드 채우기
440
33554559
100
AcDbTrace
 10
94095.26378858414
 20
12827.89669728923
 30
0.0
 11
94126.3023267681
 21
12750.297247846167
 31
0.0
 12
94188.37953246867
 22
12827.89669728923
 32
0.0
 13
94188.37953246867
 23
12827.89669728923
 33
0.0
  0
SOLID
  5
996
330
1F
100
AcDbEntity
  8
PDF_솔리드 채우기
440
33554559
100
AcDbTrace
 10
94126.3023267681
 20
12750.297247846167
 30
0.0
 11
94188.37953246867
 21
12719.257804333793
 31
0.0
 12
94188.37953246867
 22
12827.89669728923
 32
0.0
 13
94188.37953246867
 23
12827.89669728923
 33
0.0
  0
SOLID
  5
997
330
1F
100
AcDbEntity
  8
PDF_솔리드 채우기
440
33554559
100
AcDbTrace
 10
94188.37953246867
 20
12719.257804333793
 30
0.0
 11
94265.98376721905
 21
12750.297247846167
 31
0.0
 12
94188.37953246867
 22
12827.89669728923
 32
0.0
 13
94188.37953246867
 23
12827.89669728923
 33
0.0
  0
SOLID
  5
998
330
1F
100
AcDbEntity
  8
PDF_솔리드 채우기
440
33554559
100
AcDbTrace
 10
94265.98376721905
 20
12750.297247846167
 30
0.0
 11
94297.02243473571
 21
12827.89669728923
 31
0.0
 12
94188.37953246867
 22
12827.89669728923
 32
0.0
 13
94188.37953246867
 23
12827.89669728923
 33
0.0
  0
LWPOLYLINE
  5
999
330
1F
100
AcDbEntity
  8
PDF_형상
370
5
100
AcDbPolyline
 90
2
 70
1
 10
81694.85045356558
 20
12424.379534318789
 10
81694.85045356558
 20
15621.481274548838
  0
LWPOLYLINE
  5
99B
330
1F
100
AcDbEntity
  8
PDF_형상
370
5
100
AcDbPolyline
 90
2
 70
0
 10
81291.33329059514
 20
12827.89669728923
 10
87095.78242968001
 20
12827.89669728923
  0
SOLID
  5
99C
330
1F
100
AcDbEntity
  8
PDF_솔리드 채우기
440
33554559
100
AcDbTrace
 10
81601.72682039054
 20
12827.89669728923
 30
0.0
 11
81617.24621881511
 21
12750.297247846167
 31
0.0
 12
81694.85045356558
 22
12827.89669728923
 32
0.0
 13
81694.85045356558
 23
12827.89669728923
 33
0.0
  0
SOLID
  5
99D
330
1F
100
AcDbEntity
  8
PDF_솔리드 채우기
440
33554559
100
AcDbTrace
 10
81617.24621881511
 20
12750.297247846167
 30
0.0
 11
81694.85045356558
 21
12719.257804333793
 31
0.0
 12
81694.85045356558
 22
12827.89669728923
 32
0.0
 13
81694.85045356558
 23
12827.89669728923
 33
0.0
  0
SOLID
  5
99E
330
1F
100
AcDbEntity
  8
PDF_솔리드 채우기
440
33554559
100
AcDbTrace
 10
81694.85045356558
 20
12719.257804333793
 30
0.0
 11
81772.44692835816
 21
12750.297247846167
 31
0.0
 12
81694.85045356558
 22
12827.89669728923
 32
0.0
 13
81694.85045356558
 23
12827.89669728923
 33
0.0
  0
SOLID
  5
99F
330
1F
100
AcDbEntity
  8
PDF_솔리드 채우기
440
33554559
100
AcDbTrace
 10
81772.44692835816
 20
12750.297247846167
 30
0.0
 11
81787.9661974501
 21
12827.89669728923
 31
0.0
 12
81694.85045356558
 22
12827.89669728923
 32
0.0
 13
81694.85045356558
 23
12827.89669728923
 33
0.0
  0
SOLID
  5
9A0
330
1F
100
AcDbEntity
  8
PDF_솔리드 채우기
440
33554559
100
AcDbTrace
 10
81787.9661974501
 20
12827.89669728923
 30
0.0
 11
81772.44692835816
 21
12889.97674830768
 31
0.0
 12
81694.85045356558
 22
12827.89669728923
 32
0.0
 13
81694.85045356558
 23
12827.89669728923
 33
0.0
  0
SOLID
  5
9A1
330
1F
100
AcDbEntity
  8
PDF_솔리드 채우기
440
33554559
100
AcDbTrace
 10
81772.44692835816
 20
12889.97674830768
 30
0.0
 11
81694.85045356558
 21
12921.016321152689
 31
0.0
 12
81694.85045356558
 22
12827.89669728923
 32
0.0
 13
81694.85045356558
 23
12827.89669728923
 33
0.0
  0
SOLID
  5
9A2
330
1F
100
AcDbEntity
  8
PDF_솔리드 채우기
440
33554559
100
AcDbTrace
 10
81694.85045356558
 20
12921.016321152689
 30
0.0
 11
81617.24621881511
 21
12889.97674830768
 31
0.0
 12
81694.85045356558
 22
12827.89669728923
 32
0.0
 13
81694.85045356558
 23
12827.89669728923
 33
0.0
  0
SOLID
  5
9A3
330
1F
100
AcDbEntity
  8
PDF_솔리드 채우기
440
33554559
100
AcDbTrace
 10
81617.24621881511
 20
12889.97674830768
 30
0.0
 11
81601.72682039054
 21
12827.89669728923
 31
0.0
 12
81694.85045356558
 22
12827.89669728923
 32
0.0
 13
81694.85045356558
 23
12827.89669728923
 33
0.0
  0
SOLID
  5
9A4
330
1F
100
AcDbEntity
  8
PDF_솔리드 채우기
440
33554559
100
AcDbTrace
 10
86785.38101059406
 20
12827.89669728923
 30
0.0
 11
86769.86161216946
 21
12889.97674830768
 31
0.0
 12
86692.26526670957
 22
12827.89669728923
 32
0.0
 13
86692.26526670957
 23
12827.89669728923
 33
0.0
  0
SOLID
  5
9A5
330
1F
100
AcDbEntity
  8
PDF_솔리드 채우기
440
33554559
100
AcDbTrace
 10
86769.86161216946
 20
12889.97674830768
 30
0.0
 11
86692.26526670957
 21
12921.016321152689
 31
0.0
 12
86692.26526670957
 22
12827.89669728923
 32
0.0
 13
86692.26526670957
 23
12827.89669728923
 33
0.0
  0
SOLID
  5
9A6
330
1F
100
AcDbEntity
  8
PDF_솔리드 채우기
440
33554559
100
AcDbTrace
 10
86692.26526670957
 20
12921.016321152689
 30
0.0
 11
86614.66090262654
 21
12889.97674830768
 31
0.0
 12
86692.26526670957
 22
12827.89669728923
 32
0.0
 13
86692.26526670957
 23
12827.89669728923
 33
0.0
  0
SOLID
  5
9A7
330
1F
100
AcDbEntity
  8
PDF_솔리드 채우기
440
33554559
100
AcDbTrace
 10
86614.66090262654
 20
12889.97674830768
 30
0.0
 11
86599.1416335345
 21
12827.89669728923
 31
0.0
 12
86692.26526670957
 22
12827.89669728923
 32
0.0
 13
86692.26526670957
 23
12827.89669728923
 33
0.0
  0
SOLID
  5
9A8
330
1F
100
AcDbEntity
  8
PDF_솔리드 채우기
440
33554559
100
AcDbTrace
 10
86599.1416335345
 20
12827.89669728923
 30
0.0
 11
86614.66090262654
 21
12750.297247846167
 31
0.0
 12
86692.26526670957
 22
12827.89669728923
 32
0.0
 13
86692.26526670957
 23
12827.89669728923
 33
0.0
  0
SOLID
  5
9A9
330
1F
100
AcDbEntity
  8
PDF_솔리드 채우기
440
33554559
100
AcDbTrace
 10
86614.66090262654
 20
12750.297247846167
 30
0.0
 11
86692.26526670957
 21
12719.257804333793
 31
0.0
 12
86692.26526670957
 22
12827.89669728923
 32
0.0
 13
86692.26526670957
 23
12827.89669728923
 33
0.0
  0
SOLID
  5
9AA
330
1F
100
AcDbEntity
  8
PDF_솔리드 채우기
440
33554559
100
AcDbTrace
 10
86692.26526670957
 20
12719.257804333793
 30
0.0
 11
86769.86161216946
 21
12750.297247846167
 31
0.0
 12
86692.26526670957
 22
12827.89669728923
 32
0.0
 13
86692.26526670957
 23
12827.89669728923
 33
0.0
  0
SOLID
  5
9AB
330
1F
100
AcDbEntity
  8
PDF_솔리드 채우기
440
33554559
100
AcDbTrace
 10
86769.86161216946
 20
12750.297247846167
 30
0.0
 11
86785.38101059406
 21
12827.89669728923
 31
0.0
 12
86692.26526670957
 22
12827.89669728923
 32
0.0
 13
86692.26526670957
 23
12827.89669728923
 33
0.0
  0
LWPOLYLINE
  5
9AC
330
1F
100
AcDbEntity
  8
PDF_형상
370
5
100
AcDbPolyline
 90
2
 70
1
 10
71700.02095661031
 20
12424.379534318789
 10
71700.02095661031
 20
15621.481274548838
  0
LWPOLYLINE
  5
9AD
330
1F
100
AcDbEntity
  8
PDF_형상
370
5
100
AcDbPolyline
 90
2
 70
1
 10
76697.43576975427
 20
12424.379534318789
 10
76697.43576975427
 20
15621.481274548838
  0
LWPOLYLINE
  5
9AE
330
1F
100
AcDbEntity
  8
PDF_형상
370
5
100
AcDbPolyline
 90
2
 70
0
 10
71296.50379363987
 20
12827.89669728923
 10
77100.95293272471
 20
12827.89669728923
  0
SOLID
  5
9AF
330
1F
100
AcDbEntity
  8
PDF_솔리드 채우기
440
33554559
100
AcDbTrace
 10
71591.38594363378
 20
12827.89669728923
 30
0.0
 11
71622.42448181774
 21
12750.297247846167
 31
0.0
 12
71700.02095661031
 22
12827.89669728923
 32
0.0
 13
71700.02095661031
 23
12827.89669728923
 33
0.0
  0
SOLID
  5
9B0
330
1F
100
AcDbEntity
  8
PDF_솔리드 채우기
440
33554559
100
AcDbTrace
 10
71622.42448181774
 20
12750.297247846167
 30
0.0
 11
71700.02095661031
 21
12719.257804333793
 31
0.0
 12
71700.02095661031
 22
12827.89669728923
 32
0.0
 13
71700.02095661031
 23
12827.89669728923
 33
0.0
  0
SOLID
  5
9B1
330
1F
100
AcDbEntity
  8
PDF_솔리드 채우기
440
33554559
100
AcDbTrace
 10
71700.02095661031
 20
12719.257804333793
 30
0.0
 11
71762.10592226875
 21
12750.297247846167
 31
0.0
 12
71700.02095661031
 22
12827.89669728923
 32
0.0
 13
71700.02095661031
 23
12827.89669728923
 33
0.0
  0
SOLID
  5
9B2
330
1F
100
AcDbEntity
  8
PDF_솔리드 채우기
440
33554559
100
AcDbTrace
 10
71762.10592226875
 20
12750.297247846167
 30
0.0
 11
71793.14458978533
 21
12827.89669728923
 31
0.0
 12
71700.02095661031
 22
12827.89669728923
 32
0.0
 13
71700.02095661031
 23
12827.89669728923
 33
0.0
  0
SOLID
  5
9B3
330
1F
100
AcDbEntity
  8
PDF_솔리드 채우기
440
33554559
100
AcDbTrace
 10
71793.14458978533
 20
12827.89669728923
 30
0.0
 11
71762.10592226875
 21
12889.97674830768
 31
0.0
 12
71700.02095661031
 22
12827.89669728923
 32
0.0
 13
71700.02095661031
 23
12827.89669728923
 33
0.0
  0
SOLID
  5
9B4
330
1F
100
AcDbEntity
  8
PDF_솔리드 채우기
440
33554559
100
AcDbTrace
 10
71762.10592226875
 20
12889.97674830768
 30
0.0
 11
71700.02095661031
 21
12921.016321152689
 31
0.0
 12
71700.02095661031
 22
12827.89669728923
 32
0.0
 13
71700.02095661031
 23
12827.89669728923
 33
0.0
  0
SOLID
  5
9B5
330
1F
100
AcDbEntity
  8
PDF_솔리드 채우기
440
33554559
100
AcDbTrace
 10
71700.02095661031
 20
12921.016321152689
 30
0.0
 11
71622.42448181774
 21
12889.97674830768
 31
0.0
 12
71700.02095661031
 22
12827.89669728923
 32
0.0
 13
71700.02095661031
 23
12827.89669728923
 33
0.0
  0
SOLID
  5
9B6
330
1F
100
AcDbEntity
  8
PDF_솔리드 채우기
440
33554559
100
AcDbTrace
 10
71622.42448181774
 20
12889.97674830768
 30
0.0
 11
71591.38594363378
 21
12827.89669728923
 31
0.0
 12
71700.02095661031
 22
12827.89669728923
 32
0.0
 13
71700.02095661031
 23
12827.89669728923
 33
0.0
  0
SOLID
  5
9B7
330
1F
100
AcDbEntity
  8
PDF_솔리드 채우기
440
33554559
100
AcDbTrace
 10
76790.55927359666
 20
12827.89669728923
 30
0.0
 11
76759.51284612219
 21
12889.97674830768
 31
0.0
 12
76697.43576975427
 22
12827.89669728923
 32
0.0
 13
76697.43576975427
 23
12827.89669728923
 33
0.0
  0
SOLID
  5
9B8
330
1F
100
AcDbEntity
  8
PDF_솔리드 채우기
440
33554559
100
AcDbTrace
 10
76759.51284612219
 20
12889.97674830768
 30
0.0
 11
76697.43576975427
 21
12921.016321152689
 31
0.0
 12
76697.43576975427
 22
12827.89669728923
 32
0.0
 13
76697.43576975427
 23
12827.89669728923
 33
0.0
  0
SOLID
  5
9B9
330
1F
100
AcDbEntity
  8
PDF_솔리드 채우기
440
33554559
100
AcDbTrace
 10
76697.43576975427
 20
12921.016321152689
 30
0.0
 11
76619.83929496173
 21
12889.97674830768
 31
0.0
 12
76697.43576975427
 22
12827.89669728923
 32
0.0
 13
76697.43576975427
 23
12827.89669728923
 33
0.0
  0
SOLID
  5
9BA
330
1F
100
AcDbEntity
  8
PDF_솔리드 채우기
440
33554559
100
AcDbTrace
 10
76619.83929496173
 20
12889.97674830768
 30
0.0
 11
76588.79286748722
 21
12827.89669728923
 31
0.0
 12
76697.43576975427
 22
12827.89669728923
 32
0.0
 13
76697.43576975427
 23
12827.89669728923
 33
0.0
  0
SOLID
  5
9BB
330
1F
100
AcDbEntity
  8
PDF_솔리드 채우기
440
33554559
100
AcDbTrace
 10
76588.79286748722
 20
12827.89669728923
 30
0.0
 11
76619.83929496173
 21
12750.297247846167
 31
0.0
 12
76697.43576975427
 22
12827.89669728923
 32
0.0
 13
76697.43576975427
 23
12827.89669728923
 33
0.0
  0
SOLID
  5
9BC
330
1F
100
AcDbEntity
  8
PDF_솔리드 채우기
440
33554559
100
AcDbTrace
 10
76619.83929496173
 20
12750.297247846167
 30
0.0
 11
76697.43576975427
 21
12719.257804333793
 31
0.0
 12
76697.43576975427
 22
12827.89669728923
 32
0.0
 13
76697.43576975427
 23
12827.89669728923
 33
0.0
  0
SOLID
  5
9BD
330
1F
100
AcDbEntity
  8
PDF_솔리드 채우기
440
33554559
100
AcDbTrace
 10
76697.43576975427
 20
12719.257804333793
 30
0.0
 11
76759.51284612219
 21
12750.297247846167
 31
0.0
 12
76697.43576975427
 22
12827.89669728923
 32
0.0
 13
76697.43576975427
 23
12827.89669728923
 33
0.0
  0
SOLID
  5
9BE
330
1F
100
AcDbEntity
  8
PDF_솔리드 채우기
440
33554559
100
AcDbTrace
 10
76759.51284612219
 20
12750.297247846167
 30
0.0
 11
76790.55927359666
 21
12827.89669728923
 31
0.0
 12
76697.43576975427
 22
12827.89669728923
 32
0.0
 13
76697.43576975427
 23
12827.89669728923
 33
0.0
  0
LWPOLYLINE
  5
9BF
330
1F
100
AcDbEntity
  8
PDF_형상
370
5
100
AcDbPolyline
 90
2
 70
1
 10
64203.90669085119
 20
12424.379534318789
 10
64203.90669085119
 20
15621.481274548838
  0
LWPOLYLINE
  5
9C1
330
1F
100
AcDbEntity
  8
PDF_형상
370
5
100
AcDbPolyline
 90
2
 70
0
 10
63800.38952788075
 20
12827.89669728923
 10
72103.53811958076
 20
12827.89669728923
  0
SOLID
  5
9C2
330
1F
100
AcDbEntity
  8
PDF_솔리드 채우기
440
33554559
100
AcDbTrace
 10
64095.26378858417
 20
12827.89669728923
 30
0.0
 11
64126.30232676816
 21
12750.297247846167
 31
0.0
 12
64203.90669085119
 22
12827.89669728923
 32
0.0
 13
64203.90669085119
 23
12827.89669728923
 33
0.0
  0
SOLID
  5
9C3
330
1F
100
AcDbEntity
  8
PDF_솔리드 채우기
440
33554559
100
AcDbTrace
 10
64126.30232676816
 20
12750.297247846167
 30
0.0
 11
64203.90669085119
 21
12719.257804333793
 31
0.0
 12
64203.90669085119
 22
12827.89669728923
 32
0.0
 13
64203.90669085119
 23
12827.89669728923
 33
0.0
  0
SOLID
  5
9C4
330
1F
100
AcDbEntity
  8
PDF_솔리드 채우기
440
33554559
100
AcDbTrace
 10
64203.90669085119
 20
12719.257804333793
 30
0.0
 11
64265.983767219106
 21
12750.297247846167
 31
0.0
 12
64203.90669085119
 22
12827.89669728923
 32
0.0
 13
64203.90669085119
 23
12827.89669728923
 33
0.0
  0
SOLID
  5
9C5
330
1F
100
AcDbEntity
  8
PDF_솔리드 채우기
440
33554559
100
AcDbTrace
 10
64265.983767219106
 20
12750.297247846167
 30
0.0
 11
64297.022434735685
 21
12827.89669728923
 31
0.0
 12
64203.90669085119
 22
12827.89669728923
 32
0.0
 13
64203.90669085119
 23
12827.89669728923
 33
0.0
  0
SOLID
  5
9C6
330
1F
100
AcDbEntity
  8
PDF_솔리드 채우기
440
33554559
100
AcDbTrace
 10
64297.022434735685
 20
12827.89669728923
 30
0.0
 11
64265.983767219106
 21
12889.97674830768
 31
0.0
 12
64203.90669085119
 22
12827.89669728923
 32
0.0
 13
64203.90669085119
 23
12827.89669728923
 33
0.0
  0
SOLID
  5
9C7
330
1F
100
AcDbEntity
  8
PDF_솔리드 채우기
440
33554559
100
AcDbTrace
 10
64265.983767219106
 20
12889.97674830768
 30
0.0
 11
64203.90669085119
 21
12921.016321152689
 31
0.0
 12
64203.90669085119
 22
12827.89669728923
 32
0.0
 13
64203.90669085119
 23
12827.89669728923
 33
0.0
  0
SOLID
  5
9C8
330
1F
100
AcDbEntity
  8
PDF_솔리드 채우기
440
33554559
100
AcDbTrace
 10
64203.90669085119
 20
12921.016321152689
 30
0.0
 11
64126.30232676816
 21
12889.97674830768
 31
0.0
 12
64203.90669085119
 22
12827.89669728923
 32
0.0
 13
64203.90669085119
 23
12827.89669728923
 33
0.0
  0
SOLID
  5
9C9
330
1F
100
AcDbEntity
  8
PDF_솔리드 채우기
440
33554559
100
AcDbTrace
 10
64126.30232676816
 20
12889.97674830768
 30
0.0
 11
64095.26378858417
 21
12827.89669728923
 31
0.0
 12
64203.90669085119
 22
12827.89669728923
 32
0.0
 13
64203.90669085119
 23
12827.89669728923
 33
0.0
  0
SOLID
  5
9CA
330
1F
100
AcDbEntity
  8
PDF_솔리드 채우기
440
33554559
100
AcDbTrace
 10
71793.14458978533
 20
12827.89669728923
 30
0.0
 11
71762.10592226875
 21
12889.97674830768
 31
0.0
 12
71700.02095661031
 22
12827.89669728923
 32
0.0
 13
71700.02095661031
 23
12827.89669728923
 33
0.0
  0
SOLID
  5
9CB
330
1F
100
AcDbEntity
  8
PDF_솔리드 채우기
440
33554559
100
AcDbTrace
 10
71762.10592226875
 20
12889.97674830768
 30
0.0
 11
71700.02095661031
 21
12921.016321152689
 31
0.0
 12
71700.02095661031
 22
12827.89669728923
 32
0.0
 13
71700.02095661031
 23
12827.89669728923
 33
0.0
  0
SOLID
  5
9CC
330
1F
100
AcDbEntity
  8
PDF_솔리드 채우기
440
33554559
100
AcDbTrace
 10
71700.02095661031
 20
12921.016321152689
 30
0.0
 11
71622.42448181774
 21
12889.97674830768
 31
0.0
 12
71700.02095661031
 22
12827.89669728923
 32
0.0
 13
71700.02095661031
 23
12827.89669728923
 33
0.0
  0
SOLID
  5
9CD
330
1F
100
AcDbEntity
  8
PDF_솔리드 채우기
440
33554559
100
AcDbTrace
 10
71622.42448181774
 20
12889.97674830768
 30
0.0
 11
71591.38594363378
 21
12827.89669728923
 31
0.0
 12
71700.02095661031
 22
12827.89669728923
 32
0.0
 13
71700.02095661031
 23
12827.89669728923
 33
0.0
  0
SOLID
  5
9CE
330
1F
100
AcDbEntity
  8
PDF_솔리드 채우기
440
33554559
100
AcDbTrace
 10
71591.38594363378
 20
12827.89669728923
 30
0.0
 11
71622.42448181774
 21
12750.297247846167
 31
0.0
 12
71700.02095661031
 22
12827.89669728923
 32
0.0
 13
71700.02095661031
 23
12827.89669728923
 33
0.0
  0
SOLID
  5
9CF
330
1F
100
AcDbEntity
  8
PDF_솔리드 채우기
440
33554559
100
AcDbTrace
 10
71622.42448181774
 20
12750.297247846167
 30
0.0
 11
71700.02095661031
 21
12719.257804333793
 31
0.0
 12
71700.02095661031
 22
12827.89669728923
 32
0.0
 13
71700.02095661031
 23
12827.89669728923
 33
0.0
  0
SOLID
  5
9D0
330
1F
100
AcDbEntity
  8
PDF_솔리드 채우기
440
33554559
100
AcDbTrace
 10
71700.02095661031
 20
12719.257804333793
 30
0.0
 11
71762.10592226875
 21
12750.297247846167
 31
0.0
 12
71700.02095661031
 22
12827.89669728923
 32
0.0
 13
71700.02095661031
 23
12827.89669728923
 33
0.0
  0
SOLID
  5
9D1
330
1F
100
AcDbEntity
  8
PDF_솔리드 채우기
440
33554559
100
AcDbTrace
 10
71762.10592226875
 20
12750.297247846167
 30
0.0
 11
71793.14458978533
 21
12827.89669728923
 31
0.0
 12
71700.02095661031
 22
12827.89669728923
 32
0.0
 13
71700.02095661031
 23
12827.89669728923
 33
0.0
  0
LWPOLYLINE
  5
9D2
330
1F
100
AcDbEntity
  8
PDF_형상
370
5
100
AcDbPolyline
 90
2
 70
1
 10
56707.78453580155
 20
12424.379534318789
 10
56707.78453580155
 20
15621.481274548838
  0
LWPOLYLINE
  5
9D4
330
1F
100
AcDbEntity
  8
PDF_형상
370
5
100
AcDbPolyline
 90
2
 70
0
 10
56304.267372831106
 20
12827.89669728923
 10
64607.42385382163
 20
12827.89669728923
  0
SOLID
  5
9D5
330
1F
100
AcDbEntity
  8
PDF_솔리드 채우기
440
33554559
100
AcDbTrace
 10
56599.14163353456
 20
12827.89669728923
 30
0.0
 11
56630.188061009
 21
12750.297247846167
 31
0.0
 12
56707.78453580155
 22
12827.89669728923
 32
0.0
 13
56707.78453580155
 23
12827.89669728923
 33
0.0
  0
SOLID
  5
9D6
330
1F
100
AcDbEntity
  8
PDF_솔리드 채우기
440
33554559
100
AcDbTrace
 10
56630.188061009
 20
12750.297247846167
 30
0.0
 11
56707.78453580155
 21
12719.257804333793
 31
0.0
 12
56707.78453580155
 22
12827.89669728923
 32
0.0
 13
56707.78453580155
 23
12827.89669728923
 33
0.0
  0
SOLID
  5
9D7
330
1F
100
AcDbEntity
  8
PDF_솔리드 채우기
440
33554559
100
AcDbTrace
 10
56707.78453580155
 20
12719.257804333793
 30
0.0
 11
56769.861612169465
 21
12750.297247846167
 31
0.0
 12
56707.78453580155
 22
12827.89669728923
 32
0.0
 13
56707.78453580155
 23
12827.89669728923
 33
0.0
  0
SOLID
  5
9D8
330
1F
100
AcDbEntity
  8
PDF_솔리드 채우기
440
33554559
100
AcDbTrace
 10
56769.861612169465
 20
12750.297247846167
 30
0.0
 11
56800.90027968607
 21
12827.89669728923
 31
0.0
 12
56707.78453580155
 22
12827.89669728923
 32
0.0
 13
56707.78453580155
 23
12827.89669728923
 33
0.0
  0
SOLID
  5
9D9
330
1F
100
AcDbEntity
  8
PDF_솔리드 채우기
440
33554559
100
AcDbTrace
 10
56800.90027968607
 20
12827.89669728923
 30
0.0
 11
56769.861612169465
 21
12889.97674830768
 31
0.0
 12
56707.78453580155
 22
12827.89669728923
 32
0.0
 13
56707.78453580155
 23
12827.89669728923
 33
0.0
  0
SOLID
  5
9DA
330
1F
100
AcDbEntity
  8
PDF_솔리드 채우기
440
33554559
100
AcDbTrace
 10
56769.861612169465
 20
12889.97674830768
 30
0.0
 11
56707.78453580155
 21
12921.016321152689
 31
0.0
 12
56707.78453580155
 22
12827.89669728923
 32
0.0
 13
56707.78453580155
 23
12827.89669728923
 33
0.0
  0
SOLID
  5
9DB
330
1F
100
AcDbEntity
  8
PDF_솔리드 채우기
440
33554559
100
AcDbTrace
 10
56707.78453580155
 20
12921.016321152689
 30
0.0
 11
56630.188061009
 21
12889.97674830768
 31
0.0
 12
56707.78453580155
 22
12827.89669728923
 32
0.0
 13
56707.78453580155
 23
12827.89669728923
 33
0.0
  0
SOLID
  5
9DC
330
1F
100
AcDbEntity
  8
PDF_솔리드 채우기
440
33554559
100
AcDbTrace
 10
56630.188061009
 20
12889.97674830768
 30
0.0
 11
56599.14163353456
 21
12827.89669728923
 31
0.0
 12
56707.78453580155
 22
12827.89669728923
 32
0.0
 13
56707.78453580155
 23
12827.89669728923
 33
0.0
  0
SOLID
  5
9DD
330
1F
100
AcDbEntity
  8
PDF_솔리드 채우기
440
33554559
100
AcDbTrace
 10
64297.022434735685
 20
12827.89669728923
 30
0.0
 11
64265.983767219106
 21
12889.97674830768
 31
0.0
 12
64203.90669085119
 22
12827.89669728923
 32
0.0
 13
64203.90669085119
 23
12827.89669728923
 33
0.0
  0
SOLID
  5
9DE
330
1F
100
AcDbEntity
  8
PDF_솔리드 채우기
440
33554559
100
AcDbTrace
 10
64265.983767219106
 20
12889.97674830768
 30
0.0
 11
64203.90669085119
 21
12921.016321152689
 31
0.0
 12
64203.90669085119
 22
12827.89669728923
 32
0.0
 13
64203.90669085119
 23
12827.89669728923
 33
0.0
  0
SOLID
  5
9DF
330
1F
100
AcDbEntity
  8
PDF_솔리드 채우기
440
33554559
100
AcDbTrace
 10
64203.90669085119
 20
12921.016321152689
 30
0.0
 11
64126.30232676816
 21
12889.97674830768
 31
0.0
 12
64203.90669085119
 22
12827.89669728923
 32
0.0
 13
64203.90669085119
 23
12827.89669728923
 33
0.0
  0
SOLID
  5
9E0
330
1F
100
AcDbEntity
  8
PDF_솔리드 채우기
440
33554559
100
AcDbTrace
 10
64126.30232676816
 20
12889.97674830768
 30
0.0
 11
64095.26378858417
 21
12827.89669728923
 31
0.0
 12
64203.90669085119
 22
12827.89669728923
 32
0.0
 13
64203.90669085119
 23
12827.89669728923
 33
0.0
  0
SOLID
  5
9E1
330
1F
100
AcDbEntity
  8
PDF_솔리드 채우기
440
33554559
100
AcDbTrace
 10
64095.26378858417
 20
12827.89669728923
 30
0.0
 11
64126.30232676816
 21
12750.297247846167
 31
0.0
 12
64203.90669085119
 22
12827.89669728923
 32
0.0
 13
64203.90669085119
 23
12827.89669728923
 33
0.0
  0
SOLID
  5
9E2
330
1F
100
AcDbEntity
  8
PDF_솔리드 채우기
440
33554559
100
AcDbTrace
 10
64126.30232676816
 20
12750.297247846167
 30
0.0
 11
64203.90669085119
 21
12719.257804333793
 31
0.0
 12
64203.90669085119
 22
12827.89669728923
 32
0.0
 13
64203.90669085119
 23
12827.89669728923
 33
0.0
  0
SOLID
  5
9E3
330
1F
100
AcDbEntity
  8
PDF_솔리드 채우기
440
33554559
100
AcDbTrace
 10
64203.90669085119
 20
12719.257804333793
 30
0.0
 11
64265.983767219106
 21
12750.297247846167
 31
0.0
 12
64203.90669085119
 22
12827.89669728923
 32
0.0
 13
64203.90669085119
 23
12827.89669728923
 33
0.0
  0
SOLID
  5
9E4
330
1F
100
AcDbEntity
  8
PDF_솔리드 채우기
440
33554559
100
AcDbTrace
 10
64265.983767219106
 20
12750.297247846167
 30
0.0
 11
64297.022434735685
 21
12827.89669728923
 31
0.0
 12
64203.90669085119
 22
12827.89669728923
 32
0.0
 13
64203.90669085119
 23
12827.89669728923
 33
0.0
  0
LWPOLYLINE
  5
9E5
330
1F
100
AcDbEntity
  8
PDF_형상
370
5
100
AcDbPolyline
 90
2
 70
1
 10
49211.66639006349
 20
12424.379534318789
 10
49211.66639006349
 20
15621.481274548838
  0
LWPOLYLINE
  5
9E7
330
1F
100
AcDbEntity
  8
PDF_형상
370
5
100
AcDbPolyline
 90
2
 70
0
 10
48808.149097760426
 20
12827.89669728923
 10
57111.30169877199
 20
12827.89669728923
  0
SOLID
  5
9E8
330
1F
100
AcDbEntity
  8
PDF_솔리드 채우기
440
33554559
100
AcDbTrace
 10
49103.0273677754
 20
12827.89669728923
 30
0.0
 11
49134.06590595936
 21
12750.297247846167
 31
0.0
 12
49211.66639006349
 22
12827.89669728923
 32
0.0
 13
49211.66639006349
 23
12827.89669728923
 33
0.0
  0
SOLID
  5
9E9
330
1F
100
AcDbEntity
  8
PDF_솔리드 채우기
440
33554559
100
AcDbTrace
 10
49134.06590595936
 20
12750.297247846167
 30
0.0
 11
49211.66639006349
 21
12719.257804333793
 31
0.0
 12
49211.66639006349
 22
12827.89669728923
 32
0.0
 13
49211.66639006349
 23
12827.89669728923
 33
0.0
  0
SOLID
  5
9EA
330
1F
100
AcDbEntity
  8
PDF_솔리드 채우기
440
33554559
100
AcDbTrace
 10
49211.66639006349
 20
12719.257804333793
 30
0.0
 11
49273.743466431406
 21
12750.297247846167
 31
0.0
 12
49211.66639006349
 22
12827.89669728923
 32
0.0
 13
49211.66639006349
 23
12827.89669728923
 33
0.0
  0
SOLID
  5
9EB
330
1F
100
AcDbEntity
  8
PDF_솔리드 채우기
440
33554559
100
AcDbTrace
 10
49273.743466431406
 20
12750.297247846167
 30
0.0
 11
49304.78601392695
 21
12827.89669728923
 31
0.0
 12
49211.66639006349
 22
12827.89669728923
 32
0.0
 13
49211.66639006349
 23
12827.89669728923
 33
0.0
  0
SOLID
  5
9EC
330
1F
100
AcDbEntity
  8
PDF_솔리드 채우기
440
33554559
100
AcDbTrace
 10
49304.78601392695
 20
12827.89669728923
 30
0.0
 11
49273.743466431406
 21
12889.97674830768
 31
0.0
 12
49211.66639006349
 22
12827.89669728923
 32
0.0
 13
49211.66639006349
 23
12827.89669728923
 33
0.0
  0
SOLID
  5
9ED
330
1F
100
AcDbEntity
  8
PDF_솔리드 채우기
440
33554559
100
AcDbTrace
 10
49273.743466431406
 20
12889.97674830768
 30
0.0
 11
49211.66639006349
 21
12921.016321152689
 31
0.0
 12
49211.66639006349
 22
12827.89669728923
 32
0.0
 13
49211.66639006349
 23
12827.89669728923
 33
0.0
  0
SOLID
  5
9EE
330
1F
100
AcDbEntity
  8
PDF_솔리드 채우기
440
33554559
100
AcDbTrace
 10
49211.66639006349
 20
12921.016321152689
 30
0.0
 11
49134.06590595936
 21
12889.97674830768
 31
0.0
 12
49211.66639006349
 22
12827.89669728923
 32
0.0
 13
49211.66639006349
 23
12827.89669728923
 33
0.0
  0
SOLID
  5
9EF
330
1F
100
AcDbEntity
  8
PDF_솔리드 채우기
440
33554559
100
AcDbTrace
 10
49134.06590595936
 20
12889.97674830768
 30
0.0
 11
49103.0273677754
 21
12827.89669728923
 31
0.0
 12
49211.66639006349
 22
12827.89669728923
 32
0.0
 13
49211.66639006349
 23
12827.89669728923
 33
0.0
  0
SOLID
  5
9F0
330
1F
100
AcDbEntity
  8
PDF_솔리드 채우기
440
33554559
100
AcDbTrace
 10
56800.90027968607
 20
12827.89669728923
 30
0.0
 11
56769.861612169465
 21
12889.97674830768
 31
0.0
 12
56707.78453580155
 22
12827.89669728923
 32
0.0
 13
56707.78453580155
 23
12827.89669728923
 33
0.0
  0
SOLID
  5
9F1
330
1F
100
AcDbEntity
  8
PDF_솔리드 채우기
440
33554559
100
AcDbTrace
 10
56769.861612169465
 20
12889.97674830768
 30
0.0
 11
56707.78453580155
 21
12921.016321152689
 31
0.0
 12
56707.78453580155
 22
12827.89669728923
 32
0.0
 13
56707.78453580155
 23
12827.89669728923
 33
0.0
  0
SOLID
  5
9F2
330
1F
100
AcDbEntity
  8
PDF_솔리드 채우기
440
33554559
100
AcDbTrace
 10
56707.78453580155
 20
12921.016321152689
 30
0.0
 11
56630.188061009
 21
12889.97674830768
 31
0.0
 12
56707.78453580155
 22
12827.89669728923
 32
0.0
 13
56707.78453580155
 23
12827.89669728923
 33
0.0
  0
SOLID
  5
9F3
330
1F
100
AcDbEntity
  8
PDF_솔리드 채우기
440
33554559
100
AcDbTrace
 10
56630.188061009
 20
12889.97674830768
 30
0.0
 11
56599.14163353456
 21
12827.89669728923
 31
0.0
 12
56707.78453580155
 22
12827.89669728923
 32
0.0
 13
56707.78453580155
 23
12827.89669728923
 33
0.0
  0
SOLID
  5
9F4
330
1F
100
AcDbEntity
  8
PDF_솔리드 채우기
440
33554559
100
AcDbTrace
 10
56599.14163353456
 20
12827.89669728923
 30
0.0
 11
56630.188061009
 21
12750.297247846167
 31
0.0
 12
56707.78453580155
 22
12827.89669728923
 32
0.0
 13
56707.78453580155
 23
12827.89669728923
 33
0.0
  0
SOLID
  5
9F5
330
1F
100
AcDbEntity
  8
PDF_솔리드 채우기
440
33554559
100
AcDbTrace
 10
56630.188061009
 20
12750.297247846167
 30
0.0
 11
56707.78453580155
 21
12719.257804333793
 31
0.0
 12
56707.78453580155
 22
12827.89669728923
 32
0.0
 13
56707.78453580155
 23
12827.89669728923
 33
0.0
  0
SOLID
  5
9F6
330
1F
100
AcDbEntity
  8
PDF_솔리드 채우기
440
33554559
100
AcDbTrace
 10
56707.78453580155
 20
12719.257804333793
 30
0.0
 11
56769.861612169465
 21
12750.297247846167
 31
0.0
 12
56707.78453580155
 22
12827.89669728923
 32
0.0
 13
56707.78453580155
 23
12827.89669728923
 33
0.0
  0
SOLID
  5
9F7
330
1F
100
AcDbEntity
  8
PDF_솔리드 채우기
440
33554559
100
AcDbTrace
 10
56769.861612169465
 20
12750.297247846167
 30
0.0
 11
56800.90027968607
 21
12827.89669728923
 31
0.0
 12
56707.78453580155
 22
12827.89669728923
 32
0.0
 13
56707.78453580155
 23
12827.89669728923
 33
0.0
  0
LWPOLYLINE
  5
9FA
330
1F
100
AcDbEntity
  8
PDF_형상
370
5
100
AcDbPolyline
 90
2
 70
0
 10
44307.37120078299
 20
12827.89669728923
 10
49599.66428394195
 20
12827.89669728923
  0
SOLID
  5
9FB
330
1F
100
AcDbEntity
  8
PDF_솔리드 채우기
440
33554559
100
AcDbTrace
 10
44602.249470797964
 20
12827.89669728923
 30
0.0
 11
44633.292018293505
 21
12750.297247846167
 31
0.0
 12
44710.88836375343
 22
12827.89669728923
 32
0.0
 13
44710.88836375343
 23
12827.89669728923
 33
0.0
  0
SOLID
  5
9FC
330
1F
100
AcDbEntity
  8
PDF_솔리드 채우기
440
33554559
100
AcDbTrace
 10
44633.292018293505
 20
12750.297247846167
 30
0.0
 11
44710.88836375343
 21
12719.257804333793
 31
0.0
 12
44710.88836375343
 22
12827.89669728923
 32
0.0
 13
44710.88836375343
 23
12827.89669728923
 33
0.0
  0
SOLID
  5
9FD
330
1F
100
AcDbEntity
  8
PDF_솔리드 채우기
440
33554559
100
AcDbTrace
 10
44710.88836375343
 20
12719.257804333793
 30
0.0
 11
44772.9694494329
 21
12750.297247846167
 31
0.0
 12
44710.88836375343
 22
12827.89669728923
 32
0.0
 13
44710.88836375343
 23
12827.89669728923
 33
0.0
  0
SOLID
  5
9FE
330
1F
100
AcDbEntity
  8
PDF_솔리드 채우기
440
33554559
100
AcDbTrace
 10
44772.9694494329
 20
12750.297247846167
 30
0.0
 11
44804.00798761686
 21
12827.89669728923
 31
0.0
 12
44710.88836375343
 22
12827.89669728923
 32
0.0
 13
44710.88836375343
 23
12827.89669728923
 33
0.0
  0
SOLID
  5
9FF
330
1F
100
AcDbEntity
  8
PDF_솔리드 채우기
440
33554559
100
AcDbTrace
 10
44804.00798761686
 20
12827.89669728923
 30
0.0
 11
44772.9694494329
 21
12889.97674830768
 31
0.0
 12
44710.88836375343
 22
12827.89669728923
 32
0.0
 13
44710.88836375343
 23
12827.89669728923
 33
0.0
  0
SOLID
  5
A00
330
1F
100
AcDbEntity
  8
PDF_솔리드 채우기
440
33554559
100
AcDbTrace
 10
44772.9694494329
 20
12889.97674830768
 30
0.0
 11
44710.88836375343
 21
12921.016321152689
 31
0.0
 12
44710.88836375343
 22
12827.89669728923
 32
0.0
 13
44710.88836375343
 23
12827.89669728923
 33
0.0
  0
SOLID
  5
A01
330
1F
100
AcDbEntity
  8
PDF_솔리드 채우기
440
33554559
100
AcDbTrace
 10
44710.88836375343
 20
12921.016321152689
 30
0.0
 11
44633.292018293505
 21
12889.97674830768
 31
0.0
 12
44710.88836375343
 22
12827.89669728923
 32
0.0
 13
44710.88836375343
 23
12827.89669728923
 33
0.0
  0
SOLID
  5
A02
330
1F
100
AcDbEntity
  8
PDF_솔리드 채우기
440
33554559
100
AcDbTrace
 10
44633.292018293505
 20
12889.97674830768
 30
0.0
 11
44602.249470797964
 21
12827.89669728923
 31
0.0
 12
44710.88836375343
 22
12827.89669728923
 32
0.0
 13
44710.88836375343
 23
12827.89669728923
 33
0.0
  0
SOLID
  5
A03
330
1F
100
AcDbEntity
  8
PDF_솔리드 채우기
440
33554559
100
AcDbTrace
 10
49304.78601392695
 20
12827.89669728923
 30
0.0
 11
49273.743466431406
 21
12889.97674830768
 31
0.0
 12
49211.66639006349
 22
12827.89669728923
 32
0.0
 13
49211.66639006349
 23
12827.89669728923
 33
0.0
  0
SOLID
  5
A04
330
1F
100
AcDbEntity
  8
PDF_솔리드 채우기
440
33554559
100
AcDbTrace
 10
49273.743466431406
 20
12889.97674830768
 30
0.0
 11
49211.66639006349
 21
12921.016321152689
 31
0.0
 12
49211.66639006349
 22
12827.89669728923
 32
0.0
 13
49211.66639006349
 23
12827.89669728923
 33
0.0
  0
SOLID
  5
A05
330
1F
100
AcDbEntity
  8
PDF_솔리드 채우기
440
33554559
100
AcDbTrace
 10
49211.66639006349
 20
12921.016321152689
 30
0.0
 11
49134.06590595936
 21
12889.97674830768
 31
0.0
 12
49211.66639006349
 22
12827.89669728923
 32
0.0
 13
49211.66639006349
 23
12827.89669728923
 33
0.0
  0
SOLID
  5
A06
330
1F
100
AcDbEntity
  8
PDF_솔리드 채우기
440
33554559
100
AcDbTrace
 10
49134.06590595936
 20
12889.97674830768
 30
0.0
 11
49103.0273677754
 21
12827.89669728923
 31
0.0
 12
49211.66639006349
 22
12827.89669728923
 32
0.0
 13
49211.66639006349
 23
12827.89669728923
 33
0.0
  0
SOLID
  5
A07
330
1F
100
AcDbEntity
  8
PDF_솔리드 채우기
440
33554559
100
AcDbTrace
 10
49103.0273677754
 20
12827.89669728923
 30
0.0
 11
49134.06590595936
 21
12750.297247846167
 31
0.0
 12
49211.66639006349
 22
12827.89669728923
 32
0.0
 13
49211.66639006349
 23
12827.89669728923
 33
0.0
  0
SOLID
  5
A08
330
1F
100
AcDbEntity
  8
PDF_솔리드 채우기
440
33554559
100
AcDbTrace
 10
49134.06590595936
 20
12750.297247846167
 30
0.0
 11
49211.66639006349
 21
12719.257804333793
 31
0.0
 12
49211.66639006349
 22
12827.89669728923
 32
0.0
 13
49211.66639006349
 23
12827.89669728923
 33
0.0
  0
SOLID
  5
A09
330
1F
100
AcDbEntity
  8
PDF_솔리드 채우기
440
33554559
100
AcDbTrace
 10
49211.66639006349
 20
12719.257804333793
 30
0.0
 11
49273.743466431406
 21
12750.297247846167
 31
0.0
 12
49211.66639006349
 22
12827.89669728923
 32
0.0
 13
49211.66639006349
 23
12827.89669728923
 33
0.0
  0
SOLID
  5
A0A
330
1F
100
AcDbEntity
  8
PDF_솔리드 채우기
440
33554559
100
AcDbTrace
 10
49273.743466431406
 20
12750.297247846167
 30
0.0
 11
49304.78601392695
 21
12827.89669728923
 31
0.0
 12
49211.66639006349
 22
12827.89669728923
 32
0.0
 13
49211.66639006349
 23
12827.89669728923
 33
0.0
  0
LWPOLYLINE
  5
A0D
330
1F
100
AcDbEntity
  8
PDF_형상
370
5
100
AcDbPolyline
 90
2
 70
0
 10
76293.91847745121
 20
12827.89669728923
 10
82098.36761653605
 20
12827.89669728923
  0
SOLID
  5
A0E
330
1F
100
AcDbEntity
  8
PDF_솔리드 채우기
440
33554559
100
AcDbTrace
 10
76588.79286748722
 20
12827.89669728923
 30
0.0
 11
76619.83929496173
 21
12750.297247846167
 31
0.0
 12
76697.43576975427
 22
12827.89669728923
 32
0.0
 13
76697.43576975427
 23
12827.89669728923
 33
0.0
  0
SOLID
  5
A0F
330
1F
100
AcDbEntity
  8
PDF_솔리드 채우기
440
33554559
100
AcDbTrace
 10
76619.83929496173
 20
12750.297247846167
 30
0.0
 11
76697.43576975427
 21
12719.257804333793
 31
0.0
 12
76697.43576975427
 22
12827.89669728923
 32
0.0
 13
76697.43576975427
 23
12827.89669728923
 33
0.0
  0
SOLID
  5
A10
330
1F
100
AcDbEntity
  8
PDF_솔리드 채우기
440
33554559
100
AcDbTrace
 10
76697.43576975427
 20
12719.257804333793
 30
0.0
 11
76759.51284612219
 21
12750.297247846167
 31
0.0
 12
76697.43576975427
 22
12827.89669728923
 32
0.0
 13
76697.43576975427
 23
12827.89669728923
 33
0.0
  0
SOLID
  5
A11
330
1F
100
AcDbEntity
  8
PDF_솔리드 채우기
440
33554559
100
AcDbTrace
 10
76759.51284612219
 20
12750.297247846167
 30
0.0
 11
76790.55927359666
 21
12827.89669728923
 31
0.0
 12
76697.43576975427
 22
12827.89669728923
 32
0.0
 13
76697.43576975427
 23
12827.89669728923
 33
0.0
  0
SOLID
  5
A12
330
1F
100
AcDbEntity
  8
PDF_솔리드 채우기
440
33554559
100
AcDbTrace
 10
76790.55927359666
 20
12827.89669728923
 30
0.0
 11
76759.51284612219
 21
12889.97674830768
 31
0.0
 12
76697.43576975427
 22
12827.89669728923
 32
0.0
 13
76697.43576975427
 23
12827.89669728923
 33
0.0
  0
SOLID
  5
A13
330
1F
100
AcDbEntity
  8
PDF_솔리드 채우기
440
33554559
100
AcDbTrace
 10
76759.51284612219
 20
12889.97674830768
 30
0.0
 11
76697.43576975427
 21
12921.016321152689
 31
0.0
 12
76697.43576975427
 22
12827.89669728923
 32
0.0
 13
76697.43576975427
 23
12827.89669728923
 33
0.0
  0
SOLID
  5
A14
330
1F
100
AcDbEntity
  8
PDF_솔리드 채우기
440
33554559
100
AcDbTrace
 10
76697.43576975427
 20
12921.016321152689
 30
0.0
 11
76619.83929496173
 21
12889.97674830768
 31
0.0
 12
76697.43576975427
 22
12827.89669728923
 32
0.0
 13
76697.43576975427
 23
12827.89669728923
 33
0.0
  0
SOLID
  5
A15
330
1F
100
AcDbEntity
  8
PDF_솔리드 채우기
440
33554559
100
AcDbTrace
 10
76619.83929496173
 20
12889.97674830768
 30
0.0
 11
76588.79286748722
 21
12827.89669728923
 31
0.0
 12
76697.43576975427
 22
12827.89669728923
 32
0.0
 13
76697.43576975427
 23
12827.89669728923
 33
0.0
  0
SOLID
  5
A16
330
1F
100
AcDbEntity
  8
PDF_솔리드 채우기
440
33554559
100
AcDbTrace
 10
81787.9661974501
 20
12827.89669728923
 30
0.0
 11
81772.44692835816
 21
12889.97674830768
 31
0.0
 12
81694.85045356558
 22
12827.89669728923
 32
0.0
 13
81694.85045356558
 23
12827.89669728923
 33
0.0
  0
SOLID
  5
A17
330
1F
100
AcDbEntity
  8
PDF_솔리드 채우기
440
33554559
100
AcDbTrace
 10
81772.44692835816
 20
12889.97674830768
 30
0.0
 11
81694.85045356558
 21
12921.016321152689
 31
0.0
 12
81694.85045356558
 22
12827.89669728923
 32
0.0
 13
81694.85045356558
 23
12827.89669728923
 33
0.0
  0
SOLID
  5
A18
330
1F
100
AcDbEntity
  8
PDF_솔리드 채우기
440
33554559
100
AcDbTrace
 10
81694.85045356558
 20
12921.016321152689
 30
0.0
 11
81617.24621881511
 21
12889.97674830768
 31
0.0
 12
81694.85045356558
 22
12827.89669728923
 32
0.0
 13
81694.85045356558
 23
12827.89669728923
 33
0.0
  0
SOLID
  5
A19
330
1F
100
AcDbEntity
  8
PDF_솔리드 채우기
440
33554559
100
AcDbTrace
 10
81617.24621881511
 20
12889.97674830768
 30
0.0
 11
81601.72682039054
 21
12827.89669728923
 31
0.0
 12
81694.85045356558
 22
12827.89669728923
 32
0.0
 13
81694.85045356558
 23
12827.89669728923
 33
0.0
  0
SOLID
  5
A1A
330
1F
100
AcDbEntity
  8
PDF_솔리드 채우기
440
33554559
100
AcDbTrace
 10
81601.72682039054
 20
12827.89669728923
 30
0.0
 11
81617.24621881511
 21
12750.297247846167
 31
0.0
 12
81694.85045356558
 22
12827.89669728923
 32
0.0
 13
81694.85045356558
 23
12827.89669728923
 33
0.0
  0
SOLID
  5
A1B
330
1F
100
AcDbEntity
  8
PDF_솔리드 채우기
440
33554559
100
AcDbTrace
 10
81617.24621881511
 20
12750.297247846167
 30
0.0
 11
81694.85045356558
 21
12719.257804333793
 31
0.0
 12
81694.85045356558
 22
12827.89669728923
 32
0.0
 13
81694.85045356558
 23
12827.89669728923
 33
0.0
  0
SOLID
  5
A1C
330
1F
100
AcDbEntity
  8
PDF_솔리드 채우기
440
33554559
100
AcDbTrace
 10
81694.85045356558
 20
12719.257804333793
 30
0.0
 11
81772.44692835816
 21
12750.297247846167
 31
0.0
 12
81694.85045356558
 22
12827.89669728923
 32
0.0
 13
81694.85045356558
 23
12827.89669728923
 33
0.0
  0
SOLID
  5
A1D
330
1F
100
AcDbEntity
  8
PDF_솔리드 채우기
440
33554559
100
AcDbTrace
 10
81772.44692835816
 20
12750.297247846167
 30
0.0
 11
81787.9661974501
 21
12827.89669728923
 31
0.0
 12
81694.85045356558
 22
12827.89669728923
 32
0.0
 13
81694.85045356558
 23
12827.89669728923
 33
0.0
  0
LWPOLYLINE
  5
A1E
330
1F
100
AcDbEntity
  8
PDF_형상
370
5
100
AcDbPolyline
 90
2
 70
0
 10
76697.43576975427
 20
15621.481274548838
 10
76697.43576975427
 20
14022.930857098028
  0
LWPOLYLINE
  5
A1F
330
1F
100
AcDbEntity
  8
PDF_형상
370
5
100
AcDbPolyline
 90
2
 70
1
 10
79196.1431116599
 20
14022.930857098028
 10
79196.1431116599
 20
15621.481274548838
  0
LWPOLYLINE
  5
A20
330
1F
100
AcDbEntity
  8
PDF_형상
370
5
100
AcDbPolyline
 90
2
 70
0
 10
76293.91847745121
 20
14426.44802006847
 10
79599.66027463034
 20
14426.44802006847
  0
SOLID
  5
A21
330
1F
100
AcDbEntity
  8
PDF_솔리드 채우기
440
33554559
100
AcDbTrace
 10
76588.79286748722
 20
14426.44802006847
 30
0.0
 11
76619.83929496173
 21
14348.848699958042
 31
0.0
 12
76697.43576975427
 22
14426.44802006847
 32
0.0
 13
76697.43576975427
 23
14426.44802006847
 33
0.0
  0
SOLID
  5
A22
330
1F
100
AcDbEntity
  8
PDF_솔리드 채우기
440
33554559
100
AcDbTrace
 10
76619.83929496173
 20
14348.848699958042
 30
0.0
 11
76697.43576975427
 21
14317.809127113018
 31
0.0
 12
76697.43576975427
 22
14426.44802006847
 32
0.0
 13
76697.43576975427
 23
14426.44802006847
 33
0.0
  0
SOLID
  5
A23
330
1F
100
AcDbEntity
  8
PDF_솔리드 채우기
440
33554559
100
AcDbTrace
 10
76697.43576975427
 20
14317.809127113018
 30
0.0
 11
76759.51284612219
 21
14348.848699958042
 31
0.0
 12
76697.43576975427
 22
14426.44802006847
 32
0.0
 13
76697.43576975427
 23
14426.44802006847
 33
0.0
  0
SOLID
  5
A24
330
1F
100
AcDbEntity
  8
PDF_솔리드 채우기
440
33554559
100
AcDbTrace
 10
76759.51284612219
 20
14348.848699958042
 30
0.0
 11
76790.55927359666
 21
14426.44802006847
 31
0.0
 12
76697.43576975427
 22
14426.44802006847
 32
0.0
 13
76697.43576975427
 23
14426.44802006847
 33
0.0
  0
SOLID
  5
A25
330
1F
100
AcDbEntity
  8
PDF_솔리드 채우기
440
33554559
100
AcDbTrace
 10
76790.55927359666
 20
14426.44802006847
 30
0.0
 11
76759.51284612219
 21
14488.52820041954
 31
0.0
 12
76697.43576975427
 22
14426.44802006847
 32
0.0
 13
76697.43576975427
 23
14426.44802006847
 33
0.0
  0
SOLID
  5
A26
330
1F
100
AcDbEntity
  8
PDF_솔리드 채우기
440
33554559
100
AcDbTrace
 10
76759.51284612219
 20
14488.52820041954
 30
0.0
 11
76697.43576975427
 21
14519.567773264564
 31
0.0
 12
76697.43576975427
 22
14426.44802006847
 32
0.0
 13
76697.43576975427
 23
14426.44802006847
 33
0.0
  0
SOLID
  5
A27
330
1F
100
AcDbEntity
  8
PDF_솔리드 채우기
440
33554559
100
AcDbTrace
 10
76697.43576975427
 20
14519.567773264564
 30
0.0
 11
76619.83929496173
 21
14488.52820041954
 31
0.0
 12
76697.43576975427
 22
14426.44802006847
 32
0.0
 13
76697.43576975427
 23
14426.44802006847
 33
0.0
  0
SOLID
  5
A28
330
1F
100
AcDbEntity
  8
PDF_솔리드 채우기
440
33554559
100
AcDbTrace
 10
76619.83929496173
 20
14488.52820041954
 30
0.0
 11
76588.79286748722
 21
14426.44802006847
 31
0.0
 12
76697.43576975427
 22
14426.44802006847
 32
0.0
 13
76697.43576975427
 23
14426.44802006847
 33
0.0
  0
SOLID
  5
A29
330
1F
100
AcDbEntity
  8
PDF_솔리드 채우기
440
33554559
100
AcDbTrace
 10
79289.2588555444
 20
14426.44802006847
 30
0.0
 11
79273.7394571198
 21
14488.52820041954
 31
0.0
 12
79196.1431116599
 22
14426.44802006847
 32
0.0
 13
79196.1431116599
 23
14426.44802006847
 33
0.0
  0
SOLID
  5
A2A
330
1F
100
AcDbEntity
  8
PDF_솔리드 채우기
440
33554559
100
AcDbTrace
 10
79273.7394571198
 20
14488.52820041954
 30
0.0
 11
79196.1431116599
 21
14519.567773264564
 31
0.0
 12
79196.1431116599
 22
14426.44802006847
 32
0.0
 13
79196.1431116599
 23
14426.44802006847
 33
0.0
  0
SOLID
  5
A2B
330
1F
100
AcDbEntity
  8
PDF_솔리드 채우기
440
33554559
100
AcDbTrace
 10
79196.1431116599
 20
14519.567773264564
 30
0.0
 11
79118.54663686735
 21
14488.52820041954
 31
0.0
 12
79196.1431116599
 22
14426.44802006847
 32
0.0
 13
79196.1431116599
 23
14426.44802006847
 33
0.0
  0
SOLID
  5
A2C
330
1F
100
AcDbEntity
  8
PDF_솔리드 채우기
440
33554559
100
AcDbTrace
 10
79118.54663686735
 20
14488.52820041954
 30
0.0
 11
79103.01947848492
 21
14426.44802006847
 31
0.0
 12
79196.1431116599
 22
14426.44802006847
 32
0.0
 13
79196.1431116599
 23
14426.44802006847
 33
0.0
  0
SOLID
  5
A2D
330
1F
100
AcDbEntity
  8
PDF_솔리드 채우기
440
33554559
100
AcDbTrace
 10
79103.01947848492
 20
14426.44802006847
 30
0.0
 11
79118.54663686735
 21
14348.848699958042
 31
0.0
 12
79196.1431116599
 22
14426.44802006847
 32
0.0
 13
79196.1431116599
 23
14426.44802006847
 33
0.0
  0
SOLID
  5
A2E
330
1F
100
AcDbEntity
  8
PDF_솔리드 채우기
440
33554559
100
AcDbTrace
 10
79118.54663686735
 20
14348.848699958042
 30
0.0
 11
79196.1431116599
 21
14317.809127113018
 31
0.0
 12
79196.1431116599
 22
14426.44802006847
 32
0.0
 13
79196.1431116599
 23
14426.44802006847
 33
0.0
  0
SOLID
  5
A2F
330
1F
100
AcDbEntity
  8
PDF_솔리드 채우기
440
33554559
100
AcDbTrace
 10
79196.1431116599
 20
14317.809127113018
 30
0.0
 11
79273.7394571198
 21
14348.848699958042
 31
0.0
 12
79196.1431116599
 22
14426.44802006847
 32
0.0
 13
79196.1431116599
 23
14426.44802006847
 33
0.0
  0
SOLID
  5
A30
330
1F
100
AcDbEntity
  8
PDF_솔리드 채우기
440
33554559
100
AcDbTrace
 10
79273.7394571198
 20
14348.848699958042
 30
0.0
 11
79289.2588555444
 21
14426.44802006847
 31
0.0
 12
79196.1431116599
 22
14426.44802006847
 32
0.0
 13
79196.1431116599
 23
14426.44802006847
 33
0.0
  0
LWPOLYLINE
  5
A32
330
1F
100
AcDbEntity
  8
PDF_형상
370
5
100
AcDbPolyline
 90
2
 70
0
 10
81694.85045356558
 20
15621.481274548838
 10
81694.85045356558
 20
14022.930857098028
  0
LWPOLYLINE
  5
A33
330
1F
100
AcDbEntity
  8
PDF_형상
370
5
100
AcDbPolyline
 90
2
 70
0
 10
78792.62594868946
 20
14426.44802006847
 10
82098.36761653605
 20
14426.44802006847
  0
SOLID
  5
A34
330
1F
100
AcDbEntity
  8
PDF_솔리드 채우기
440
33554559
100
AcDbTrace
 10
79103.01947848492
 20
14426.44802006847
 30
0.0
 11
79118.54663686735
 21
14348.848699958042
 31
0.0
 12
79196.1431116599
 22
14426.44802006847
 32
0.0
 13
79196.1431116599
 23
14426.44802006847
 33
0.0
  0
SOLID
  5
A35
330
1F
100
AcDbEntity
  8
PDF_솔리드 채우기
440
33554559
100
AcDbTrace
 10
79118.54663686735
 20
14348.848699958042
 30
0.0
 11
79196.1431116599
 21
14317.809127113018
 31
0.0
 12
79196.1431116599
 22
14426.44802006847
 32
0.0
 13
79196.1431116599
 23
14426.44802006847
 33
0.0
  0
SOLID
  5
A36
330
1F
100
AcDbEntity
  8
PDF_솔리드 채우기
440
33554559
100
AcDbTrace
 10
79196.1431116599
 20
14317.809127113018
 30
0.0
 11
79273.7394571198
 21
14348.848699958042
 31
0.0
 12
79196.1431116599
 22
14426.44802006847
 32
0.0
 13
79196.1431116599
 23
14426.44802006847
 33
0.0
  0
SOLID
  5
A37
330
1F
100
AcDbEntity
  8
PDF_솔리드 채우기
440
33554559
100
AcDbTrace
 10
79273.7394571198
 20
14348.848699958042
 30
0.0
 11
79289.2588555444
 21
14426.44802006847
 31
0.0
 12
79196.1431116599
 22
14426.44802006847
 32
0.0
 13
79196.1431116599
 23
14426.44802006847
 33
0.0
  0
SOLID
  5
A38
330
1F
100
AcDbEntity
  8
PDF_솔리드 채우기
440
33554559
100
AcDbTrace
 10
79289.2588555444
 20
14426.44802006847
 30
0.0
 11
79273.7394571198
 21
14488.52820041954
 31
0.0
 12
79196.1431116599
 22
14426.44802006847
 32
0.0
 13
79196.1431116599
 23
14426.44802006847
 33
0.0
  0
SOLID
  5
A39
330
1F
100
AcDbEntity
  8
PDF_솔리드 채우기
440
33554559
100
AcDbTrace
 10
79273.7394571198
 20
14488.52820041954
 30
0.0
 11
79196.1431116599
 21
14519.567773264564
 31
0.0
 12
79196.1431116599
 22
14426.44802006847
 32
0.0
 13
79196.1431116599
 23
14426.44802006847
 33
0.0
  0
SOLID
  5
A3A
330
1F
100
AcDbEntity
  8
PDF_솔리드 채우기
440
33554559
100
AcDbTrace
 10
79196.1431116599
 20
14519.567773264564
 30
0.0
 11
79118.54663686735
 21
14488.52820041954
 31
0.0
 12
79196.1431116599
 22
14426.44802006847
 32
0.0
 13
79196.1431116599
 23
14426.44802006847
 33
0.0
  0
SOLID
  5
A3B
330
1F
100
AcDbEntity
  8
PDF_솔리드 채우기
440
33554559
100
AcDbTrace
 10
79118.54663686735
 20
14488.52820041954
 30
0.0
 11
79103.01947848492
 21
14426.44802006847
 31
0.0
 12
79196.1431116599
 22
14426.44802006847
 32
0.0
 13
79196.1431116599
 23
14426.44802006847
 33
0.0
  0
SOLID
  5
A3C
330
1F
100
AcDbEntity
  8
PDF_솔리드 채우기
440
33554559
100
AcDbTrace
 10
81787.9661974501
 20
14426.44802006847
 30
0.0
 11
81772.44692835816
 21
14488.52820041954
 31
0.0
 12
81694.85045356558
 22
14426.44802006847
 32
0.0
 13
81694.85045356558
 23
14426.44802006847
 33
0.0
  0
SOLID
  5
A3D
330
1F
100
AcDbEntity
  8
PDF_솔리드 채우기
440
33554559
100
AcDbTrace
 10
81772.44692835816
 20
14488.52820041954
 30
0.0
 11
81694.85045356558
 21
14519.567773264564
 31
0.0
 12
81694.85045356558
 22
14426.44802006847
 32
0.0
 13
81694.85045356558
 23
14426.44802006847
 33
0.0
  0
SOLID
  5
A3E
330
1F
100
AcDbEntity
  8
PDF_솔리드 채우기
440
33554559
100
AcDbTrace
 10
81694.85045356558
 20
14519.567773264564
 30
0.0
 11
81617.24621881511
 21
14488.52820041954
 31
0.0
 12
81694.85045356558
 22
14426.44802006847
 32
0.0
 13
81694.85045356558
 23
14426.44802006847
 33
0.0
  0
SOLID
  5
A3F
330
1F
100
AcDbEntity
  8
PDF_솔리드 채우기
440
33554559
100
AcDbTrace
 10
81617.24621881511
 20
14488.52820041954
 30
0.0
 11
81601.72682039054
 21
14426.44802006847
 31
0.0
 12
81694.85045356558
 22
14426.44802006847
 32
0.0
 13
81694.85045356558
 23
14426.44802006847
 33
0.0
  0
SOLID
  5
A40
330
1F
100
AcDbEntity
  8
PDF_솔리드 채우기
440
33554559
100
AcDbTrace
 10
81601.72682039054
 20
14426.44802006847
 30
0.0
 11
81617.24621881511
 21
14348.848699958042
 31
0.0
 12
81694.85045356558
 22
14426.44802006847
 32
0.0
 13
81694.85045356558
 23
14426.44802006847
 33
0.0
  0
SOLID
  5
A41
330
1F
100
AcDbEntity
  8
PDF_솔리드 채우기
440
33554559
100
AcDbTrace
 10
81617.24621881511
 20
14348.848699958042
 30
0.0
 11
81694.85045356558
 21
14317.809127113018
 31
0.0
 12
81694.85045356558
 22
14426.44802006847
 32
0.0
 13
81694.85045356558
 23
14426.44802006847
 33
0.0
  0
SOLID
  5
A42
330
1F
100
AcDbEntity
  8
PDF_솔리드 채우기
440
33554559
100
AcDbTrace
 10
81694.85045356558
 20
14317.809127113018
 30
0.0
 11
81772.44692835816
 21
14348.848699958042
 31
0.0
 12
81694.85045356558
 22
14426.44802006847
 32
0.0
 13
81694.85045356558
 23
14426.44802006847
 33
0.0
  0
SOLID
  5
A43
330
1F
100
AcDbEntity
  8
PDF_솔리드 채우기
440
33554559
100
AcDbTrace
 10
81772.44692835816
 20
14348.848699958042
 30
0.0
 11
81787.9661974501
 21
14426.44802006847
 31
0.0
 12
81694.85045356558
 22
14426.44802006847
 32
0.0
 13
81694.85045356558
 23
14426.44802006847
 33
0.0
  0
CIRCLE
  5
A44
330
1F
100
AcDbEntity
  8
PDF_형상
370
5
100
AcDbCircle
 10
56709.21958298753
 20
105466.02940635217
 30
0.0
 40
1193.5971982478477
  0
CIRCLE
  5
A45
330
1F
100
AcDbEntity
  8
PDF_형상
370
5
100
AcDbCircle
 10
64205.341199187256
 20
105466.02828374007
 30
0.0
 40
1193.5977373308021
  0
CIRCLE
  5
A46
330
1F
100
AcDbEntity
  8
PDF_형상
370
5
100
AcDbCircle
 10
71701.4560037965
 20
105466.02940635246
 30
0.0
 40
1193.5971982476
  0
CIRCLE
  5
A47
330
1F
100
AcDbEntity
  8
PDF_형상
370
5
100
AcDbCircle
 10
79197.57815884567
 20
105466.02940635217
 30
0.0
 40
1193.597198248046
  0
CIRCLE
  5
A48
330
1F
100
AcDbEntity
  8
PDF_형상
370
5
100
AcDbCircle
 10
86693.69977504502
 20
105466.02828373967
 30
0.0
 40
1193.597737331398
  0
CIRCLE
  5
A49
330
1F
100
AcDbEntity
  8
PDF_형상
370
5
100
AcDbCircle
 10
94189.81457965622
 20
105466.02940635226
 30
0.0
 40
1193.5971982462925
  0
CIRCLE
  5
A4A
330
1F
100
AcDbEntity
  8
PDF_형상
370
5
100
AcDbCircle
 10
101685.9361958542
 20
105466.02828373967
 30
0.0
 40
1193.5977373310175
  0
CIRCLE
  5
A4B
330
1F
100
AcDbEntity
  8
PDF_형상
370
5
100
AcDbCircle
 10
109182.0583509046
 20
105466.02828374034
 30
0.0
 40
1193.597737330223
  0
CIRCLE
  5
A4C
330
1F
100
AcDbEntity
  8
PDF_형상
370
5
100
AcDbCircle
 10
49208.437178636304
 20
8425.839076711054
 30
0.0
 40
1198.2745059503611
  0
CIRCLE
  5
A4D
330
1F
100
AcDbEntity
  8
PDF_형상
370
5
100
AcDbCircle
 10
64200.67721637974
 20
8425.838537685842
 30
0.0
 40
1198.2747664738577
  0
CIRCLE
  5
A4E
330
1F
100
AcDbEntity
  8
PDF_형상
370
5
100
AcDbCircle
 10
71696.79201699201
 20
8425.839633696516
 30
0.0
 40
1198.2742367465146
  0
CIRCLE
  5
A4F
330
1F
100
AcDbEntity
  8
PDF_형상
370
5
100
AcDbCircle
 10
79192.91417204162
 20
8425.839633696487
 30
0.0
 40
1198.2742367465146
  0
CIRCLE
  5
A50
330
1F
100
AcDbEntity
  8
PDF_형상
370
5
100
AcDbCircle
 10
86689.03579223806
 20
8425.838537685813
 30
0.0
 40
1198.274766473842
  0
CIRCLE
  5
A51
330
1F
100
AcDbEntity
  8
PDF_형상
370
5
100
AcDbCircle
 10
94185.15059285039
 20
8425.839633696465
 30
0.0
 40
1198.2742367464978
  0
CIRCLE
  5
A52
330
1F
100
AcDbEntity
  8
PDF_형상
370
5
100
AcDbCircle
 10
101681.27221304695
 20
8425.838537685835
 30
0.0
 40
1198.2747664738083
  0
CIRCLE
  5
A53
330
1F
100
AcDbEntity
  8
PDF_형상
370
5
100
AcDbCircle
 10
109177.39436809641
 20
8425.838537685842
 30
0.0
 40
1198.2747664739081
  0
CIRCLE
  5
A54
330
1F
100
AcDbEntity
  8
PDF_형상
370
5
100
AcDbCircle
 10
56704.55559618327
 20
8425.839633696494
 30
0.0
 40
1198.2742367464978
  0
CIRCLE
  5
A55
330
1F
100
AcDbEntity
  8
PDF_형상
370
5
100
AcDbCircle
 10
19219.19948653756
 20
8428.291382866104
 30
0.0
 40
1203.0492052166608
  0
CIRCLE
  5
A56
330
1F
100
AcDbEntity
  8
PDF_형상
370
5
100
AcDbCircle
 10
26715.317752559626
 20
8428.291364175551
 30
0.0
 40
1203.0492141400055
  0
CIRCLE
  5
A57
330
1F
100
AcDbEntity
  8
PDF_형상
370
5
100
AcDbCircle
 10
34211.43589829773
 20
8428.29136417558
 30
0.0
 40
1203.0492141399648
  0
CIRCLE
  5
A58
330
1F
100
AcDbEntity
  8
PDF_형상
370
5
100
AcDbCircle
 10
41707.558053347326
 20
8428.291364175551
 30
0.0
 40
1203.0492141399804
  0
CIRCLE
  5
A59
330
1F
100
AcDbEntity
  8
PDF_형상
370
5
100
AcDbCircle
 10
19223.809767915358
 20
105468.48698290807
 30
0.0
 40
1198.4140293242924
  0
CIRCLE
  5
A5A
330
1F
100
AcDbEntity
  8
PDF_형상
370
5
100
AcDbCircle
 10
26719.928033877804
 20
105468.48696378068
 30
0.0
 40
1198.414038397235
  0
CIRCLE
  5
A5B
330
1F
100
AcDbEntity
  8
PDF_형상
370
5
100
AcDbCircle
 10
34216.04617961559
 20
105468.48696378068
 30
0.0
 40
1198.4140383975162
  0
CIRCLE
  5
A5C
330
1F
100
AcDbEntity
  8
PDF_형상
370
5
100
AcDbCircle
 10
41712.16833466549
 20
105468.48696378068
 30
0.0
 40
1198.4140383972517
  0
LWPOLYLINE
  5
A5D
330
1F
100
AcDbEntity
  8
PDF_형상
370
5
100
AcDbPolyline
 90
2
 70
1
 10
34219.42595994317
 20
12424.379534318789
 10
34219.42595994317
 20
15621.481274548838
  0
LWPOLYLINE
  5
A5E
330
1F
100
AcDbEntity
  8
PDF_형상
370
5
100
AcDbPolyline
 90
2
 70
1
 10
41715.54423501385
 20
12424.379534318789
 10
41715.54423501385
 20
15621.481274548838
  0
LWPOLYLINE
  5
A5F
330
1F
100
AcDbEntity
  8
PDF_형상
370
5
100
AcDbPolyline
 90
2
 70
0
 10
33815.908796972726
 20
12827.89669728923
 10
42103.54212889231
 20
12827.89669728923
  0
SOLID
  5
A60
330
1F
100
AcDbEntity
  8
PDF_솔리드 채우기
440
33554559
100
AcDbTrace
 10
34110.78706698773
 20
12827.89669728923
 30
0.0
 11
34141.82560517169
 21
12750.297247846167
 31
0.0
 12
34219.42595994317
 22
12827.89669728923
 32
0.0
 13
34219.42595994317
 23
12827.89669728923
 33
0.0
  0
SOLID
  5
A61
330
1F
100
AcDbEntity
  8
PDF_솔리드 채우기
440
33554559
100
AcDbTrace
 10
34141.82560517169
 20
12750.297247846167
 30
0.0
 11
34219.42595994317
 21
12719.257804333793
 31
0.0
 12
34219.42595994317
 22
12827.89669728923
 32
0.0
 13
34219.42595994317
 23
12827.89669728923
 33
0.0
  0
SOLID
  5
A62
330
1F
100
AcDbEntity
  8
PDF_솔리드 채우기
440
33554559
100
AcDbTrace
 10
34219.42595994317
 20
12719.257804333793
 30
0.0
 11
34281.50704562265
 21
12750.297247846167
 31
0.0
 12
34219.42595994317
 22
12827.89669728923
 32
0.0
 13
34219.42595994317
 23
12827.89669728923
 33
0.0
  0
SOLID
  5
A63
330
1F
100
AcDbEntity
  8
PDF_솔리드 채우기
440
33554559
100
AcDbTrace
 10
34281.50704562265
 20
12750.297247846167
 30
0.0
 11
34312.54558380663
 21
12827.89669728923
 31
0.0
 12
34219.42595994317
 22
12827.89669728923
 32
0.0
 13
34219.42595994317
 23
12827.89669728923
 33
0.0
  0
SOLID
  5
A64
330
1F
100
AcDbEntity
  8
PDF_솔리드 채우기
440
33554559
100
AcDbTrace
 10
34312.54558380663
 20
12827.89669728923
 30
0.0
 11
34281.50704562265
 21
12889.97674830768
 31
0.0
 12
34219.42595994317
 22
12827.89669728923
 32
0.0
 13
34219.42595994317
 23
12827.89669728923
 33
0.0
  0
SOLID
  5
A65
330
1F
100
AcDbEntity
  8
PDF_솔리드 채우기
440
33554559
100
AcDbTrace
 10
34281.50704562265
 20
12889.97674830768
 30
0.0
 11
34219.42595994317
 21
12921.016321152689
 31
0.0
 12
34219.42595994317
 22
12827.89669728923
 32
0.0
 13
34219.42595994317
 23
12827.89669728923
 33
0.0
  0
SOLID
  5
A66
330
1F
100
AcDbEntity
  8
PDF_솔리드 채우기
440
33554559
100
AcDbTrace
 10
34219.42595994317
 20
12921.016321152689
 30
0.0
 11
34141.82560517169
 21
12889.97674830768
 31
0.0
 12
34219.42595994317
 22
12827.89669728923
 32
0.0
 13
34219.42595994317
 23
12827.89669728923
 33
0.0
  0
SOLID
  5
A67
330
1F
100
AcDbEntity
  8
PDF_솔리드 채우기
440
33554559
100
AcDbTrace
 10
34141.82560517169
 20
12889.97674830768
 30
0.0
 11
34110.78706698773
 21
12827.89669728923
 31
0.0
 12
34219.42595994317
 22
12827.89669728923
 32
0.0
 13
34219.42595994317
 23
12827.89669728923
 33
0.0
  0
SOLID
  5
A68
330
1F
100
AcDbEntity
  8
PDF_솔리드 채우기
440
33554559
100
AcDbTrace
 10
41808.663858877306
 20
12827.89669728923
 30
0.0
 11
41777.62532069335
 21
12889.97674830768
 31
0.0
 12
41715.54423501385
 22
12827.89669728923
 32
0.0
 13
41715.54423501385
 23
12827.89669728923
 33
0.0
  0
SOLID
  5
A69
330
1F
100
AcDbEntity
  8
PDF_솔리드 채우기
440
33554559
100
AcDbTrace
 10
41777.62532069335
 20
12889.97674830768
 30
0.0
 11
41715.54423501385
 21
12921.016321152689
 31
0.0
 12
41715.54423501385
 22
12827.89669728923
 32
0.0
 13
41715.54423501385
 23
12827.89669728923
 33
0.0
  0
SOLID
  5
A6A
330
1F
100
AcDbEntity
  8
PDF_솔리드 채우기
440
33554559
100
AcDbTrace
 10
41715.54423501385
 20
12921.016321152689
 30
0.0
 11
41637.9477602213
 21
12889.97674830768
 31
0.0
 12
41715.54423501385
 22
12827.89669728923
 32
0.0
 13
41715.54423501385
 23
12827.89669728923
 33
0.0
  0
SOLID
  5
A6B
330
1F
100
AcDbEntity
  8
PDF_솔리드 채우기
440
33554559
100
AcDbTrace
 10
41637.9477602213
 20
12889.97674830768
 30
0.0
 11
41606.90521272579
 21
12827.89669728923
 31
0.0
 12
41715.54423501385
 22
12827.89669728923
 32
0.0
 13
41715.54423501385
 23
12827.89669728923
 33
0.0
  0
SOLID
  5
A6C
330
1F
100
AcDbEntity
  8
PDF_솔리드 채우기
440
33554559
100
AcDbTrace
 10
41606.90521272579
 20
12827.89669728923
 30
0.0
 11
41637.9477602213
 21
12750.297247846167
 31
0.0
 12
41715.54423501385
 22
12827.89669728923
 32
0.0
 13
41715.54423501385
 23
12827.89669728923
 33
0.0
  0
SOLID
  5
A6D
330
1F
100
AcDbEntity
  8
PDF_솔리드 채우기
440
33554559
100
AcDbTrace
 10
41637.9477602213
 20
12750.297247846167
 30
0.0
 11
41715.54423501385
 21
12719.257804333793
 31
0.0
 12
41715.54423501385
 22
12827.89669728923
 32
0.0
 13
41715.54423501385
 23
12827.89669728923
 33
0.0
  0
SOLID
  5
A6E
330
1F
100
AcDbEntity
  8
PDF_솔리드 채우기
440
33554559
100
AcDbTrace
 10
41715.54423501385
 20
12719.257804333793
 30
0.0
 11
41777.62532069335
 21
12750.297247846167
 31
0.0
 12
41715.54423501385
 22
12827.89669728923
 32
0.0
 13
41715.54423501385
 23
12827.89669728923
 33
0.0
  0
SOLID
  5
A6F
330
1F
100
AcDbEntity
  8
PDF_솔리드 채우기
440
33554559
100
AcDbTrace
 10
41777.62532069335
 20
12750.297247846167
 30
0.0
 11
41808.663858877306
 21
12827.89669728923
 31
0.0
 12
41715.54423501385
 22
12827.89669728923
 32
0.0
 13
41715.54423501385
 23
12827.89669728923
 33
0.0
  0
LWPOLYLINE
  5
A70
330
1F
100
AcDbEntity
  8
PDF_형상
370
5
100
AcDbPolyline
 90
2
 70
1
 10
26723.30781420511
 20
12424.379534318789
 10
26723.30781420511
 20
15621.481274548838
  0
LWPOLYLINE
  5
A72
330
1F
100
AcDbEntity
  8
PDF_형상
370
5
100
AcDbPolyline
 90
2
 70
0
 10
26319.790651234667
 20
12827.89669728923
 10
34607.423853821616
 20
12827.89669728923
  0
SOLID
  5
A73
330
1F
100
AcDbEntity
  8
PDF_솔리드 채우기
440
33554559
100
AcDbTrace
 10
26614.66879191702
 20
12827.89669728923
 30
0.0
 11
26645.70745943363
 21
12750.297247846167
 31
0.0
 12
26723.30781420511
 22
12827.89669728923
 32
0.0
 13
26723.30781420511
 23
12827.89669728923
 33
0.0
  0
SOLID
  5
A74
330
1F
100
AcDbEntity
  8
PDF_솔리드 채우기
440
33554559
100
AcDbTrace
 10
26645.70745943363
 20
12750.297247846167
 30
0.0
 11
26723.30781420511
 21
12719.257804333793
 31
0.0
 12
26723.30781420511
 22
12827.89669728923
 32
0.0
 13
26723.30781420511
 23
12827.89669728923
 33
0.0
  0
SOLID
  5
A75
330
1F
100
AcDbEntity
  8
PDF_솔리드 채우기
440
33554559
100
AcDbTrace
 10
26723.30781420511
 20
12719.257804333793
 30
0.0
 11
26785.388899884594
 21
12750.297247846167
 31
0.0
 12
26723.30781420511
 22
12827.89669728923
 32
0.0
 13
26723.30781420511
 23
12827.89669728923
 33
0.0
  0
SOLID
  5
A76
330
1F
100
AcDbEntity
  8
PDF_솔리드 채우기
440
33554559
100
AcDbTrace
 10
26785.388899884594
 20
12750.297247846167
 30
0.0
 11
26816.427438068567
 21
12827.89669728923
 31
0.0
 12
26723.30781420511
 22
12827.89669728923
 32
0.0
 13
26723.30781420511
 23
12827.89669728923
 33
0.0
  0
SOLID
  5
A77
330
1F
100
AcDbEntity
  8
PDF_솔리드 채우기
440
33554559
100
AcDbTrace
 10
26816.427438068567
 20
12827.89669728923
 30
0.0
 11
26785.388899884594
 21
12889.97674830768
 31
0.0
 12
26723.30781420511
 22
12827.89669728923
 32
0.0
 13
26723.30781420511
 23
12827.89669728923
 33
0.0
  0
SOLID
  5
A78
330
1F
100
AcDbEntity
  8
PDF_솔리드 채우기
440
33554559
100
AcDbTrace
 10
26785.388899884594
 20
12889.97674830768
 30
0.0
 11
26723.30781420511
 21
12921.016321152689
 31
0.0
 12
26723.30781420511
 22
12827.89669728923
 32
0.0
 13
26723.30781420511
 23
12827.89669728923
 33
0.0
  0
SOLID
  5
A79
330
1F
100
AcDbEntity
  8
PDF_솔리드 채우기
440
33554559
100
AcDbTrace
 10
26723.30781420511
 20
12921.016321152689
 30
0.0
 11
26645.70745943363
 21
12889.97674830768
 31
0.0
 12
26723.30781420511
 22
12827.89669728923
 32
0.0
 13
26723.30781420511
 23
12827.89669728923
 33
0.0
  0
SOLID
  5
A7A
330
1F
100
AcDbEntity
  8
PDF_솔리드 채우기
440
33554559
100
AcDbTrace
 10
26645.70745943363
 20
12889.97674830768
 30
0.0
 11
26614.66879191702
 21
12827.89669728923
 31
0.0
 12
26723.30781420511
 22
12827.89669728923
 32
0.0
 13
26723.30781420511
 23
12827.89669728923
 33
0.0
  0
SOLID
  5
A7B
330
1F
100
AcDbEntity
  8
PDF_솔리드 채우기
440
33554559
100
AcDbTrace
 10
34312.54558380663
 20
12827.89669728923
 30
0.0
 11
34281.50704562265
 21
12889.97674830768
 31
0.0
 12
34219.42595994317
 22
12827.89669728923
 32
0.0
 13
34219.42595994317
 23
12827.89669728923
 33
0.0
  0
SOLID
  5
A7C
330
1F
100
AcDbEntity
  8
PDF_솔리드 채우기
440
33554559
100
AcDbTrace
 10
34281.50704562265
 20
12889.97674830768
 30
0.0
 11
34219.42595994317
 21
12921.016321152689
 31
0.0
 12
34219.42595994317
 22
12827.89669728923
 32
0.0
 13
34219.42595994317
 23
12827.89669728923
 33
0.0
  0
SOLID
  5
A7D
330
1F
100
AcDbEntity
  8
PDF_솔리드 채우기
440
33554559
100
AcDbTrace
 10
34219.42595994317
 20
12921.016321152689
 30
0.0
 11
34141.82560517169
 21
12889.97674830768
 31
0.0
 12
34219.42595994317
 22
12827.89669728923
 32
0.0
 13
34219.42595994317
 23
12827.89669728923
 33
0.0
  0
SOLID
  5
A7E
330
1F
100
AcDbEntity
  8
PDF_솔리드 채우기
440
33554559
100
AcDbTrace
 10
34141.82560517169
 20
12889.97674830768
 30
0.0
 11
34110.78706698773
 21
12827.89669728923
 31
0.0
 12
34219.42595994317
 22
12827.89669728923
 32
0.0
 13
34219.42595994317
 23
12827.89669728923
 33
0.0
  0
SOLID
  5
A7F
330
1F
100
AcDbEntity
  8
PDF_솔리드 채우기
440
33554559
100
AcDbTrace
 10
34110.78706698773
 20
12827.89669728923
 30
0.0
 11
34141.82560517169
 21
12750.297247846167
 31
0.0
 12
34219.42595994317
 22
12827.89669728923
 32
0.0
 13
34219.42595994317
 23
12827.89669728923
 33
0.0
  0
SOLID
  5
A80
330
1F
100
AcDbEntity
  8
PDF_솔리드 채우기
440
33554559
100
AcDbTrace
 10
34141.82560517169
 20
12750.297247846167
 30
0.0
 11
34219.42595994317
 21
12719.257804333793
 31
0.0
 12
34219.42595994317
 22
12827.89669728923
 32
0.0
 13
34219.42595994317
 23
12827.89669728923
 33
0.0
  0
SOLID
  5
A81
330
1F
100
AcDbEntity
  8
PDF_솔리드 채우기
440
33554559
100
AcDbTrace
 10
34219.42595994317
 20
12719.257804333793
 30
0.0
 11
34281.50704562265
 21
12750.297247846167
 31
0.0
 12
34219.42595994317
 22
12827.89669728923
 32
0.0
 13
34219.42595994317
 23
12827.89669728923
 33
0.0
  0
SOLID
  5
A82
330
1F
100
AcDbEntity
  8
PDF_솔리드 채우기
440
33554559
100
AcDbTrace
 10
34281.50704562265
 20
12750.297247846167
 30
0.0
 11
34312.54558380663
 21
12827.89669728923
 31
0.0
 12
34219.42595994317
 22
12827.89669728923
 32
0.0
 13
34219.42595994317
 23
12827.89669728923
 33
0.0
  0
LWPOLYLINE
  5
A83
330
1F
100
AcDbEntity
  8
PDF_형상
370
5
100
AcDbPolyline
 90
2
 70
0
 10
19211.66639006349
 20
15621.481274548838
 10
19211.66639006349
 20
12424.379534318789
  0
LWPOLYLINE
  5
A85
330
1F
100
AcDbEntity
  8
PDF_형상
370
5
100
AcDbPolyline
 90
2
 70
0
 10
18823.668496185026
 20
12827.89669728923
 10
27111.305708083557
 20
12827.89669728923
  0
SOLID
  5
A86
330
1F
100
AcDbEntity
  8
PDF_솔리드 채우기
440
33554559
100
AcDbTrace
 10
19118.54663686738
 20
12827.89669728923
 30
0.0
 11
19149.58918436292
 21
12750.297247846167
 31
0.0
 12
19211.66639006349
 22
12827.89669728923
 32
0.0
 13
19211.66639006349
 23
12827.89669728923
 33
0.0
  0
SOLID
  5
A87
330
1F
100
AcDbEntity
  8
PDF_솔리드 채우기
440
33554559
100
AcDbTrace
 10
19149.58918436292
 20
12750.297247846167
 30
0.0
 11
19211.66639006349
 21
12719.257804333793
 31
0.0
 12
19211.66639006349
 22
12827.89669728923
 32
0.0
 13
19211.66639006349
 23
12827.89669728923
 33
0.0
  0
SOLID
  5
A88
330
1F
100
AcDbEntity
  8
PDF_솔리드 채우기
440
33554559
100
AcDbTrace
 10
19211.66639006349
 20
12719.257804333793
 30
0.0
 11
19289.266744834968
 21
12750.297247846167
 31
0.0
 12
19211.66639006349
 22
12827.89669728923
 32
0.0
 13
19211.66639006349
 23
12827.89669728923
 33
0.0
  0
SOLID
  5
A89
330
1F
100
AcDbEntity
  8
PDF_솔리드 채우기
440
33554559
100
AcDbTrace
 10
19289.266744834968
 20
12750.297247846167
 30
0.0
 11
19320.30916299786
 21
12827.89669728923
 31
0.0
 12
19211.66639006349
 22
12827.89669728923
 32
0.0
 13
19211.66639006349
 23
12827.89669728923
 33
0.0
  0
SOLID
  5
A8A
330
1F
100
AcDbEntity
  8
PDF_솔리드 채우기
440
33554559
100
AcDbTrace
 10
19320.30916299786
 20
12827.89669728923
 30
0.0
 11
19289.266744834968
 21
12889.97674830768
 31
0.0
 12
19211.66639006349
 22
12827.89669728923
 32
0.0
 13
19211.66639006349
 23
12827.89669728923
 33
0.0
  0
SOLID
  5
A8B
330
1F
100
AcDbEntity
  8
PDF_솔리드 채우기
440
33554559
100
AcDbTrace
 10
19289.266744834968
 20
12889.97674830768
 30
0.0
 11
19211.66639006349
 21
12921.016321152689
 31
0.0
 12
19211.66639006349
 22
12827.89669728923
 32
0.0
 13
19211.66639006349
 23
12827.89669728923
 33
0.0
  0
SOLID
  5
A8C
330
1F
100
AcDbEntity
  8
PDF_솔리드 채우기
440
33554559
100
AcDbTrace
 10
19211.66639006349
 20
12921.016321152689
 30
0.0
 11
19149.58918436292
 21
12889.97674830768
 31
0.0
 12
19211.66639006349
 22
12827.89669728923
 32
0.0
 13
19211.66639006349
 23
12827.89669728923
 33
0.0
  0
SOLID
  5
A8D
330
1F
100
AcDbEntity
  8
PDF_솔리드 채우기
440
33554559
100
AcDbTrace
 10
19149.58918436292
 20
12889.97674830768
 30
0.0
 11
19118.54663686738
 21
12827.89669728923
 31
0.0
 12
19211.66639006349
 22
12827.89669728923
 32
0.0
 13
19211.66639006349
 23
12827.89669728923
 33
0.0
  0
SOLID
  5
A8E
330
1F
100
AcDbEntity
  8
PDF_솔리드 채우기
440
33554559
100
AcDbTrace
 10
26816.427438068567
 20
12827.89669728923
 30
0.0
 11
26785.388899884594
 21
12889.97674830768
 31
0.0
 12
26723.30781420511
 22
12827.89669728923
 32
0.0
 13
26723.30781420511
 23
12827.89669728923
 33
0.0
  0
SOLID
  5
A8F
330
1F
100
AcDbEntity
  8
PDF_솔리드 채우기
440
33554559
100
AcDbTrace
 10
26785.388899884594
 20
12889.97674830768
 30
0.0
 11
26723.30781420511
 21
12921.016321152689
 31
0.0
 12
26723.30781420511
 22
12827.89669728923
 32
0.0
 13
26723.30781420511
 23
12827.89669728923
 33
0.0
  0
SOLID
  5
A90
330
1F
100
AcDbEntity
  8
PDF_솔리드 채우기
440
33554559
100
AcDbTrace
 10
26723.30781420511
 20
12921.016321152689
 30
0.0
 11
26645.70745943363
 21
12889.97674830768
 31
0.0
 12
26723.30781420511
 22
12827.89669728923
 32
0.0
 13
26723.30781420511
 23
12827.89669728923
 33
0.0
  0
SOLID
  5
A91
330
1F
100
AcDbEntity
  8
PDF_솔리드 채우기
440
33554559
100
AcDbTrace
 10
26645.70745943363
 20
12889.97674830768
 30
0.0
 11
26614.66879191702
 21
12827.89669728923
 31
0.0
 12
26723.30781420511
 22
12827.89669728923
 32
0.0
 13
26723.30781420511
 23
12827.89669728923
 33
0.0
  0
SOLID
  5
A92
330
1F
100
AcDbEntity
  8
PDF_솔리드 채우기
440
33554559
100
AcDbTrace
 10
26614.66879191702
 20
12827.89669728923
 30
0.0
 11
26645.70745943363
 21
12750.297247846167
 31
0.0
 12
26723.30781420511
 22
12827.89669728923
 32
0.0
 13
26723.30781420511
 23
12827.89669728923
 33
0.0
  0
SOLID
  5
A93
330
1F
100
AcDbEntity
  8
PDF_솔리드 채우기
440
33554559
100
AcDbTrace
 10
26645.70745943363
 20
12750.297247846167
 30
0.0
 11
26723.30781420511
 21
12719.257804333793
 31
0.0
 12
26723.30781420511
 22
12827.89669728923
 32
0.0
 13
26723.30781420511
 23
12827.89669728923
 33
0.0
  0
SOLID
  5
A94
330
1F
100
AcDbEntity
  8
PDF_솔리드 채우기
440
33554559
100
AcDbTrace
 10
26723.30781420511
 20
12719.257804333793
 30
0.0
 11
26785.388899884594
 21
12750.297247846167
 31
0.0
 12
26723.30781420511
 22
12827.89669728923
 32
0.0
 13
26723.30781420511
 23
12827.89669728923
 33
0.0
  0
SOLID
  5
A95
330
1F
100
AcDbEntity
  8
PDF_솔리드 채우기
440
33554559
100
AcDbTrace
 10
26785.388899884594
 20
12750.297247846167
 30
0.0
 11
26816.427438068567
 21
12827.89669728923
 31
0.0
 12
26723.30781420511
 22
12827.89669728923
 32
0.0
 13
26723.30781420511
 23
12827.89669728923
 33
0.0
  0
LWPOLYLINE
  5
A98
330
1F
100
AcDbEntity
  8
PDF_형상
370
5
100
AcDbPolyline
 90
2
 70
0
 10
41312.026942710785
 20
12827.89669728923
 10
45114.405526723844
 20
12827.89669728923
  0
SOLID
  5
A99
330
1F
100
AcDbEntity
  8
PDF_솔리드 채우기
440
33554559
100
AcDbTrace
 10
41606.90521272579
 20
12827.89669728923
 30
0.0
 11
41637.9477602213
 21
12750.297247846167
 31
0.0
 12
41715.54423501385
 22
12827.89669728923
 32
0.0
 13
41715.54423501385
 23
12827.89669728923
 33
0.0
  0
SOLID
  5
A9A
330
1F
100
AcDbEntity
  8
PDF_솔리드 채우기
440
33554559
100
AcDbTrace
 10
41637.9477602213
 20
12750.297247846167
 30
0.0
 11
41715.54423501385
 21
12719.257804333793
 31
0.0
 12
41715.54423501385
 22
12827.89669728923
 32
0.0
 13
41715.54423501385
 23
12827.89669728923
 33
0.0
  0
SOLID
  5
A9B
330
1F
100
AcDbEntity
  8
PDF_솔리드 채우기
440
33554559
100
AcDbTrace
 10
41715.54423501385
 20
12719.257804333793
 30
0.0
 11
41777.62532069335
 21
12750.297247846167
 31
0.0
 12
41715.54423501385
 22
12827.89669728923
 32
0.0
 13
41715.54423501385
 23
12827.89669728923
 33
0.0
  0
SOLID
  5
A9C
330
1F
100
AcDbEntity
  8
PDF_솔리드 채우기
440
33554559
100
AcDbTrace
 10
41777.62532069335
 20
12750.297247846167
 30
0.0
 11
41808.663858877306
 21
12827.89669728923
 31
0.0
 12
41715.54423501385
 22
12827.89669728923
 32
0.0
 13
41715.54423501385
 23
12827.89669728923
 33
0.0
  0
SOLID
  5
A9D
330
1F
100
AcDbEntity
  8
PDF_솔리드 채우기
440
33554559
100
AcDbTrace
 10
41808.663858877306
 20
12827.89669728923
 30
0.0
 11
41777.62532069335
 21
12889.97674830768
 31
0.0
 12
41715.54423501385
 22
12827.89669728923
 32
0.0
 13
41715.54423501385
 23
12827.89669728923
 33
0.0
  0
SOLID
  5
A9E
330
1F
100
AcDbEntity
  8
PDF_솔리드 채우기
440
33554559
100
AcDbTrace
 10
41777.62532069335
 20
12889.97674830768
 30
0.0
 11
41715.54423501385
 21
12921.016321152689
 31
0.0
 12
41715.54423501385
 22
12827.89669728923
 32
0.0
 13
41715.54423501385
 23
12827.89669728923
 33
0.0
  0
SOLID
  5
A9F
330
1F
100
AcDbEntity
  8
PDF_솔리드 채우기
440
33554559
100
AcDbTrace
 10
41715.54423501385
 20
12921.016321152689
 30
0.0
 11
41637.9477602213
 21
12889.97674830768
 31
0.0
 12
41715.54423501385
 22
12827.89669728923
 32
0.0
 13
41715.54423501385
 23
12827.89669728923
 33
0.0
  0
SOLID
  5
AA0
330
1F
100
AcDbEntity
  8
PDF_솔리드 채우기
440
33554559
100
AcDbTrace
 10
41637.9477602213
 20
12889.97674830768
 30
0.0
 11
41606.90521272579
 21
12827.89669728923
 31
0.0
 12
41715.54423501385
 22
12827.89669728923
 32
0.0
 13
41715.54423501385
 23
12827.89669728923
 33
0.0
  0
SOLID
  5
AA1
330
1F
100
AcDbEntity
  8
PDF_솔리드 채우기
440
33554559
100
AcDbTrace
 10
44804.00798761686
 20
12827.89669728923
 30
0.0
 11
44772.9694494329
 21
12889.97674830768
 31
0.0
 12
44710.88836375343
 22
12827.89669728923
 32
0.0
 13
44710.88836375343
 23
12827.89669728923
 33
0.0
  0
SOLID
  5
AA2
330
1F
100
AcDbEntity
  8
PDF_솔리드 채우기
440
33554559
100
AcDbTrace
 10
44772.9694494329
 20
12889.97674830768
 30
0.0
 11
44710.88836375343
 21
12921.016321152689
 31
0.0
 12
44710.88836375343
 22
12827.89669728923
 32
0.0
 13
44710.88836375343
 23
12827.89669728923
 33
0.0
  0
SOLID
  5
AA3
330
1F
100
AcDbEntity
  8
PDF_솔리드 채우기
440
33554559
100
AcDbTrace
 10
44710.88836375343
 20
12921.016321152689
 30
0.0
 11
44633.292018293505
 21
12889.97674830768
 31
0.0
 12
44710.88836375343
 22
12827.89669728923
 32
0.0
 13
44710.88836375343
 23
12827.89669728923
 33
0.0
  0
SOLID
  5
AA4
330
1F
100
AcDbEntity
  8
PDF_솔리드 채우기
440
33554559
100
AcDbTrace
 10
44633.292018293505
 20
12889.97674830768
 30
0.0
 11
44602.249470797964
 21
12827.89669728923
 31
0.0
 12
44710.88836375343
 22
12827.89669728923
 32
0.0
 13
44710.88836375343
 23
12827.89669728923
 33
0.0
  0
SOLID
  5
AA5
330
1F
100
AcDbEntity
  8
PDF_솔리드 채우기
440
33554559
100
AcDbTrace
 10
44602.249470797964
 20
12827.89669728923
 30
0.0
 11
44633.292018293505
 21
12750.297247846167
 31
0.0
 12
44710.88836375343
 22
12827.89669728923
 32
0.0
 13
44710.88836375343
 23
12827.89669728923
 33
0.0
  0
SOLID
  5
AA6
330
1F
100
AcDbEntity
  8
PDF_솔리드 채우기
440
33554559
100
AcDbTrace
 10
44633.292018293505
 20
12750.297247846167
 30
0.0
 11
44710.88836375343
 21
12719.257804333793
 31
0.0
 12
44710.88836375343
 22
12827.89669728923
 32
0.0
 13
44710.88836375343
 23
12827.89669728923
 33
0.0
  0
SOLID
  5
AA7
330
1F
100
AcDbEntity
  8
PDF_솔리드 채우기
440
33554559
100
AcDbTrace
 10
44710.88836375343
 20
12719.257804333793
 30
0.0
 11
44772.9694494329
 21
12750.297247846167
 31
0.0
 12
44710.88836375343
 22
12827.89669728923
 32
0.0
 13
44710.88836375343
 23
12827.89669728923
 33
0.0
  0
SOLID
  5
AA8
330
1F
100
AcDbEntity
  8
PDF_솔리드 채우기
440
33554559
100
AcDbTrace
 10
44772.9694494329
 20
12750.297247846167
 30
0.0
 11
44804.00798761686
 21
12827.89669728923
 31
0.0
 12
44710.88836375343
 22
12827.89669728923
 32
0.0
 13
44710.88836375343
 23
12827.89669728923
 33
0.0
  0
LWPOLYLINE
  5
AA9
330
1F
100
AcDbEntity
  8
PDF_형상
 62
1
370
5
100
AcDbPolyline
 90
2
 70
1
 10
34219.42595994317
 20
101074.13768100491
 10
34219.42595994317
 20
97861.51162771022
  0
LWPOLYLINE
  5
AAA
330
1F
100
AcDbEntity
  8
PDF_형상
 62
1
370
5
100
AcDbPolyline
 90
3
 70
0
 10
41715.54423501385
 20
97861.51162771022
 10
41715.54423501385
 20
101074.13768100491
 10
41715.54423501385
 20
97877.0387860928
  0
LWPOLYLINE
  5
AAB
330
1F
100
AcDbEntity
  8
PDF_형상
370
5
100
AcDbPolyline
 90
2
 70
0
 10
33815.908796972726
 20
100670.62038870182
 10
42103.54212889231
 20
100670.62038870182
  0
SOLID
  5
AAC
330
1F
100
AcDbEntity
  8
PDF_솔리드 채우기
440
33554559
100
AcDbTrace
 10
34110.78706698773
 20
100670.62038870182
 30
0.0
 11
34141.82560517169
 21
100593.0240432419
 31
0.0
 12
34219.42595994317
 22
100670.62038870182
 32
0.0
 13
34219.42595994317
 23
100670.62038870182
 33
0.0
  0
SOLID
  5
AAD
330
1F
100
AcDbEntity
  8
PDF_솔리드 채우기
440
33554559
100
AcDbTrace
 10
34141.82560517169
 20
100593.0240432419
 30
0.0
 11
34219.42595994317
 21
100561.97761576751
 31
0.0
 12
34219.42595994317
 22
100670.62038870182
 32
0.0
 13
34219.42595994317
 23
100670.62038870182
 33
0.0
  0
SOLID
  5
AAE
330
1F
100
AcDbEntity
  8
PDF_솔리드 채우기
440
33554559
100
AcDbTrace
 10
34219.42595994317
 20
100561.97761576751
 30
0.0
 11
34281.50704562265
 21
100593.0240432419
 31
0.0
 12
34219.42595994317
 22
100670.62038870182
 32
0.0
 13
34219.42595994317
 23
100670.62038870182
 33
0.0
  0
SOLID
  5
AAF
330
1F
100
AcDbEntity
  8
PDF_솔리드 채우기
440
33554559
100
AcDbTrace
 10
34281.50704562265
 20
100593.0240432419
 30
0.0
 11
34312.54558380663
 21
100670.62038870182
 31
0.0
 12
34219.42595994317
 22
100670.62038870182
 32
0.0
 13
34219.42595994317
 23
100670.62038870182
 33
0.0
  0
SOLID
  5
AB0
330
1F
100
AcDbEntity
  8
PDF_솔리드 채우기
440
33554559
100
AcDbTrace
 10
34312.54558380663
 20
100670.62038870182
 30
0.0
 11
34281.50704562265
 21
100732.69759440239
 31
0.0
 12
34219.42595994317
 22
100670.62038870182
 32
0.0
 13
34219.42595994317
 23
100670.62038870182
 33
0.0
  0
SOLID
  5
AB1
330
1F
100
AcDbEntity
  8
PDF_솔리드 채우기
440
33554559
100
AcDbTrace
 10
34281.50704562265
 20
100732.69759440239
 30
0.0
 11
34219.42595994317
 21
100763.7361325864
 31
0.0
 12
34219.42595994317
 22
100670.62038870182
 32
0.0
 13
34219.42595994317
 23
100670.62038870182
 33
0.0
  0
SOLID
  5
AB2
330
1F
100
AcDbEntity
  8
PDF_솔리드 채우기
440
33554559
100
AcDbTrace
 10
34219.42595994317
 20
100763.7361325864
 30
0.0
 11
34141.82560517169
 21
100732.69759440239
 31
0.0
 12
34219.42595994317
 22
100670.62038870182
 32
0.0
 13
34219.42595994317
 23
100670.62038870182
 33
0.0
  0
SOLID
  5
AB3
330
1F
100
AcDbEntity
  8
PDF_솔리드 채우기
440
33554559
100
AcDbTrace
 10
34141.82560517169
 20
100732.69759440239
 30
0.0
 11
34110.78706698773
 21
100670.62038870182
 31
0.0
 12
34219.42595994317
 22
100670.62038870182
 32
0.0
 13
34219.42595994317
 23
100670.62038870182
 33
0.0
  0
SOLID
  5
AB4
330
1F
100
AcDbEntity
  8
PDF_솔리드 채우기
440
33554559
100
AcDbTrace
 10
41808.663858877306
 20
100670.62038870182
 30
0.0
 11
41777.62532069335
 21
100732.69759440239
 31
0.0
 12
41715.54423501385
 22
100670.62038870182
 32
0.0
 13
41715.54423501385
 23
100670.62038870182
 33
0.0
  0
SOLID
  5
AB5
330
1F
100
AcDbEntity
  8
PDF_솔리드 채우기
440
33554559
100
AcDbTrace
 10
41777.62532069335
 20
100732.69759440239
 30
0.0
 11
41715.54423501385
 21
100763.7361325864
 31
0.0
 12
41715.54423501385
 22
100670.62038870182
 32
0.0
 13
41715.54423501385
 23
100670.62038870182
 33
0.0
  0
SOLID
  5
AB6
330
1F
100
AcDbEntity
  8
PDF_솔리드 채우기
440
33554559
100
AcDbTrace
 10
41715.54423501385
 20
100763.7361325864
 30
0.0
 11
41637.9477602213
 21
100732.69759440239
 31
0.0
 12
41715.54423501385
 22
100670.62038870182
 32
0.0
 13
41715.54423501385
 23
100670.62038870182
 33
0.0
  0
SOLID
  5
AB7
330
1F
100
AcDbEntity
  8
PDF_솔리드 채우기
440
33554559
100
AcDbTrace
 10
41637.9477602213
 20
100732.69759440239
 30
0.0
 11
41606.90521272579
 21
100670.62038870182
 31
0.0
 12
41715.54423501385
 22
100670.62038870182
 32
0.0
 13
41715.54423501385
 23
100670.62038870182
 33
0.0
  0
SOLID
  5
AB8
330
1F
100
AcDbEntity
  8
PDF_솔리드 채우기
440
33554559
100
AcDbTrace
 10
41606.90521272579
 20
100670.62038870182
 30
0.0
 11
41637.9477602213
 21
100593.0240432419
 31
0.0
 12
41715.54423501385
 22
100670.62038870182
 32
0.0
 13
41715.54423501385
 23
100670.62038870182
 33
0.0
  0
SOLID
  5
AB9
330
1F
100
AcDbEntity
  8
PDF_솔리드 채우기
440
33554559
100
AcDbTrace
 10
41637.9477602213
 20
100593.0240432419
 30
0.0
 11
41715.54423501385
 21
100561.97761576751
 31
0.0
 12
41715.54423501385
 22
100670.62038870182
 32
0.0
 13
41715.54423501385
 23
100670.62038870182
 33
0.0
  0
SOLID
  5
ABA
330
1F
100
AcDbEntity
  8
PDF_솔리드 채우기
440
33554559
100
AcDbTrace
 10
41715.54423501385
 20
100561.97761576751
 30
0.0
 11
41777.62532069335
 21
100593.0240432419
 31
0.0
 12
41715.54423501385
 22
100670.62038870182
 32
0.0
 13
41715.54423501385
 23
100670.62038870182
 33
0.0
  0
SOLID
  5
ABB
330
1F
100
AcDbEntity
  8
PDF_솔리드 채우기
440
33554559
100
AcDbTrace
 10
41777.62532069335
 20
100593.0240432419
 30
0.0
 11
41808.663858877306
 21
100670.62038870182
 31
0.0
 12
41715.54423501385
 22
100670.62038870182
 32
0.0
 13
41715.54423501385
 23
100670.62038870182
 33
0.0
  0
LWPOLYLINE
  5
ABC
330
1F
100
AcDbEntity
  8
PDF_형상
 62
1
370
5
100
AcDbPolyline
 90
2
 70
1
 10
26723.30781420511
 20
101074.13768100491
 10
26723.30781420511
 20
97861.51162771022
  0
LWPOLYLINE
  5
ABE
330
1F
100
AcDbEntity
  8
PDF_형상
370
5
100
AcDbPolyline
 90
2
 70
0
 10
26319.790651234667
 20
100670.62038870182
 10
34607.423853821616
 20
100670.62038870182
  0
SOLID
  5
ABF
330
1F
100
AcDbEntity
  8
PDF_솔리드 채우기
440
33554559
100
AcDbTrace
 10
26614.66879191702
 20
100670.62038870182
 30
0.0
 11
26645.70745943363
 21
100593.0240432419
 31
0.0
 12
26723.30781420511
 22
100670.62038870182
 32
0.0
 13
26723.30781420511
 23
100670.62038870182
 33
0.0
  0
SOLID
  5
AC0
330
1F
100
AcDbEntity
  8
PDF_솔리드 채우기
440
33554559
100
AcDbTrace
 10
26645.70745943363
 20
100593.0240432419
 30
0.0
 11
26723.30781420511
 21
100561.97761576751
 31
0.0
 12
26723.30781420511
 22
100670.62038870182
 32
0.0
 13
26723.30781420511
 23
100670.62038870182
 33
0.0
  0
SOLID
  5
AC1
330
1F
100
AcDbEntity
  8
PDF_솔리드 채우기
440
33554559
100
AcDbTrace
 10
26723.30781420511
 20
100561.97761576751
 30
0.0
 11
26785.388899884594
 21
100593.0240432419
 31
0.0
 12
26723.30781420511
 22
100670.62038870182
 32
0.0
 13
26723.30781420511
 23
100670.62038870182
 33
0.0
  0
SOLID
  5
AC2
330
1F
100
AcDbEntity
  8
PDF_솔리드 채우기
440
33554559
100
AcDbTrace
 10
26785.388899884594
 20
100593.0240432419
 30
0.0
 11
26816.427438068567
 21
100670.62038870182
 31
0.0
 12
26723.30781420511
 22
100670.62038870182
 32
0.0
 13
26723.30781420511
 23
100670.62038870182
 33
0.0
  0
SOLID
  5
AC3
330
1F
100
AcDbEntity
  8
PDF_솔리드 채우기
440
33554559
100
AcDbTrace
 10
26816.427438068567
 20
100670.62038870182
 30
0.0
 11
26785.388899884594
 21
100732.69759440239
 31
0.0
 12
26723.30781420511
 22
100670.62038870182
 32
0.0
 13
26723.30781420511
 23
100670.62038870182
 33
0.0
  0
SOLID
  5
AC4
330
1F
100
AcDbEntity
  8
PDF_솔리드 채우기
440
33554559
100
AcDbTrace
 10
26785.388899884594
 20
100732.69759440239
 30
0.0
 11
26723.30781420511
 21
100763.7361325864
 31
0.0
 12
26723.30781420511
 22
100670.62038870182
 32
0.0
 13
26723.30781420511
 23
100670.62038870182
 33
0.0
  0
SOLID
  5
AC5
330
1F
100
AcDbEntity
  8
PDF_솔리드 채우기
440
33554559
100
AcDbTrace
 10
26723.30781420511
 20
100763.7361325864
 30
0.0
 11
26645.70745943363
 21
100732.69759440239
 31
0.0
 12
26723.30781420511
 22
100670.62038870182
 32
0.0
 13
26723.30781420511
 23
100670.62038870182
 33
0.0
  0
SOLID
  5
AC6
330
1F
100
AcDbEntity
  8
PDF_솔리드 채우기
440
33554559
100
AcDbTrace
 10
26645.70745943363
 20
100732.69759440239
 30
0.0
 11
26614.66879191702
 21
100670.62038870182
 31
0.0
 12
26723.30781420511
 22
100670.62038870182
 32
0.0
 13
26723.30781420511
 23
100670.62038870182
 33
0.0
  0
SOLID
  5
AC7
330
1F
100
AcDbEntity
  8
PDF_솔리드 채우기
440
33554559
100
AcDbTrace
 10
34312.54558380663
 20
100670.62038870182
 30
0.0
 11
34281.50704562265
 21
100732.69759440239
 31
0.0
 12
34219.42595994317
 22
100670.62038870182
 32
0.0
 13
34219.42595994317
 23
100670.62038870182
 33
0.0
  0
SOLID
  5
AC8
330
1F
100
AcDbEntity
  8
PDF_솔리드 채우기
440
33554559
100
AcDbTrace
 10
34281.50704562265
 20
100732.69759440239
 30
0.0
 11
34219.42595994317
 21
100763.7361325864
 31
0.0
 12
34219.42595994317
 22
100670.62038870182
 32
0.0
 13
34219.42595994317
 23
100670.62038870182
 33
0.0
  0
SOLID
  5
AC9
330
1F
100
AcDbEntity
  8
PDF_솔리드 채우기
440
33554559
100
AcDbTrace
 10
34219.42595994317
 20
100763.7361325864
 30
0.0
 11
34141.82560517169
 21
100732.69759440239
 31
0.0
 12
34219.42595994317
 22
100670.62038870182
 32
0.0
 13
34219.42595994317
 23
100670.62038870182
 33
0.0
  0
SOLID
  5
ACA
330
1F
100
AcDbEntity
  8
PDF_솔리드 채우기
440
33554559
100
AcDbTrace
 10
34141.82560517169
 20
100732.69759440239
 30
0.0
 11
34110.78706698773
 21
100670.62038870182
 31
0.0
 12
34219.42595994317
 22
100670.62038870182
 32
0.0
 13
34219.42595994317
 23
100670.62038870182
 33
0.0
  0
SOLID
  5
ACB
330
1F
100
AcDbEntity
  8
PDF_솔리드 채우기
440
33554559
100
AcDbTrace
 10
34110.78706698773
 20
100670.62038870182
 30
0.0
 11
34141.82560517169
 21
100593.0240432419
 31
0.0
 12
34219.42595994317
 22
100670.62038870182
 32
0.0
 13
34219.42595994317
 23
100670.62038870182
 33
0.0
  0
SOLID
  5
ACC
330
1F
100
AcDbEntity
  8
PDF_솔리드 채우기
440
33554559
100
AcDbTrace
 10
34141.82560517169
 20
100593.0240432419
 30
0.0
 11
34219.42595994317
 21
100561.97761576751
 31
0.0
 12
34219.42595994317
 22
100670.62038870182
 32
0.0
 13
34219.42595994317
 23
100670.62038870182
 33
0.0
  0
SOLID
  5
ACD
330
1F
100
AcDbEntity
  8
PDF_솔리드 채우기
440
33554559
100
AcDbTrace
 10
34219.42595994317
 20
100561.97761576751
 30
0.0
 11
34281.50704562265
 21
100593.0240432419
 31
0.0
 12
34219.42595994317
 22
100670.62038870182
 32
0.0
 13
34219.42595994317
 23
100670.62038870182
 33
0.0
  0
SOLID
  5
ACE
330
1F
100
AcDbEntity
  8
PDF_솔리드 채우기
440
33554559
100
AcDbTrace
 10
34281.50704562265
 20
100593.0240432419
 30
0.0
 11
34312.54558380663
 21
100670.62038870182
 31
0.0
 12
34219.42595994317
 22
100670.62038870182
 32
0.0
 13
34219.42595994317
 23
100670.62038870182
 33
0.0
  0
LWPOLYLINE
  5
ACF
330
1F
100
AcDbEntity
  8
PDF_형상
 62
1
370
5
100
AcDbPolyline
 90
3
 70
0
 10
19211.66639006349
 20
102672.68706379473
 10
19211.66639006349
 20
97861.51162771022
 10
19211.66639006349
 20
101074.13768100491
  0
LWPOLYLINE
  5
AD1
330
1F
100
AcDbEntity
  8
PDF_형상
370
5
100
AcDbPolyline
 90
2
 70
0
 10
18823.668496185026
 20
100670.62038870182
 10
27111.305708083557
 20
100670.62038870182
  0
SOLID
  5
AD2
330
1F
100
AcDbEntity
  8
PDF_솔리드 채우기
440
33554559
100
AcDbTrace
 10
19118.54663686738
 20
100670.62038870182
 30
0.0
 11
19149.58918436292
 21
100593.0240432419
 31
0.0
 12
19211.66639006349
 22
100670.62038870182
 32
0.0
 13
19211.66639006349
 23
100670.62038870182
 33
0.0
  0
SOLID
  5
AD3
330
1F
100
AcDbEntity
  8
PDF_솔리드 채우기
440
33554559
100
AcDbTrace
 10
19149.58918436292
 20
100593.0240432419
 30
0.0
 11
19211.66639006349
 21
100561.97761576751
 31
0.0
 12
19211.66639006349
 22
100670.62038870182
 32
0.0
 13
19211.66639006349
 23
100670.62038870182
 33
0.0
  0
SOLID
  5
AD4
330
1F
100
AcDbEntity
  8
PDF_솔리드 채우기
440
33554559
100
AcDbTrace
 10
19211.66639006349
 20
100561.97761576751
 30
0.0
 11
19289.266744834968
 21
100593.0240432419
 31
0.0
 12
19211.66639006349
 22
100670.62038870182
 32
0.0
 13
19211.66639006349
 23
100670.62038870182
 33
0.0
  0
SOLID
  5
AD5
330
1F
100
AcDbEntity
  8
PDF_솔리드 채우기
440
33554559
100
AcDbTrace
 10
19289.266744834968
 20
100593.0240432419
 30
0.0
 11
19320.30916299786
 21
100670.62038870182
 31
0.0
 12
19211.66639006349
 22
100670.62038870182
 32
0.0
 13
19211.66639006349
 23
100670.62038870182
 33
0.0
  0
SOLID
  5
AD6
330
1F
100
AcDbEntity
  8
PDF_솔리드 채우기
440
33554559
100
AcDbTrace
 10
19320.30916299786
 20
100670.62038870182
 30
0.0
 11
19289.266744834968
 21
100732.69759440239
 31
0.0
 12
19211.66639006349
 22
100670.62038870182
 32
0.0
 13
19211.66639006349
 23
100670.62038870182
 33
0.0
  0
SOLID
  5
AD7
330
1F
100
AcDbEntity
  8
PDF_솔리드 채우기
440
33554559
100
AcDbTrace
 10
19289.266744834968
 20
100732.69759440239
 30
0.0
 11
19211.66639006349
 21
100763.7361325864
 31
0.0
 12
19211.66639006349
 22
100670.62038870182
 32
0.0
 13
19211.66639006349
 23
100670.62038870182
 33
0.0
  0
SOLID
  5
AD8
330
1F
100
AcDbEntity
  8
PDF_솔리드 채우기
440
33554559
100
AcDbTrace
 10
19211.66639006349
 20
100763.7361325864
 30
0.0
 11
19149.58918436292
 21
100732.69759440239
 31
0.0
 12
19211.66639006349
 22
100670.62038870182
 32
0.0
 13
19211.66639006349
 23
100670.62038870182
 33
0.0
  0
SOLID
  5
AD9
330
1F
100
AcDbEntity
  8
PDF_솔리드 채우기
440
33554559
100
AcDbTrace
 10
19149.58918436292
 20
100732.69759440239
 30
0.0
 11
19118.54663686738
 21
100670.62038870182
 31
0.0
 12
19211.66639006349
 22
100670.62038870182
 32
0.0
 13
19211.66639006349
 23
100670.62038870182
 33
0.0
  0
SOLID
  5
ADA
330
1F
100
AcDbEntity
  8
PDF_솔리드 채우기
440
33554559
100
AcDbTrace
 10
26816.427438068567
 20
100670.62038870182
 30
0.0
 11
26785.388899884594
 21
100732.69759440239
 31
0.0
 12
26723.30781420511
 22
100670.62038870182
 32
0.0
 13
26723.30781420511
 23
100670.62038870182
 33
0.0
  0
SOLID
  5
ADB
330
1F
100
AcDbEntity
  8
PDF_솔리드 채우기
440
33554559
100
AcDbTrace
 10
26785.388899884594
 20
100732.69759440239
 30
0.0
 11
26723.30781420511
 21
100763.7361325864
 31
0.0
 12
26723.30781420511
 22
100670.62038870182
 32
0.0
 13
26723.30781420511
 23
100670.62038870182
 33
0.0
  0
SOLID
  5
ADC
330
1F
100
AcDbEntity
  8
PDF_솔리드 채우기
440
33554559
100
AcDbTrace
 10
26723.30781420511
 20
100763.7361325864
 30
0.0
 11
26645.70745943363
 21
100732.69759440239
 31
0.0
 12
26723.30781420511
 22
100670.62038870182
 32
0.0
 13
26723.30781420511
 23
100670.62038870182
 33
0.0
  0
SOLID
  5
ADD
330
1F
100
AcDbEntity
  8
PDF_솔리드 채우기
440
33554559
100
AcDbTrace
 10
26645.70745943363
 20
100732.69759440239
 30
0.0
 11
26614.66879191702
 21
100670.62038870182
 31
0.0
 12
26723.30781420511
 22
100670.62038870182
 32
0.0
 13
26723.30781420511
 23
100670.62038870182
 33
0.0
  0
SOLID
  5
ADE
330
1F
100
AcDbEntity
  8
PDF_솔리드 채우기
440
33554559
100
AcDbTrace
 10
26614.66879191702
 20
100670.62038870182
 30
0.0
 11
26645.70745943363
 21
100593.0240432419
 31
0.0
 12
26723.30781420511
 22
100670.62038870182
 32
0.0
 13
26723.30781420511
 23
100670.62038870182
 33
0.0
  0
SOLID
  5
ADF
330
1F
100
AcDbEntity
  8
PDF_솔리드 채우기
440
33554559
100
AcDbTrace
 10
26645.70745943363
 20
100593.0240432419
 30
0.0
 11
26723.30781420511
 21
100561.97761576751
 31
0.0
 12
26723.30781420511
 22
100670.62038870182
 32
0.0
 13
26723.30781420511
 23
100670.62038870182
 33
0.0
  0
SOLID
  5
AE0
330
1F
100
AcDbEntity
  8
PDF_솔리드 채우기
440
33554559
100
AcDbTrace
 10
26723.30781420511
 20
100561.97761576751
 30
0.0
 11
26785.388899884594
 21
100593.0240432419
 31
0.0
 12
26723.30781420511
 22
100670.62038870182
 32
0.0
 13
26723.30781420511
 23
100670.62038870182
 33
0.0
  0
SOLID
  5
AE1
330
1F
100
AcDbEntity
  8
PDF_솔리드 채우기
440
33554559
100
AcDbTrace
 10
26785.388899884594
 20
100593.0240432419
 30
0.0
 11
26816.427438068567
 21
100670.62038870182
 31
0.0
 12
26723.30781420511
 22
100670.62038870182
 32
0.0
 13
26723.30781420511
 23
100670.62038870182
 33
0.0
  0
LWPOLYLINE
  5
AE4
330
1F
100
AcDbEntity
  8
PDF_형상
370
5
100
AcDbPolyline
 90
2
 70
0
 10
41312.026942710785
 20
100670.62038870182
 10
45114.405526723844
 20
100670.62038870182
  0
SOLID
  5
AE5
330
1F
100
AcDbEntity
  8
PDF_솔리드 채우기
440
33554559
100
AcDbTrace
 10
41606.90521272579
 20
100670.62038870182
 30
0.0
 11
41637.9477602213
 21
100593.0240432419
 31
0.0
 12
41715.54423501385
 22
100670.62038870182
 32
0.0
 13
41715.54423501385
 23
100670.62038870182
 33
0.0
  0
SOLID
  5
AE6
330
1F
100
AcDbEntity
  8
PDF_솔리드 채우기
440
33554559
100
AcDbTrace
 10
41637.9477602213
 20
100593.0240432419
 30
0.0
 11
41715.54423501385
 21
100561.97761576751
 31
0.0
 12
41715.54423501385
 22
100670.62038870182
 32
0.0
 13
41715.54423501385
 23
100670.62038870182
 33
0.0
  0
SOLID
  5
AE7
330
1F
100
AcDbEntity
  8
PDF_솔리드 채우기
440
33554559
100
AcDbTrace
 10
41715.54423501385
 20
100561.97761576751
 30
0.0
 11
41777.62532069335
 21
100593.0240432419
 31
0.0
 12
41715.54423501385
 22
100670.62038870182
 32
0.0
 13
41715.54423501385
 23
100670.62038870182
 33
0.0
  0
SOLID
  5
AE8
330
1F
100
AcDbEntity
  8
PDF_솔리드 채우기
440
33554559
100
AcDbTrace
 10
41777.62532069335
 20
100593.0240432419
 30
0.0
 11
41808.663858877306
 21
100670.62038870182
 31
0.0
 12
41715.54423501385
 22
100670.62038870182
 32
0.0
 13
41715.54423501385
 23
100670.62038870182
 33
0.0
  0
SOLID
  5
AE9
330
1F
100
AcDbEntity
  8
PDF_솔리드 채우기
440
33554559
100
AcDbTrace
 10
41808.663858877306
 20
100670.62038870182
 30
0.0
 11
41777.62532069335
 21
100732.69759440239
 31
0.0
 12
41715.54423501385
 22
100670.62038870182
 32
0.0
 13
41715.54423501385
 23
100670.62038870182
 33
0.0
  0
SOLID
  5
AEA
330
1F
100
AcDbEntity
  8
PDF_솔리드 채우기
440
33554559
100
AcDbTrace
 10
41777.62532069335
 20
100732.69759440239
 30
0.0
 11
41715.54423501385
 21
100763.7361325864
 31
0.0
 12
41715.54423501385
 22
100670.62038870182
 32
0.0
 13
41715.54423501385
 23
100670.62038870182
 33
0.0
  0
SOLID
  5
AEB
330
1F
100
AcDbEntity
  8
PDF_솔리드 채우기
440
33554559
100
AcDbTrace
 10
41715.54423501385
 20
100763.7361325864
 30
0.0
 11
41637.9477602213
 21
100732.69759440239
 31
0.0
 12
41715.54423501385
 22
100670.62038870182
 32
0.0
 13
41715.54423501385
 23
100670.62038870182
 33
0.0
  0
SOLID
  5
AEC
330
1F
100
AcDbEntity
  8
PDF_솔리드 채우기
440
33554559
100
AcDbTrace
 10
41637.9477602213
 20
100732.69759440239
 30
0.0
 11
41606.90521272579
 21
100670.62038870182
 31
0.0
 12
41715.54423501385
 22
100670.62038870182
 32
0.0
 13
41715.54423501385
 23
100670.62038870182
 33
0.0
  0
SOLID
  5
AED
330
1F
100
AcDbEntity
  8
PDF_솔리드 채우기
440
33554559
100
AcDbTrace
 10
44804.00798761686
 20
100670.62038870182
 30
0.0
 11
44772.9694494329
 21
100732.69759440239
 31
0.0
 12
44710.88836375343
 22
100670.62038870182
 32
0.0
 13
44710.88836375343
 23
100670.62038870182
 33
0.0
  0
SOLID
  5
AEE
330
1F
100
AcDbEntity
  8
PDF_솔리드 채우기
440
33554559
100
AcDbTrace
 10
44772.9694494329
 20
100732.69759440239
 30
0.0
 11
44710.88836375343
 21
100763.7361325864
 31
0.0
 12
44710.88836375343
 22
100670.62038870182
 32
0.0
 13
44710.88836375343
 23
100670.62038870182
 33
0.0
  0
SOLID
  5
AEF
330
1F
100
AcDbEntity
  8
PDF_솔리드 채우기
440
33554559
100
AcDbTrace
 10
44710.88836375343
 20
100763.7361325864
 30
0.0
 11
44633.292018293505
 21
100732.69759440239
 31
0.0
 12
44710.88836375343
 22
100670.62038870182
 32
0.0
 13
44710.88836375343
 23
100670.62038870182
 33
0.0
  0
SOLID
  5
AF0
330
1F
100
AcDbEntity
  8
PDF_솔리드 채우기
440
33554559
100
AcDbTrace
 10
44633.292018293505
 20
100732.69759440239
 30
0.0
 11
44602.249470797964
 21
100670.62038870182
 31
0.0
 12
44710.88836375343
 22
100670.62038870182
 32
0.0
 13
44710.88836375343
 23
100670.62038870182
 33
0.0
  0
SOLID
  5
AF1
330
1F
100
AcDbEntity
  8
PDF_솔리드 채우기
440
33554559
100
AcDbTrace
 10
44602.249470797964
 20
100670.62038870182
 30
0.0
 11
44633.292018293505
 21
100593.0240432419
 31
0.0
 12
44710.88836375343
 22
100670.62038870182
 32
0.0
 13
44710.88836375343
 23
100670.62038870182
 33
0.0
  0
SOLID
  5
AF2
330
1F
100
AcDbEntity
  8
PDF_솔리드 채우기
440
33554559
100
AcDbTrace
 10
44633.292018293505
 20
100593.0240432419
 30
0.0
 11
44710.88836375343
 21
100561.97761576751
 31
0.0
 12
44710.88836375343
 22
100670.62038870182
 32
0.0
 13
44710.88836375343
 23
100670.62038870182
 33
0.0
  0
SOLID
  5
AF3
330
1F
100
AcDbEntity
  8
PDF_솔리드 채우기
440
33554559
100
AcDbTrace
 10
44710.88836375343
 20
100561.97761576751
 30
0.0
 11
44772.9694494329
 21
100593.0240432419
 31
0.0
 12
44710.88836375343
 22
100670.62038870182
 32
0.0
 13
44710.88836375343
 23
100670.62038870182
 33
0.0
  0
SOLID
  5
AF4
330
1F
100
AcDbEntity
  8
PDF_솔리드 채우기
440
33554559
100
AcDbTrace
 10
44772.9694494329
 20
100593.0240432419
 30
0.0
 11
44804.00798761686
 21
100670.62038870182
 31
0.0
 12
44710.88836375343
 22
100670.62038870182
 32
0.0
 13
44710.88836375343
 23
100670.62038870182
 33
0.0
  0
LWPOLYLINE
  5
AF7
330
1F
100
AcDbEntity
  8
PDF_형상
370
5
100
AcDbPolyline
 90
2
 70
0
 10
45114.405526723844
 20
102269.16990082429
 10
18823.668496185026
 20
102269.16990082429
  0
SOLID
  5
AF8
330
1F
100
AcDbEntity
  8
PDF_솔리드 채우기
440
33554559
100
AcDbTrace
 10
44804.00798761686
 20
102269.16990082429
 30
0.0
 11
44772.9694494329
 21
102331.25486648269
 31
0.0
 12
44710.88836375343
 22
102269.16990082429
 32
0.0
 13
44710.88836375343
 23
102269.16990082429
 33
0.0
  0
SOLID
  5
AF9
330
1F
100
AcDbEntity
  8
PDF_솔리드 채우기
440
33554559
100
AcDbTrace
 10
44772.9694494329
 20
102331.25486648269
 30
0.0
 11
44710.88836375343
 21
102362.29353399927
 31
0.0
 12
44710.88836375343
 22
102269.16990082429
 32
0.0
 13
44710.88836375343
 23
102269.16990082429
 33
0.0
  0
SOLID
  5
AFA
330
1F
100
AcDbEntity
  8
PDF_솔리드 채우기
440
33554559
100
AcDbTrace
 10
44710.88836375343
 20
102362.29353399927
 30
0.0
 11
44633.292018293505
 21
102331.25486648269
 31
0.0
 12
44710.88836375343
 22
102269.16990082429
 32
0.0
 13
44710.88836375343
 23
102269.16990082429
 33
0.0
  0
SOLID
  5
AFB
330
1F
100
AcDbEntity
  8
PDF_솔리드 채우기
440
33554559
100
AcDbTrace
 10
44633.292018293505
 20
102331.25486648269
 30
0.0
 11
44602.249470797964
 21
102269.16990082429
 31
0.0
 12
44710.88836375343
 22
102269.16990082429
 32
0.0
 13
44710.88836375343
 23
102269.16990082429
 33
0.0
  0
SOLID
  5
AFC
330
1F
100
AcDbEntity
  8
PDF_솔리드 채우기
440
33554559
100
AcDbTrace
 10
44602.249470797964
 20
102269.16990082429
 30
0.0
 11
44633.292018293505
 21
102191.57342603171
 31
0.0
 12
44710.88836375343
 22
102269.16990082429
 32
0.0
 13
44710.88836375343
 23
102269.16990082429
 33
0.0
  0
SOLID
  5
AFD
330
1F
100
AcDbEntity
  8
PDF_솔리드 채우기
440
33554559
100
AcDbTrace
 10
44633.292018293505
 20
102191.57342603171
 30
0.0
 11
44710.88836375343
 21
102160.53488784772
 31
0.0
 12
44710.88836375343
 22
102269.16990082429
 32
0.0
 13
44710.88836375343
 23
102269.16990082429
 33
0.0
  0
SOLID
  5
AFE
330
1F
100
AcDbEntity
  8
PDF_솔리드 채우기
440
33554559
100
AcDbTrace
 10
44710.88836375343
 20
102160.53488784772
 30
0.0
 11
44772.9694494329
 21
102191.57342603171
 31
0.0
 12
44710.88836375343
 22
102269.16990082429
 32
0.0
 13
44710.88836375343
 23
102269.16990082429
 33
0.0
  0
SOLID
  5
AFF
330
1F
100
AcDbEntity
  8
PDF_솔리드 채우기
440
33554559
100
AcDbTrace
 10
44772.9694494329
 20
102191.57342603171
 30
0.0
 11
44804.00798761686
 21
102269.16990082429
 31
0.0
 12
44710.88836375343
 22
102269.16990082429
 32
0.0
 13
44710.88836375343
 23
102269.16990082429
 33
0.0
  0
SOLID
  5
B00
330
1F
100
AcDbEntity
  8
PDF_솔리드 채우기
440
33554559
100
AcDbTrace
 10
19118.54663686738
 20
102269.16990082429
 30
0.0
 11
19149.58918436292
 21
102191.57342603171
 31
0.0
 12
19211.66639006349
 22
102269.16990082429
 32
0.0
 13
19211.66639006349
 23
102269.16990082429
 33
0.0
  0
SOLID
  5
B01
330
1F
100
AcDbEntity
  8
PDF_솔리드 채우기
440
33554559
100
AcDbTrace
 10
19149.58918436292
 20
102191.57342603171
 30
0.0
 11
19211.66639006349
 21
102160.53488784772
 31
0.0
 12
19211.66639006349
 22
102269.16990082429
 32
0.0
 13
19211.66639006349
 23
102269.16990082429
 33
0.0
  0
SOLID
  5
B02
330
1F
100
AcDbEntity
  8
PDF_솔리드 채우기
440
33554559
100
AcDbTrace
 10
19211.66639006349
 20
102160.53488784772
 30
0.0
 11
19289.266744834968
 21
102191.57342603171
 31
0.0
 12
19211.66639006349
 22
102269.16990082429
 32
0.0
 13
19211.66639006349
 23
102269.16990082429
 33
0.0
  0
SOLID
  5
B03
330
1F
100
AcDbEntity
  8
PDF_솔리드 채우기
440
33554559
100
AcDbTrace
 10
19289.266744834968
 20
102191.57342603171
 30
0.0
 11
19320.30916299786
 21
102269.16990082429
 31
0.0
 12
19211.66639006349
 22
102269.16990082429
 32
0.0
 13
19211.66639006349
 23
102269.16990082429
 33
0.0
  0
SOLID
  5
B04
330
1F
100
AcDbEntity
  8
PDF_솔리드 채우기
440
33554559
100
AcDbTrace
 10
19320.30916299786
 20
102269.16990082429
 30
0.0
 11
19289.266744834968
 21
102331.25486648269
 31
0.0
 12
19211.66639006349
 22
102269.16990082429
 32
0.0
 13
19211.66639006349
 23
102269.16990082429
 33
0.0
  0
SOLID
  5
B05
330
1F
100
AcDbEntity
  8
PDF_솔리드 채우기
440
33554559
100
AcDbTrace
 10
19289.266744834968
 20
102331.25486648269
 30
0.0
 11
19211.66639006349
 21
102362.29353399927
 31
0.0
 12
19211.66639006349
 22
102269.16990082429
 32
0.0
 13
19211.66639006349
 23
102269.16990082429
 33
0.0
  0
SOLID
  5
B06
330
1F
100
AcDbEntity
  8
PDF_솔리드 채우기
440
33554559
100
AcDbTrace
 10
19211.66639006349
 20
102362.29353399927
 30
0.0
 11
19149.58918436292
 21
102331.25486648269
 31
0.0
 12
19211.66639006349
 22
102269.16990082429
 32
0.0
 13
19211.66639006349
 23
102269.16990082429
 33
0.0
  0
SOLID
  5
B07
330
1F
100
AcDbEntity
  8
PDF_솔리드 채우기
440
33554559
100
AcDbTrace
 10
19149.58918436292
 20
102331.25486648269
 30
0.0
 11
19118.54663686738
 21
102269.16990082429
 31
0.0
 12
19211.66639006349
 22
102269.16990082429
 32
0.0
 13
19211.66639006349
 23
102269.16990082429
 33
0.0
  0
LWPOLYLINE
  5
B08
330
1F
100
AcDbEntity
  8
PDF_형상
370
5
100
AcDbPolyline
 90
3
 70
0
 10
52579.4891435895
 20
103464.20212064355
 10
54209.077193895864
 20
103464.20212064355
 10
54209.077193895864
 20
102269.16990082429
  0
LWPOLYLINE
  5
B09
330
1F
100
AcDbEntity
  8
PDF_형상
370
5
100
AcDbPolyline
 90
3
 70
0
 10
61084.40427073157
 20
103464.20212064355
 10
62698.472922613306
 20
103464.20212064355
 10
62698.472922613306
 20
102269.16990082429
  0
LWPOLYLINE
  5
B0A
330
1F
100
AcDbEntity
  8
PDF_형상
370
5
100
AcDbPolyline
 90
3
 70
0
 10
68596.03780558267
 20
103464.20212064355
 10
71451.70450318283
 20
103464.20212064355
 10
71451.70450318283
 20
102269.16990082429
  0
LWPOLYLINE
  5
B0B
330
1F
100
AcDbEntity
  8
PDF_형상
370
5
100
AcDbPolyline
 90
3
 70
0
 10
82129.40628405263
 20
103464.20212064355
 10
80701.57687989778
 20
103464.20212064355
 10
80701.57687989778
 20
102269.16990082429
  0
LWPOLYLINE
  5
B0C
330
1F
100
AcDbEntity
  8
PDF_형상
370
5
100
AcDbPolyline
 90
3
 70
0
 10
106061.11353315775
 20
103464.20212064355
 10
107690.70934342202
 20
103464.20212064355
 10
107690.70934342202
 20
102269.16990082429
  0
LWPOLYLINE
  5
B0D
330
1F
100
AcDbEntity
  8
PDF_형상
370
5
100
AcDbPolyline
 90
8
 70
1
 10
85155.7929602877
 20
34416.10028868223
 10
85124.74653281328
 20
34400.58101959025
 10
85109.22726372122
 20
34369.53847209471
 10
85124.74653281328
 20
34322.98053548614
 10
85155.7929602877
 20
34307.46126639416
 10
85186.83149847171
 20
34322.98053548614
 10
85202.35076756366
 20
34369.53847209471
 10
85186.83149847171
 20
34400.58101959025
  0
LWPOLYLINE
  5
B0E
330
1F
100
AcDbEntity
  8
PDF_형상
370
5
100
AcDbPolyline
 90
8
 70
1
 10
85155.7929602877
 20
33112.425166595895
 10
85186.83149847171
 20
33127.94831566682
 10
85202.35076756366
 20
33158.98685385078
 10
85186.83149847171
 20
33205.54479045934
 10
85155.7929602877
 20
33221.067939530265
 10
85124.74653281328
 20
33205.54479045934
 10
85109.22726372122
 20
33158.98685385078
 10
85124.74653281328
 20
33127.94831566682
  0
LWPOLYLINE
  5
B0F
330
1F
100
AcDbEntity
  8
PDF_형상
370
5
100
AcDbPolyline
 90
8
 70
1
 10
82967.47914817742
 20
31715.634300625046
 10
82982.99841726937
 20
31669.074424026992
 10
83014.0448447439
 20
31653.555154935
 10
83060.6027813524
 20
31669.074424026992
 10
83076.12205044446
 20
31715.634300625046
 10
83060.6027813524
 20
31746.674778798457
 10
83014.0448447439
 20
31762.194047890436
 10
82982.99841726937
 20
31746.674778798457
  0
LWPOLYLINE
  5
B10
330
1F
100
AcDbEntity
  8
PDF_형상
370
5
100
AcDbPolyline
 90
8
 70
1
 10
84115.95356072082
 20
31715.634300625046
 10
84100.43429162887
 20
31746.674778798457
 10
84069.39575344486
 20
31762.194047890436
 10
84038.3570859283
 20
31746.674778798457
 10
84022.83781683633
 20
31715.634300625046
 10
84038.3570859283
 20
31669.074424026992
 10
84069.39575344486
 20
31653.555154935
 10
84100.43429162887
 20
31669.074424026992
  0
LWPOLYLINE
  5
B11
330
1F
100
AcDbEntity
  8
PDF_형상
370
5
100
AcDbPolyline
 90
2
 70
0
 10
70303.23009063942
 20
57758.055007069
 10
62357.03296534343
 20
57758.055007069
  0
LWPOLYLINE
  5
B13
330
1F
100
AcDbEntity
  8
PDF_형상
370
5
100
AcDbPolyline
 90
2
 70
0
 10
64405.665337002705
 20
38265.040559950176
 10
64405.665337002705
 20
30411.96111852816
  0
LWPOLYLINE
  5
B14
330
1F
100
AcDbEntity
  8
PDF_형상
370
5
100
AcDbPolyline
 90
2
 70
0
 10
62558.79148216233
 20
72796.8492351537
 10
62558.79148216233
 20
73526.28721563466
  0
LWPOLYLINE
  5
B15
330
1F
100
AcDbEntity
  8
PDF_형상
370
5
100
AcDbPolyline
 90
2
 70
0
 10
62558.79148216233
 20
80308.49065929532
 10
62558.79148216233
 20
87106.21350138055
  0
LWPOLYLINE
  5
B16
330
1F
100
AcDbEntity
  8
PDF_형상
370
5
100
AcDbPolyline
 90
2
 70
0
 10
54162.519257287306
 20
42812.37251355727
 10
54162.519257287306
 20
45869.79772797632
  0
LWPOLYLINE
  5
B17
330
1F
100
AcDbEntity
  8
PDF_형상
370
5
100
AcDbPolyline
 90
2
 70
0
 10
86288.74021444864
 20
38870.31636907216
 10
83014.0448447439
 20
38870.31636907216
  0
LWPOLYLINE
  5
B18
330
1F
100
AcDbEntity
  8
PDF_형상
370
5
100
AcDbPolyline
 90
2
 70
0
 10
57111.30169877199
 20
38761.67747611671
 10
60153.207773431684
 20
38761.67747611671
  0
LWPOLYLINE
  5
B19
330
1F
100
AcDbEntity
  8
PDF_형상
370
5
100
AcDbPolyline
 90
2
 70
0
 10
49553.10246735443
 20
49904.97737630382
 10
53852.11783820139
 20
49904.97737630382
  0
LWPOLYLINE
  5
B1A
330
1F
100
AcDbEntity
  8
PDF_형상
370
5
100
AcDbPolyline
 90
2
 70
0
 10
107737.26728003063
 20
80308.49065929532
 10
107737.26728003063
 20
83396.95454123095
  0
LWPOLYLINE
  5
B1B
330
1F
100
AcDbEntity
  8
PDF_형상
370
5
100
AcDbPolyline
 90
2
 70
0
 10
107737.26728003063
 20
50308.49466860688
 10
107737.26728003063
 20
53412.47781963452
  0
LWPOLYLINE
  5
B1C
330
1F
100
AcDbEntity
  8
PDF_형상
370
5
100
AcDbPolyline
 90
2
 70
0
 10
107737.26728003063
 20
42812.37251355727
 10
107737.26728003063
 20
45916.35566458491
  0
LWPOLYLINE
  5
B1D
330
1F
100
AcDbEntity
  8
PDF_형상
370
5
100
AcDbPolyline
 90
2
 70
0
 10
98642.59561285858
 20
50308.49466860688
 10
98642.59561285858
 20
57106.21738135952
  0
LWPOLYLINE
  5
B1E
330
1F
100
AcDbEntity
  8
PDF_형상
370
5
100
AcDbPolyline
 90
2
 70
0
 10
98642.59561285858
 20
57804.61281434495
 10
98642.59561285858
 20
64602.335656430216
  0
LWPOLYLINE
  5
B1F
330
1F
100
AcDbEntity
  8
PDF_형상
370
5
100
AcDbPolyline
 90
2
 70
0
 10
98642.59561285858
 20
72750.29142787776
 10
98642.59561285858
 20
79610.09134633094
  0
LWPOLYLINE
  5
B20
330
1F
100
AcDbEntity
  8
PDF_형상
370
5
100
AcDbPolyline
 90
2
 70
0
 10
89284.08835249969
 20
87494.21139525902
 10
85497.2251575997
 20
87494.21139525902
  0
LWPOLYLINE
  5
B21
330
1F
100
AcDbEntity
  8
PDF_형상
370
5
100
AcDbPolyline
 90
6
 70
0
 10
94483.26168246263
 20
87494.21139525902
 10
98332.20208306321
 20
87494.21139525902
 10
98332.20208306321
 20
43417.65220265816
 10
106728.47430793817
 20
43417.65220265816
 10
106728.47430793817
 20
71508.70127144986
 10
98332.20208306321
 20
71508.70127144986
  0
LWPOLYLINE
  5
B22
330
1F
100
AcDbEntity
  8
PDF_형상
370
5
100
AcDbPolyline
 90
2
 70
0
 10
107737.26728003063
 20
65300.73496939458
 10
107737.26728003063
 20
68404.71812042221
  0
LWPOLYLINE
  5
B23
330
1F
100
AcDbEntity
  8
PDF_형상
370
5
100
AcDbPolyline
 90
2
 70
0
 10
49149.58530438399
 20
79610.09134633094
 10
49149.58530438399
 20
76552.67389186975
  0
LWPOLYLINE
  5
B25
330
1F
100
AcDbEntity
  8
PDF_형상
370
5
100
AcDbPolyline
 90
3
 70
0
 10
53852.11783820139
 20
87494.21139525902
 10
49149.58530438399
 20
87494.21139525902
 10
49149.58530438399
 20
84048.78815762888
  0
LWPOLYLINE
  5
B26
330
1F
100
AcDbEntity
  8
PDF_형상
370
5
100
AcDbPolyline
 90
6
 70
0
 10
71901.77947342918
 20
38668.55785225325
 10
71498.26231045877
 20
38668.55785225325
 10
71498.26231045877
 20
38870.31636907216
 10
68301.16354487922
 20
38870.31636907216
 10
68301.16354487922
 20
34617.85880550114
 10
71901.77947342918
 20
34617.85880550114
  0
LWPOLYLINE
  5
B28
330
1F
100
AcDbEntity
  8
PDF_형상
370
5
100
AcDbPolyline
 90
5
 70
0
 10
83122.67985772043
 20
38870.31636907216
 10
83122.67985772043
 20
34369.53847209471
 10
84472.9129164153
 20
34369.53847209471
 10
84472.9129164153
 20
34462.658095958184
 10
83122.67985772043
 20
34462.658095958184
  0
LWPOLYLINE
  5
B2A
330
1F
100
AcDbEntity
  8
PDF_형상
370
5
100
AcDbPolyline
 90
4
 70
0
 10
105362.7219801513
 20
34509.219912545705
 10
105362.7219801513
 20
36914.8076305879
 10
105517.92268969429
 20
36914.8076305879
 10
105517.92268969429
 20
34509.219912545705
  0
LWPOLYLINE
  5
B2B
330
1F
100
AcDbEntity
  8
PDF_형상
370
5
100
AcDbPolyline
 90
2
 70
0
 10
82874.36340429295
 20
31374.19615401199
 10
82020.76338178558
 20
30970.67899104156
  0
LWPOLYLINE
  5
B2C
330
1F
100
AcDbEntity
  8
PDF_형상
370
5
100
AcDbPolyline
 90
2
 70
0
 10
79397.90162847882
 20
31203.478115366517
 10
79894.5424246243
 20
30970.67899104156
  0
LWPOLYLINE
  5
B2D
330
1F
100
AcDbEntity
  8
PDF_형상
370
5
100
AcDbPolyline
 90
5
 70
0
 10
79397.90162847882
 20
31374.19615401199
 10
80251.49389102832
 20
30970.67899104156
 10
80251.49389102832
 20
30939.63851286812
 10
82005.24411269363
 20
30939.63851286812
 10
82005.24411269363
 20
30970.67899104156
  0
LWPOLYLINE
  5
B2E
330
1F
100
AcDbEntity
  8
PDF_형상
370
5
100
AcDbPolyline
 90
4
 70
0
 10
62357.03296534343
 20
49811.85775244036
 10
62155.274319191885
 20
49811.85775244036
 10
62155.274319191885
 20
49610.09923562146
 10
62357.03296534343
 20
49610.09923562146
  0
LWPOLYLINE
  5
B2F
330
1F
100
AcDbEntity
  8
PDF_형상
370
5
100
AcDbPolyline
 90
2
 70
0
 10
53852.11783820139
 20
50106.73602245535
 10
49553.10246735443
 20
50106.73602245535
  0
LWPOLYLINE
  5
B30
330
1F
100
AcDbEntity
  8
PDF_형상
370
5
100
AcDbPolyline
 90
2
 70
0
 10
81089.57477377627
 20
87307.97201819948
 10
84891.94934847772
 20
87307.97201819948
  0
LWPOLYLINE
  5
B31
330
1F
100
AcDbEntity
  8
PDF_형상
370
5
100
AcDbPolyline
 90
2
 70
0
 10
90091.12267844057
 20
87307.97201819948
 10
93893.50527176527
 20
87307.97201819948
  0
LWPOLYLINE
  5
B32
330
1F
100
AcDbEntity
  8
PDF_형상
370
5
100
AcDbPolyline
 90
2
 70
0
 10
54348.75863434684
 20
49610.09923562146
 10
54348.75863434684
 20
46568.19316096175
  0
LWPOLYLINE
  5
B33
330
1F
100
AcDbEntity
  8
PDF_형상
370
5
100
AcDbPolyline
 90
2
 70
0
 10
63800.38952788075
 20
38559.91882996518
 10
60758.48345322102
 20
38559.91882996518
  0
LWPOLYLINE
  5
B34
330
1F
100
AcDbEntity
  8
PDF_형상
370
5
100
AcDbPolyline
 90
2
 70
0
 10
54209.077193895864
 20
49610.09923562146
 10
54209.077193895864
 20
46568.19316096175
  0
LWPOLYLINE
  5
B35
330
1F
100
AcDbEntity
  8
PDF_형상
370
5
100
AcDbPolyline
 90
2
 70
0
 10
109180.61595327743
 20
29620.44606167927
 10
109180.61595327743
 20
25523.187267661742
  0
LWPOLYLINE
  5
B36
330
1F
100
AcDbEntity
  8
PDF_형상
370
5
100
AcDbPolyline
 90
2
 70
0
 10
63800.38952788075
 20
38715.115659529205
 10
60758.48345322102
 20
38715.115659529205
  0
LWPOLYLINE
  5
B37
330
1F
100
AcDbEntity
  8
PDF_형상
370
5
100
AcDbPolyline
 90
2
 70
0
 10
109180.61595327743
 20
38265.040559950176
 10
109180.61595327743
 20
34509.219912545705
  0
LWPOLYLINE
  5
B38
330
1F
100
AcDbEntity
  8
PDF_형상
370
5
100
AcDbPolyline
 90
5
 70
0
 10
99030.59350673707
 20
57602.85416819341
 10
106433.59202861165
 20
57602.85416819341
 10
106433.59202861165
 20
71198.29985236394
 10
98642.59561285858
 20
71198.29985236394
 10
98642.59561285858
 20
65300.73496939458
  0
LWPOLYLINE
  5
B3A
330
1F
100
AcDbEntity
  8
PDF_형상
370
5
100
AcDbPolyline
 90
2
 70
0
 10
98642.59561285858
 20
80308.49065929532
 10
98642.59561285858
 20
87106.21350138055
  0
LWPOLYLINE
  5
B3B
330
1F
100
AcDbEntity
  8
PDF_형상
370
5
100
AcDbPolyline
 90
4
 70
0
 10
58849.53265134535
 20
72098.45781147984
 10
58849.53265134535
 20
67814.96158039224
 10
59051.29116816427
 20
67814.96158039224
 10
59051.29116816427
 20
72098.45781147984
  0
LWPOLYLINE
  5
B3C
330
1F
100
AcDbEntity
  8
PDF_형상
370
5
100
AcDbPolyline
 90
10
 70
0
 10
68301.16354487922
 20
57758.055007069
 10
68301.16354487922
 20
57354.533834787006
 10
68502.92206169815
 20
57354.533834787006
 10
68502.92206169815
 20
57463.17272774244
 10
70101.47157382053
 20
57463.17272774244
 10
70101.47157382053
 20
54607.51003945387
 10
70303.23009063942
 20
54607.51003945387
 10
70303.23009063942
 20
58627.1664093778
 10
70101.47157382053
 20
58627.1664093778
 10
70101.47157382053
 20
57758.055007069
  0
LWPOLYLINE
  5
B3D
330
1F
100
AcDbEntity
  8
PDF_형상
370
5
100
AcDbPolyline
 90
20
 70
0
 10
62946.78937604079
 20
57758.055007069
 10
62946.78937604079
 20
57152.77518863546
 10
62558.79148216233
 20
57152.77518863546
 10
62558.79148216233
 20
56361.260131786585
 10
68301.16354487922
 20
56361.260131786585
 10
68301.16354487922
 20
56764.77729475703
 10
68502.92206169815
 20
56764.77729475703
 10
68301.16354487922
 20
56764.77729475703
 10
68301.16354487922
 20
57354.533834787006
 10
68502.92206169815
 20
57354.533834787006
 10
68502.92206169815
 20
56764.77729475703
 10
68502.92206169815
 20
56159.50161496766
 10
62558.79148216233
 20
56159.50161496766
 10
62558.79148216233
 20
51255.20642568716
 10
68502.92206169815
 20
51255.20642568716
 10
68502.92206169815
 20
50665.450014989816
 10
68502.92206169815
 20
50060.17420586784
 10
68301.16354487922
 20
50060.17420586784
 10
68301.16354487922
 20
50665.450014989816
 10
68502.92206169815
 20
50665.450014989816
  0
LWPOLYLINE
  5
B3E
330
1F
100
AcDbEntity
  8
PDF_형상
370
5
100
AcDbPolyline
 90
5
 70
0
 10
99030.59350673707
 20
57307.97602751105
 10
106433.59202861165
 20
57307.97602751105
 10
106433.59202861165
 20
43712.53047267316
 10
98642.59561285858
 20
43712.53047267316
 10
98642.59561285858
 20
49610.09923562146
  0
LWPOLYLINE
  5
B40
330
1F
100
AcDbEntity
  8
PDF_형상
370
5
100
AcDbPolyline
 90
3
 70
0
 10
108730.54085369843
 20
38715.115659529205
 10
107690.70934342202
 20
38715.115659529205
 10
107690.70934342202
 20
42113.97708057182
  0
LWPOLYLINE
  5
B42
330
1F
100
AcDbEntity
  8
PDF_형상
370
5
100
AcDbPolyline
 90
4
 70
0
 10
62558.79148216233
 20
72098.45781147984
 10
62558.79148216233
 20
67814.96158039224
 10
62357.03296534343
 20
67814.96158039224
 10
62357.03296534343
 20
72098.45781147984
  0
LWPOLYLINE
  5
B43
330
1F
100
AcDbEntity
  8
PDF_형상
370
5
100
AcDbPolyline
 90
9
 70
0
 10
68301.16354487922
 20
49656.6570428974
 10
68301.16354487922
 20
50060.17420586784
 10
68502.92206169815
 20
50060.17420586784
 10
68502.92206169815
 20
49967.054582004384
 10
70101.47157382053
 20
49967.054582004384
 10
70101.47157382053
 20
52807.19800120098
 10
70303.23009063942
 20
52807.19800120098
 10
70303.23009063942
 20
49656.6570428974
 10
62357.03296534343
 20
49656.6570428974
  0
LWPOLYLINE
  5
B44
330
1F
100
AcDbEntity
  8
PDF_형상
370
5
100
AcDbPolyline
 90
4
 70
1
 10
76992.31791974818
 20
38870.31636907216
 10
74416.00621375947
 20
38870.31636907216
 10
74416.00621375947
 20
39056.5557461317
 10
76992.31791974818
 20
39056.5557461317
  0
LWPOLYLINE
  5
B45
330
1F
100
AcDbEntity
  8
PDF_형상
370
5
100
AcDbPolyline
 90
2
 70
0
 10
94483.26168246263
 20
87307.97201819948
 10
98332.20208306321
 20
87307.97201819948
  0
LWPOLYLINE
  5
B47
330
1F
100
AcDbEntity
  8
PDF_형상
370
5
100
AcDbPolyline
 90
2
 70
0
 10
102879.53390733762
 20
87494.21139525902
 10
99030.59350673707
 20
87494.21139525902
  0
LWPOLYLINE
  5
B48
330
1F
100
AcDbEntity
  8
PDF_형상
370
5
100
AcDbPolyline
 90
2
 70
0
 10
49351.343821202885
 20
65906.01077851653
 10
49149.58530438399
 20
66107.76929533546
  0
LWPOLYLINE
  5
B49
330
1F
100
AcDbEntity
  8
PDF_형상
370
5
100
AcDbPolyline
 90
2
 70
0
 10
49149.58530438399
 20
83350.39673395504
 10
49149.58530438399
 20
80308.49065929532
  0
LWPOLYLINE
  5
B4A
330
1F
100
AcDbEntity
  8
PDF_형상
370
5
100
AcDbPolyline
 90
2
 70
0
 10
93893.50527176527
 20
87494.21139525902
 10
90091.12267844057
 20
87494.21139525902
  0
LWPOLYLINE
  5
B4B
330
1F
100
AcDbEntity
  8
PDF_형상
370
5
100
AcDbPolyline
 90
2
 70
0
 10
49211.66639006349
 20
64602.335656430216
 10
49211.66639006349
 20
61560.433591082074
  0
LWPOLYLINE
  5
B4C
330
1F
100
AcDbEntity
  8
PDF_형상
370
5
100
AcDbPolyline
 90
2
 70
0
 10
49351.343821202885
 20
60862.03815809664
 10
49351.343821202885
 20
57804.61281434495
  0
LWPOLYLINE
  5
B4D
330
1F
100
AcDbEntity
  8
PDF_형상
370
5
100
AcDbPolyline
 90
2
 70
0
 10
49149.58530438399
 20
64602.335656430216
 10
49149.58530438399
 20
61560.433591082074
  0
LWPOLYLINE
  5
B4E
330
1F
100
AcDbEntity
  8
PDF_형상
370
5
100
AcDbPolyline
 90
10
 70
0
 10
62745.030859221864
 20
79610.09134633094
 10
62745.030859221864
 20
75326.59511524334
 10
62357.03296534343
 20
75326.59511524334
 10
62357.03296534343
 20
76056.0330957243
 10
57856.25894834493
 20
76056.0330957243
 10
57856.25894834493
 20
72796.8492351537
 10
62357.03296534343
 20
72796.8492351537
 10
62357.03296534343
 20
73526.28721563466
 10
62745.030859221864
 20
73526.28721563466
 10
62745.030859221864
 20
72796.8492351537
  0
LWPOLYLINE
  5
B4F
330
1F
100
AcDbEntity
  8
PDF_형상
370
5
100
AcDbPolyline
 90
2
 70
0
 10
49211.66639006349
 20
60862.03815809664
 10
49211.66639006349
 20
57804.61281434495
  0
LWPOLYLINE
  5
B50
330
1F
100
AcDbEntity
  8
PDF_형상
370
5
100
AcDbPolyline
 90
2
 70
0
 10
49211.66639006349
 20
66061.21148805949
 10
49211.66639006349
 20
65300.73496939458
  0
LWPOLYLINE
  5
B51
330
1F
100
AcDbEntity
  8
PDF_형상
370
5
100
AcDbPolyline
 90
2
 70
0
 10
53852.11783820139
 20
38715.115659529205
 10
49661.74136030987
 20
38715.115659529205
  0
LWPOLYLINE
  5
B52
330
1F
100
AcDbEntity
  8
PDF_형상
370
5
100
AcDbPolyline
 90
2
 70
0
 10
54209.077193895864
 20
45869.79772797632
 10
54209.077193895864
 20
42812.37251355727
  0
LWPOLYLINE
  5
B53
330
1F
100
AcDbEntity
  8
PDF_형상
370
5
100
AcDbPolyline
 90
2
 70
0
 10
49351.343821202885
 20
64602.335656430216
 10
49351.343821202885
 20
61560.433591082074
  0
LWPOLYLINE
  5
B54
330
1F
100
AcDbEntity
  8
PDF_형상
370
5
100
AcDbPolyline
 90
2
 70
0
 10
54348.75863434684
 20
45869.79772797632
 10
54348.75863434684
 20
42812.37251355727
  0
LWPOLYLINE
  5
B55
330
1F
100
AcDbEntity
  8
PDF_형상
370
5
100
AcDbPolyline
 90
4
 70
1
 10
76495.67712360276
 20
87804.61281434496
 10
76495.67712360276
 20
87106.21350138055
 10
75890.40131448077
 20
87106.21350138055
 10
75890.40131448077
 20
87804.61281434496
  0
LWPOLYLINE
  5
B56
330
1F
100
AcDbEntity
  8
PDF_형상
370
5
100
AcDbPolyline
 90
2
 70
0
 10
54457.39364732335
 20
38761.67747611671
 10
56304.267372831106
 20
38761.67747611671
  0
LWPOLYLINE
  5
B57
330
1F
100
AcDbEntity
  8
PDF_형상
370
5
100
AcDbPolyline
 90
6
 70
0
 10
68099.4048987277
 20
39056.5557461317
 10
68099.4048987277
 20
42113.97708057182
 10
67851.0805560097
 20
42113.97708057182
 10
67851.0805560097
 20
42315.73559739073
 10
68301.16354487922
 20
42315.73559739073
 10
68301.16354487922
 20
39056.5557461317
  0
LWPOLYLINE
  5
B58
330
1F
100
AcDbEntity
  8
PDF_형상
370
5
100
AcDbPolyline
 90
2
 70
0
 10
60758.48345322102
 20
38761.67747611671
 10
63800.38952788075
 20
38761.67747611671
  0
LWPOLYLINE
  5
B59
330
1F
100
AcDbEntity
  8
PDF_형상
370
5
100
AcDbPolyline
 90
2
 70
0
 10
72103.53811958076
 20
20712.013771566802
 10
75145.44419424042
 20
20712.013771566802
  0
LWPOLYLINE
  5
B5A
330
1F
100
AcDbEntity
  8
PDF_형상
370
5
100
AcDbPolyline
 90
2
 70
0
 10
49211.66639006349
 20
33919.4633725157
 10
49211.66639006349
 20
30411.96111852816
  0
LWPOLYLINE
  5
B5B
330
1F
100
AcDbEntity
  8
PDF_형상
370
5
100
AcDbPolyline
 90
4
 70
1
 10
57111.30169877199
 20
30411.96111852816
 10
56304.267372831106
 20
30411.96111852816
 10
56304.267372831106
 20
29620.44606167927
 10
57111.30169877199
 20
29620.44606167927
  0
LWPOLYLINE
  5
B5C
330
1F
100
AcDbEntity
  8
PDF_형상
370
5
100
AcDbPolyline
 90
4
 70
1
 10
71793.14458978533
 20
87804.61281434496
 10
71001.62953293645
 20
87804.61281434496
 10
71001.62953293645
 20
87106.21350138055
 10
71793.14458978533
 20
87106.21350138055
  0
LWPOLYLINE
  5
B5D
330
1F
100
AcDbEntity
  8
PDF_형상
370
5
100
AcDbPolyline
 90
2
 70
0
 10
75145.44419424042
 20
20665.45389496875
 10
72103.53811958076
 20
20665.45389496875
  0
LWPOLYLINE
  5
B5E
330
1F
100
AcDbEntity
  8
PDF_형상
370
5
100
AcDbPolyline
 90
2
 70
0
 10
60153.207773431684
 20
38715.115659529205
 10
57111.30169877199
 20
38715.115659529205
  0
LWPOLYLINE
  5
B5F
330
1F
100
AcDbEntity
  8
PDF_형상
370
5
100
AcDbPolyline
 90
4
 70
1
 10
103484.80971645961
 20
87804.61281434496
 10
103484.80971645961
 20
87106.21350138055
 10
102879.53390733762
 20
87106.21350138055
 10
102879.53390733762
 20
87804.61281434496
  0
LWPOLYLINE
  5
B60
330
1F
100
AcDbEntity
  8
PDF_형상
370
5
100
AcDbPolyline
 90
4
 70
1
 10
50049.73925418833
 20
90101.5537501412
 10
50049.73925418833
 20
90799.95306310555
 10
49351.343821202885
 20
90799.95306310555
 10
49351.343821202885
 20
90101.5537501412
  0
LWPOLYLINE
  5
B61
330
1F
100
AcDbEntity
  8
PDF_형상
370
5
100
AcDbPolyline
 90
4
 70
1
 10
48854.707034368985
 20
53365.91600304703
 10
49553.10246735443
 20
53365.91600304703
 10
49553.10246735443
 20
54064.31143603245
 10
48854.707034368985
 20
54064.31143603245
  0
LWPOLYLINE
  5
B62
330
1F
100
AcDbEntity
  8
PDF_형상
370
5
100
AcDbPolyline
 90
2
 70
0
 10
107737.26728003063
 20
84002.23035035291
 10
107737.26728003063
 20
87106.21350138055
  0
LWPOLYLINE
  5
B63
330
1F
100
AcDbEntity
  8
PDF_형상
370
5
100
AcDbPolyline
 90
2
 70
0
 10
83246.84202907937
 20
20712.013771566802
 10
86288.74021444864
 20
20712.013771566802
  0
LWPOLYLINE
  5
B64
330
1F
100
AcDbEntity
  8
PDF_형상
370
5
100
AcDbPolyline
 90
2
 70
0
 10
107737.26728003063
 20
76506.10819530333
 10
107737.26728003063
 20
79610.09134633094
  0
LWPOLYLINE
  5
B65
330
1F
100
AcDbEntity
  8
PDF_형상
370
5
100
AcDbPolyline
 90
2
 70
0
 10
107737.26728003063
 20
61513.87177449457
 10
107737.26728003063
 20
64602.335656430216
  0
LWPOLYLINE
  5
B66
330
1F
100
AcDbEntity
  8
PDF_형상
370
5
100
AcDbPolyline
 90
2
 70
0
 10
107690.70934342202
 20
54002.23423033188
 10
107690.70934342202
 20
57106.21738135952
  0
LWPOLYLINE
  5
B67
330
1F
100
AcDbEntity
  8
PDF_형상
370
5
100
AcDbPolyline
 90
2
 70
0
 10
107690.70934342202
 20
42812.37251355727
 10
107690.70934342202
 20
45916.35566458491
  0
LWPOLYLINE
  5
B68
330
1F
100
AcDbEntity
  8
PDF_형상
370
5
100
AcDbPolyline
 90
4
 70
0
 10
67447.5633930393
 20
87494.21139525902
 10
67447.5633930393
 20
87447.65345865043
 10
68192.52064261223
 20
87447.65345865043
 10
68192.52064261223
 20
87494.21139525902
  0
LWPOLYLINE
  5
B69
330
1F
100
AcDbEntity
  8
PDF_형상
370
5
100
AcDbPolyline
 90
2
 70
0
 10
109180.61595327743
 20
33919.4633725157
 10
109180.61595327743
 20
30411.96111852816
  0
LWPOLYLINE
  5
B6A
330
1F
100
AcDbEntity
  8
PDF_형상
370
5
100
AcDbPolyline
 90
2
 70
0
 10
44710.88836375343
 20
90101.5537501412
 10
44710.88836375343
 20
84793.74540720182
  0
LWPOLYLINE
  5
B6B
330
1F
100
AcDbEntity
  8
PDF_형상
370
5
100
AcDbPolyline
 90
2
 70
0
 10
44555.691663522026
 20
90101.5537501412
 10
44555.691663522026
 20
84793.74540720182
  0
LWPOLYLINE
  5
B6C
330
1F
100
AcDbEntity
  8
PDF_형상
370
5
100
AcDbPolyline
 90
2
 70
0
 10
44353.93301737048
 20
90598.19454628666
 10
43112.33898096367
 20
90598.19454628666
  0
LWPOLYLINE
  5
B6D
330
1F
100
AcDbEntity
  8
PDF_형상
370
5
100
AcDbPolyline
 90
4
 70
0
 10
49149.58530438399
 20
82248.4801286876
 10
55559.31012325817
 20
82248.4801286876
 10
55559.31012325817
 20
87494.21139525902
 10
54550.51715116574
 20
87494.21139525902
  0
LWPOLYLINE
  5
B6E
330
1F
100
AcDbEntity
  8
PDF_형상
370
5
100
AcDbPolyline
 90
5
 70
0
 10
49754.86098417333
 20
94276.41483891965
 10
49754.86098417333
 20
93003.77825501724
 10
44866.08907329636
 20
93003.77825501724
 10
44866.08907329636
 20
90799.95306310555
 10
43112.33898096367
 20
90799.95306310555
  0
LWPOLYLINE
  5
B6F
330
1F
100
AcDbEntity
  8
PDF_형상
370
5
100
AcDbPolyline
 90
6
 70
0
 10
62357.03296534343
 20
82248.4801286876
 10
59159.93407043126
 20
82248.4801286876
 10
59159.93407043126
 20
87494.21139525902
 10
62357.03296534343
 20
87494.21139525902
 10
62357.03296534343
 20
76350.91524571824
 10
49553.10246735443
 20
76350.91524571824
  0
LWPOLYLINE
  5
B70
330
1F
100
AcDbEntity
  8
PDF_형상
370
5
100
AcDbPolyline
 90
4
 70
0
 10
48854.707034368985
 20
65906.01077851653
 10
43112.33898096367
 20
65906.01077851653
 10
43112.33898096367
 20
71508.70127144986
 10
48854.707034368985
 20
71508.70127144986
  0
LWPOLYLINE
  5
B71
330
1F
100
AcDbEntity
  8
PDF_형상
370
5
100
AcDbPolyline
 90
4
 70
1
 10
45052.328450355926
 20
92693.38472522187
 10
45052.328450355926
 20
87804.61281434496
 10
47100.95681270362
 20
87804.61281434496
 10
47100.95681270362
 20
92693.38472522187
  0
LWPOLYLINE
  5
B72
330
1F
100
AcDbEntity
  8
PDF_형상
370
5
100
AcDbPolyline
 90
6
 70
0
 10
58756.41690746082
 20
87494.21139525902
 10
58958.17542427975
 20
87494.21139525902
 10
58958.17542427975
 20
82248.4801286876
 10
55761.068769409714
 20
82248.4801286876
 10
55761.068769409714
 20
87494.21139525902
 10
58151.13320904835
 20
87494.21139525902
  0
LWPOLYLINE
  5
B73
330
1F
100
AcDbEntity
  8
PDF_형상
370
5
100
AcDbPolyline
 90
2
 70
0
 10
49149.58530438399
 20
82046.72148253606
 10
62357.03296534343
 20
82046.72148253606
  0
LWPOLYLINE
  5
B74
330
1F
100
AcDbEntity
  8
PDF_형상
370
5
100
AcDbPolyline
 90
5
 70
0
 10
49149.58530438399
 20
75854.27457890537
 10
49149.58530438399
 20
72796.8492351537
 10
57561.37679835099
 20
72796.8492351537
 10
57561.37679835099
 20
76149.15672889931
 10
49553.10246735443
 20
76149.15672889931
  0
LWPOLYLINE
  5
B75
330
1F
100
AcDbEntity
  8
PDF_형상
370
5
100
AcDbPolyline
 90
2
 70
0
 10
45207.52527991995
 20
66200.88503921998
 10
45207.52527991995
 20
71198.29985236394
  0
LWPOLYLINE
  5
B76
330
1F
100
AcDbEntity
  8
PDF_형상
370
5
100
AcDbPolyline
 90
9
 70
0
 10
43112.33898096367
 20
84095.35385419536
 10
45052.328450355926
 20
84095.35385419536
 10
45052.328450355926
 20
87494.21139525902
 10
48854.707034368985
 20
87494.21139525902
 10
48854.707034368985
 20
71198.29985236394
 10
43407.21725097865
 20
71198.29985236394
 10
43407.21725097865
 20
66200.88503921998
 10
49351.343821202885
 20
66200.88503921998
 10
49351.343821202885
 20
65300.73496939458
  0
LWPOLYLINE
  5
B77
330
1F
100
AcDbEntity
  8
PDF_형상
370
5
100
AcDbPolyline
 90
5
 70
0
 10
63055.43227830778
 20
72098.45781147984
 10
49149.58530438399
 20
72098.45781147984
 10
49149.58530438399
 20
71198.29985236394
 10
49351.343821202885
 20
71198.29985236394
 10
49351.343821202885
 20
72098.45781147984
  0
LWPOLYLINE
  5
B78
330
1F
100
AcDbEntity
  8
PDF_형상
370
5
100
AcDbPolyline
 90
2
 70
0
 10
49149.58530438399
 20
57106.21738135952
 10
49149.58530438399
 20
56206.06343155518
  0
LWPOLYLINE
  5
B79
330
1F
100
AcDbEntity
  8
PDF_형상
370
5
100
AcDbPolyline
 90
3
 70
0
 10
49149.58530438399
 20
71353.5005619069
 10
49211.66639006349
 20
71353.5005619069
 10
49211.66639006349
 20
72098.45781147984
  0
LWPOLYLINE
  5
B7A
330
1F
100
AcDbEntity
  8
PDF_형상
370
5
100
AcDbPolyline
 90
2
 70
0
 10
49149.58530438399
 20
51208.64861841122
 10
49149.58530438399
 20
50308.49466860688
  0
LWPOLYLINE
  5
B7B
330
1F
100
AcDbEntity
  8
PDF_형상
370
5
100
AcDbPolyline
 90
2
 70
0
 10
45207.52527991995
 20
51208.64861841122
 10
45207.52527991995
 20
56206.06343155518
  0
LWPOLYLINE
  5
B7C
330
1F
100
AcDbEntity
  8
PDF_형상
370
5
100
AcDbPolyline
 90
3
 70
0
 10
49211.66639006349
 20
57106.21738135952
 10
49211.66639006349
 20
56361.260131786585
 10
49149.58530438399
 20
56361.260131786585
  0
LWPOLYLINE
  5
B7D
330
1F
100
AcDbEntity
  8
PDF_형상
370
5
100
AcDbPolyline
 90
4
 70
0
 10
48854.707034368985
 20
50913.77034839623
 10
43112.33898096367
 20
50913.77034839623
 10
43112.33898096367
 20
56516.46097066216
 10
48854.707034368985
 20
56516.46097066216
  0
LWPOLYLINE
  5
B7E
330
1F
100
AcDbEntity
  8
PDF_형상
370
5
100
AcDbPolyline
 90
2
 70
0
 10
49351.343821202885
 20
50913.77034839623
 10
49149.58530438399
 20
51115.52899454776
  0
LWPOLYLINE
  5
B7F
330
1F
100
AcDbEntity
  8
PDF_형상
370
5
100
AcDbPolyline
 90
2
 70
0
 10
49211.66639006349
 20
51053.447908868264
 10
49211.66639006349
 20
50308.49466860688
  0
LWPOLYLINE
  5
B80
330
1F
100
AcDbEntity
  8
PDF_형상
370
5
100
AcDbPolyline
 90
6
 70
1
 10
70303.23009063942
 20
60225.71980147914
 10
70303.23009063942
 20
61312.11312834302
 10
67804.52274873377
 20
61312.11312834302
 10
67804.52274873377
 20
61110.354611524126
 10
70101.47157382053
 20
61110.354611524126
 10
70101.47157382053
 20
60225.71980147914
  0
LWPOLYLINE
  5
B83
330
1F
100
AcDbEntity
  8
PDF_형상
370
5
100
AcDbPolyline
 90
4
 70
0
 10
71700.02095661031
 20
38668.55785225325
 10
71700.02095661031
 20
38420.2373895142
 10
71901.77947342918
 20
38420.2373895142
 10
71901.77947342918
 20
39056.5557461317
  0
LWPOLYLINE
  5
B84
330
1F
100
AcDbEntity
  8
PDF_형상
370
5
100
AcDbPolyline
 90
6
 70
0
 10
49351.343821202885
 20
50308.49466860688
 10
49351.343821202885
 20
51208.64861841122
 10
43407.21725097865
 20
51208.64861841122
 10
43407.21725097865
 20
56206.06343155518
 10
49351.343821202885
 20
56206.06343155518
 10
49351.343821202885
 20
57106.21738135952
  0
LWPOLYLINE
  5
B85
330
1F
100
AcDbEntity
  8
PDF_형상
370
5
100
AcDbPolyline
 90
6
 70
1
 10
66795.72977664134
 20
29822.204578498182
 10
66795.72977664134
 20
29620.44606167927
 10
67121.65059415191
 20
29620.44606167927
 10
67121.65059415191
 20
31622.514676761573
 10
66981.96902436831
 20
31622.514676761573
 10
66981.96902436831
 20
29822.204578498182
  0
LWPOLYLINE
  5
B86
330
1F
100
AcDbEntity
  8
PDF_형상
370
5
100
AcDbPolyline
 90
2
 70
0
 10
49553.10246735443
 20
65114.491712356095
 10
53852.11783820139
 20
65114.491712356095
  0
LWPOLYLINE
  5
B87
330
1F
100
AcDbEntity
  8
PDF_형상
370
5
100
AcDbPolyline
 90
8
 70
1
 10
62357.03296534343
 20
62088.10891609995
 10
62558.79148216233
 20
62088.10891609995
 10
62558.79148216233
 20
61312.11312834302
 10
65104.05676067657
 20
61312.11312834302
 10
65104.05676067657
 20
61110.354611524126
 10
62558.79148216233
 20
61110.354611524126
 10
62558.79148216233
 20
60163.63871579964
 10
62357.03296534343
 20
60163.63871579964
  0
LWPOLYLINE
  5
B88
330
1F
100
AcDbEntity
  8
PDF_형상
370
5
100
AcDbPolyline
 90
3
 70
0
 10
102088.01885048869
 20
29760.125562140784
 10
105362.7219801513
 20
29760.125562140784
 10
105362.7219801513
 20
33919.4633725157
  0
LWPOLYLINE
  5
B89
330
1F
100
AcDbEntity
  8
PDF_형상
370
5
100
AcDbPolyline
 90
2
 70
0
 10
93784.86236949822
 20
38870.31636907216
 10
87095.78242968001
 20
38870.31636907216
  0
LWPOLYLINE
  5
B8A
330
1F
100
AcDbEntity
  8
PDF_형상
370
5
100
AcDbPolyline
 90
2
 70
0
 10
49149.58530438399
 20
38265.040559950176
 10
49149.58530438399
 20
34509.219912545705
  0
LWPOLYLINE
  5
B8B
330
1F
100
AcDbEntity
  8
PDF_형상
370
5
100
AcDbPolyline
 90
5
 70
0
 10
105362.7219801513
 20
38513.35701337766
 10
105362.7219801513
 20
38870.31636907216
 10
105362.7219801513
 20
38404.71812042222
 10
105517.92268969429
 20
38404.71812042222
 10
105517.92268969429
 20
38870.31636907216
  0
LWPOLYLINE
  5
B8C
330
1F
100
AcDbEntity
  8
PDF_형상
370
5
100
AcDbPolyline
 90
2
 70
0
 10
49149.58530438399
 20
29620.44606167927
 10
49149.58530438399
 20
25523.187267661742
  0
LWPOLYLINE
  5
B8D
330
1F
100
AcDbEntity
  8
PDF_형상
370
5
100
AcDbPolyline
 90
3
 70
0
 10
108730.54085369843
 20
38761.67747611671
 10
107737.26728003063
 20
38761.67747611671
 10
107737.26728003063
 20
42113.97708057182
  0
LWPOLYLINE
  5
B8E
330
1F
100
AcDbEntity
  8
PDF_형상
370
5
100
AcDbPolyline
 90
2
 70
0
 10
109227.18164984389
 20
29620.44606167927
 10
109227.18164984389
 20
25523.187267661742
  0
LWPOLYLINE
  5
B8F
330
1F
100
AcDbEntity
  8
PDF_형상
370
5
100
AcDbPolyline
 90
2
 70
0
 10
101280.98452454786
 20
38870.31636907216
 10
94591.8966954391
 20
38870.31636907216
  0
LWPOLYLINE
  5
B90
330
1F
100
AcDbEntity
  8
PDF_형상
370
5
100
AcDbPolyline
 90
2
 70
0
 10
109227.18164984389
 20
38265.040559950176
 10
109227.18164984389
 20
34509.219912545705
  0
LWPOLYLINE
  5
B91
330
1F
100
AcDbEntity
  8
PDF_형상
370
5
100
AcDbPolyline
 90
2
 70
0
 10
49661.74136030987
 20
38761.67747611671
 10
53852.11783820139
 20
38761.67747611671
  0
LWPOLYLINE
  5
B92
330
1F
100
AcDbEntity
  8
PDF_형상
370
5
100
AcDbPolyline
 90
2
 70
0
 10
49211.66639006349
 20
38265.040559950176
 10
49211.66639006349
 20
34509.219912545705
  0
LWPOLYLINE
  5
B93
330
1F
100
AcDbEntity
  8
PDF_형상
370
5
100
AcDbPolyline
 90
2
 70
0
 10
56304.267372831106
 20
38559.91882996518
 10
54457.39364732335
 20
38559.91882996518
  0
LWPOLYLINE
  5
B94
330
1F
100
AcDbEntity
  8
PDF_형상
370
5
100
AcDbPolyline
 90
2
 70
0
 10
56304.267372831106
 20
38715.115659529205
 10
54457.39364732335
 20
38715.115659529205
  0
LWPOLYLINE
  5
B95
330
1F
100
AcDbEntity
  8
PDF_형상
370
5
100
AcDbPolyline
 90
2
 70
0
 10
56785.381010594065
 20
38265.040559950176
 10
56785.381010594065
 20
30411.96111852816
  0
LWPOLYLINE
  5
B96
330
1F
100
AcDbEntity
  8
PDF_형상
370
5
100
AcDbPolyline
 90
2
 70
0
 10
109227.18164984389
 20
24917.91145853977
 10
109227.18164984389
 20
21162.090811135284
  0
LWPOLYLINE
  5
B97
330
1F
100
AcDbEntity
  8
PDF_형상
370
5
100
AcDbPolyline
 90
2
 70
0
 10
49149.58530438399
 20
33919.4633725157
 10
49149.58530438399
 20
30411.96111852816
  0
LWPOLYLINE
  5
B98
330
1F
100
AcDbEntity
  8
PDF_형상
370
5
100
AcDbPolyline
 90
2
 70
0
 10
56630.188061009
 20
38265.040559950176
 10
56630.188061009
 20
30411.96111852816
  0
LWPOLYLINE
  5
B99
330
1F
100
AcDbEntity
  8
PDF_형상
370
5
100
AcDbPolyline
 90
2
 70
0
 10
86288.74021444864
 20
20665.45389496875
 10
83246.84202907937
 20
20665.45389496875
  0
LWPOLYLINE
  5
B9A
330
1F
100
AcDbEntity
  8
PDF_형상
370
5
100
AcDbPolyline
 90
2
 70
0
 10
109180.61595327743
 20
24917.91145853977
 10
109180.61595327743
 20
21162.090811135284
  0
LWPOLYLINE
  5
B9B
330
1F
100
AcDbEntity
  8
PDF_형상
370
5
100
AcDbPolyline
 90
2
 70
0
 10
109227.18164984389
 20
33919.4633725157
 10
109227.18164984389
 20
30411.96111852816
  0
LWPOLYLINE
  5
B9D
330
1F
100
AcDbEntity
  8
PDF_형상
370
5
100
AcDbPolyline
 90
2
 70
0
 10
53262.36129817141
 20
20712.013771566802
 10
56304.267372831106
 20
20712.013771566802
  0
LWPOLYLINE
  5
B9F
330
1F
100
AcDbEntity
  8
PDF_형상
370
5
100
AcDbPolyline
 90
2
 70
0
 10
86490.50662055802
 20
33686.66230820126
 10
90370.48555934259
 20
33686.66230820126
  0
LWPOLYLINE
  5
BA0
330
1F
100
AcDbEntity
  8
PDF_형상
370
5
100
AcDbPolyline
 90
2
 70
0
 10
86490.50662055802
 20
33531.46547863725
 10
90370.48555934259
 20
33531.46547863725
  0
LWPOLYLINE
  5
BA1
330
1F
100
AcDbEntity
  8
PDF_형상
370
5
100
AcDbPolyline
 90
2
 70
0
 10
86490.50662055802
 20
30411.96111852816
 10
86490.50662055802
 20
38265.040559950176
  0
LWPOLYLINE
  5
BA2
330
1F
100
AcDbEntity
  8
PDF_형상
370
5
100
AcDbPolyline
 90
2
 70
0
 10
83014.0448447439
 20
34369.53847209471
 10
83122.67985772043
 20
34369.53847209471
  0
LWPOLYLINE
  5
BA4
330
1F
100
AcDbEntity
  8
PDF_형상
370
5
100
AcDbPolyline
 90
2
 70
0
 10
78792.62594868946
 20
20665.45389496875
 10
75750.71987402979
 20
20665.45389496875
  0
LWPOLYLINE
  5
BA7
330
1F
100
AcDbEntity
  8
PDF_형상
370
5
100
AcDbPolyline
 90
10
 70
0
 10
54550.51715116574
 20
65300.73496939458
 10
58849.53265134535
 20
65300.73496939458
 10
58849.53265134535
 20
66014.64566216042
 10
59051.29116816427
 20
66014.64566216042
 10
59051.29116816427
 20
65300.73496939458
 10
62558.79148216233
 20
65300.73496939458
 10
62558.79148216233
 20
66014.64566216042
 10
62357.03296534343
 20
66014.64566216042
 10
62357.03296534343
 20
65114.491712356095
 10
54550.51715116574
 20
65114.491712356095
  0
LWPOLYLINE
  5
BA8
330
1F
100
AcDbEntity
  8
PDF_형상
370
5
100
AcDbPolyline
 90
5
 70
0
 10
54550.51715116574
 20
49811.85775244036
 10
60354.96629025061
 20
49811.85775244036
 10
60354.96629025061
 20
49610.09923562146
 10
54162.519257287306
 20
49610.09923562146
 10
54162.519257287306
 20
46568.19316096175
  0
LWPOLYLINE
  5
BA9
330
1F
100
AcDbEntity
  8
PDF_형상
370
5
100
AcDbPolyline
 90
2
 70
0
 10
62558.79148216233
 20
57758.055007069
 10
62558.79148216233
 20
58953.08722688833
  0
LWPOLYLINE
  5
BAA
330
1F
100
AcDbEntity
  8
PDF_형상
370
5
100
AcDbPolyline
 90
13
 70
0
 10
87095.78242968001
 20
29760.125562140784
 10
87918.33602471287
 20
29760.125562140784
 10
87918.33602471287
 20
29620.44606167927
 10
86288.74021444864
 20
29620.44606167927
 10
86288.74021444864
 20
32398.510464518484
 10
84224.59646298787
 20
32398.510464518484
 10
84224.59646298787
 20
32212.271087458947
 10
84069.39575344486
 20
32212.271087458947
 10
84069.39575344486
 20
33158.98685385078
 10
84224.59646298787
 20
33158.98685385078
 10
84224.59646298787
 20
32538.191904969462
 10
86288.74021444864
 20
32538.191904969462
 10
86288.74021444864
 20
39056.5557461317
  0
LWPOLYLINE
  5
BAB
330
1F
100
AcDbEntity
  8
PDF_형상
370
5
100
AcDbPolyline
 90
4
 70
0
 10
49661.74136030987
 20
20665.45389496875
 10
49661.74136030987
 20
20867.21254112028
 10
52657.08561838207
 20
20867.21254112028
 10
52657.08561838207
 20
20665.45389496875
  0
LWPOLYLINE
  5
BAC
330
1F
100
AcDbEntity
  8
PDF_형상
370
5
100
AcDbPolyline
 90
8
 70
0
 10
48854.707034368985
 20
51208.64861841122
 10
48854.707034368985
 20
49904.97737630382
 10
44555.691663522026
 20
47049.31067870366
 10
44555.691663522026
 20
20370.57575428638
 10
56304.267372831106
 20
20370.57575428638
 10
56304.267372831106
 20
20867.21254112028
 10
53262.36129817141
 20
20867.21254112028
 10
53262.36129817141
 20
20665.45389496875
  0
LWPOLYLINE
  5
BAD
330
1F
100
AcDbEntity
  8
PDF_형상
370
5
100
AcDbPolyline
 90
2
 70
0
 10
107737.26728003063
 20
57804.61281434495
 10
107737.26728003063
 20
60908.595965372595
  0
LWPOLYLINE
  5
BAE
330
1F
100
AcDbEntity
  8
PDF_형상
370
5
100
AcDbPolyline
 90
2
 70
0
 10
94591.8966954391
 20
29760.125562140784
 10
101280.98452454786
 20
29760.125562140784
  0
LWPOLYLINE
  5
BAF
330
1F
100
AcDbEntity
  8
PDF_형상
370
5
100
AcDbPolyline
 90
2
 70
0
 10
107333.74998772754
 20
87494.21139525902
 10
103484.80971645961
 20
87494.21139525902
  0
LWPOLYLINE
  5
BB0
330
1F
100
AcDbEntity
  8
PDF_형상
370
5
100
AcDbPolyline
 90
2
 70
0
 10
62558.79148216233
 20
75326.59511524334
 10
62558.79148216233
 20
79610.09134633094
  0
LWPOLYLINE
  5
BB1
330
1F
100
AcDbEntity
  8
PDF_형상
370
5
100
AcDbPolyline
 90
4
 70
0
 10
90510.159110503
 20
38870.31636907216
 10
90510.159110503
 20
36325.05109055789
 10
90370.48555934259
 20
36325.05109055789
 10
90370.48555934259
 20
38870.31636907216
  0
LWPOLYLINE
  5
BB2
330
1F
100
AcDbEntity
  8
PDF_형상
370
5
100
AcDbPolyline
 90
2
 70
0
 10
82874.36340429295
 20
31203.478115366517
 10
82377.7226081475
 20
30970.67899104156
  0
LWPOLYLINE
  5
BB3
330
1F
100
AcDbEntity
  8
PDF_형상
370
5
100
AcDbPolyline
 90
4
 70
0
 10
62357.03296534343
 20
64602.335656430216
 10
62357.03296534343
 20
63888.420954352805
 10
62558.79148216233
 20
63888.420954352805
 10
62558.79148216233
 20
64602.335656430216
  0
LWPOLYLINE
  5
BB4
330
1F
100
AcDbEntity
  8
PDF_형상
370
5
100
AcDbPolyline
 90
2
 70
0
 10
62745.030859221864
 20
87106.21350138055
 10
62745.030859221864
 20
80308.49065929532
  0
LWPOLYLINE
  5
BB5
330
1F
100
AcDbEntity
  8
PDF_형상
370
5
100
AcDbPolyline
 90
3
 70
0
 10
62558.79148216233
 20
75481.79595411892
 10
62605.349418770915
 20
75481.79595411892
 10
62605.349418770915
 20
79610.09134633094
  0
LWPOLYLINE
  5
BB6
330
1F
100
AcDbEntity
  8
PDF_형상
370
5
100
AcDbPolyline
 90
2
 70
0
 10
53852.11783820139
 20
49967.054582004384
 10
49553.10246735443
 20
49967.054582004384
  0
LWPOLYLINE
  5
BB7
330
1F
100
AcDbEntity
  8
PDF_형상
370
5
100
AcDbPolyline
 90
2
 70
0
 10
107690.70934342202
 20
65300.73496939458
 10
107690.70934342202
 20
68404.71812042221
  0
LWPOLYLINE
  5
BB8
330
1F
100
AcDbEntity
  8
PDF_형상
370
5
100
AcDbPolyline
 90
2
 70
0
 10
49661.74136030987
 20
20712.013771566802
 10
52657.08561838207
 20
20712.013771566802
  0
LWPOLYLINE
  5
BBA
330
1F
100
AcDbEntity
  8
PDF_형상
370
5
100
AcDbPolyline
 90
4
 70
0
 10
62558.79148216233
 20
50261.93285201939
 10
62558.79148216233
 20
51053.447908868264
 10
68301.16354487922
 20
51053.447908868264
 10
68301.16354487922
 20
50665.450014989816
  0
LWPOLYLINE
  5
BBB
330
1F
100
AcDbEntity
  8
PDF_형상
370
5
100
AcDbPolyline
 90
2
 70
0
 10
84891.94934847772
 20
87494.21139525902
 10
81089.57477377627
 20
87494.21139525902
  0
LWPOLYLINE
  5
BBC
330
1F
100
AcDbEntity
  8
PDF_형상
370
5
100
AcDbPolyline
 90
4
 70
1
 10
76790.55927359666
 20
32926.18979884791
 10
76588.79286748722
 20
32926.18979884791
 10
76588.79286748722
 20
34431.619557774226
 10
76790.55927359666
 20
34431.619557774226
  0
LWPOLYLINE
  5
BBD
330
1F
100
AcDbEntity
  8
PDF_형상
370
5
100
AcDbPolyline
 90
2
 70
0
 10
85497.2251575997
 20
87307.97201819948
 10
89284.08835249969
 20
87307.97201819948
  0
LWPOLYLINE
  5
BBE
330
1F
100
AcDbEntity
  8
PDF_형상
370
5
100
AcDbPolyline
 90
2
 70
0
 10
60153.207773431684
 20
38559.91882996518
 10
57111.30169877199
 20
38559.91882996518
  0
LWPOLYLINE
  5
BBF
330
1F
100
AcDbEntity
  8
PDF_형상
370
5
100
AcDbPolyline
 90
2
 70
0
 10
49211.66639006349
 20
24917.91145853977
 10
49211.66639006349
 20
21162.090811135284
  0
LWPOLYLINE
  5
BC0
330
1F
100
AcDbEntity
  8
PDF_형상
370
5
100
AcDbPolyline
 90
2
 70
0
 10
75750.71987402979
 20
20712.013771566802
 10
78792.62594868946
 20
20712.013771566802
  0
LWPOLYLINE
  5
BC1
330
1F
100
AcDbEntity
  8
PDF_형상
370
5
100
AcDbPolyline
 90
2
 70
0
 10
82641.56634929
 20
20665.45389496875
 10
79599.66027463034
 20
20665.45389496875
  0
LWPOLYLINE
  5
BC2
330
1F
100
AcDbEntity
  8
PDF_형상
370
5
100
AcDbPolyline
 90
2
 70
0
 10
79599.66027463034
 20
20712.013771566802
 10
82641.56634929
 20
20712.013771566802
  0
LWPOLYLINE
  5
BC3
330
1F
100
AcDbEntity
  8
PDF_형상
370
5
100
AcDbPolyline
 90
2
 70
0
 10
107737.26728003063
 20
69009.99392954417
 10
107737.26728003063
 20
72160.53488784778
  0
LWPOLYLINE
  5
BC4
330
1F
100
AcDbEntity
  8
PDF_형상
370
5
100
AcDbPolyline
 90
2
 70
0
 10
107690.70934342202
 20
69009.99392954417
 10
107690.70934342202
 20
72160.53488784778
  0
LWPOLYLINE
  5
BC5
330
1F
100
AcDbEntity
  8
PDF_형상
370
5
100
AcDbPolyline
 90
2
 70
0
 10
107690.70934342202
 20
61513.87177449457
 10
107690.70934342202
 20
64602.335656430216
  0
LWPOLYLINE
  5
BC6
330
1F
100
AcDbEntity
  8
PDF_형상
370
5
100
AcDbPolyline
 90
2
 70
0
 10
107690.70934342202
 20
50308.49466860688
 10
107690.70934342202
 20
53412.47781963452
  0
LWPOLYLINE
  5
BC7
330
1F
100
AcDbEntity
  8
PDF_형상
370
5
100
AcDbPolyline
 90
2
 70
0
 10
107737.26728003063
 20
54002.23423033188
 10
107737.26728003063
 20
57106.21738135952
  0
LWPOLYLINE
  5
BC8
330
1F
100
AcDbEntity
  8
PDF_형상
370
5
100
AcDbPolyline
 90
2
 70
0
 10
43112.33898096367
 20
84607.50603014228
 10
44353.93301737048
 20
84607.50603014228
  0
LWPOLYLINE
  5
BC9
330
1F
100
AcDbEntity
  8
PDF_형상
370
5
100
AcDbPolyline
 90
2
 70
0
 10
49211.66639006349
 20
29620.44606167927
 10
49211.66639006349
 20
25523.187267661742
  0
LWPOLYLINE
  5
BCA
330
1F
100
AcDbEntity
  8
PDF_형상
370
5
100
AcDbPolyline
 90
2
 70
0
 10
43112.33898096367
 20
84452.30532059932
 10
44353.93301737048
 20
84452.30532059932
  0
LWPOLYLINE
  5
BCB
330
1F
100
AcDbEntity
  8
PDF_형상
370
5
100
AcDbPolyline
 90
2
 70
0
 10
44757.45018034092
 20
90101.5537501412
 10
44757.45018034092
 20
84793.74540720182
  0
LWPOLYLINE
  5
BCD
330
1F
100
AcDbEntity
  8
PDF_형상
370
5
100
AcDbPolyline
 90
4
 70
0
 10
78792.62594868946
 20
20370.57575428638
 10
78792.62594868946
 20
20867.21254112028
 10
75750.71987402979
 20
20867.21254112028
 10
75750.71987402979
 20
20370.57575428638
  0
LWPOLYLINE
  5
BCE
330
1F
100
AcDbEntity
  8
PDF_형상
370
5
100
AcDbPolyline
 90
4
 70
0
 10
79599.66027463034
 20
20370.57575428638
 10
79599.66027463034
 20
20867.21254112028
 10
82641.56634929
 20
20867.21254112028
 10
82641.56634929
 20
20370.57575428638
  0
LWPOLYLINE
  5
BCF
330
1F
100
AcDbEntity
  8
PDF_형상
370
5
100
AcDbPolyline
 90
8
 70
0
 10
75145.44419424042
 20
20370.57575428638
 10
75145.44419424042
 20
20867.21254112028
 10
72103.53811958076
 20
20867.21254112028
 10
72103.53811958076
 20
20370.57575428638
 10
86288.74021444864
 20
20370.57575428638
 10
86288.74021444864
 20
20867.21254112028
 10
83246.84202907937
 20
20867.21254112028
 10
83246.84202907937
 20
20370.57575428638
  0
LWPOLYLINE
  5
BD0
330
1F
100
AcDbEntity
  8
PDF_형상
370
5
100
AcDbPolyline
 90
2
 70
0
 10
49149.58530438399
 20
60862.03815809664
 10
49149.58530438399
 20
57804.61281434495
  0
LWPOLYLINE
  5
BD2
330
1F
100
AcDbEntity
  8
PDF_형상
370
5
100
AcDbPolyline
 90
3
 70
0
 10
49351.343821202885
 20
33919.4633725157
 10
49351.343821202885
 20
30411.96111852816
 10
48854.707034368985
 20
30411.96111852816
  0
LWPOLYLINE
  5
BD3
330
1F
100
AcDbEntity
  8
PDF_형상
370
5
100
AcDbPolyline
 90
5
 70
0
 10
48854.707034368985
 20
21162.090811135284
 10
49351.343821202885
 20
21162.090811135284
 10
49351.343821202885
 20
24917.91145853977
 10
48854.707034368985
 20
24917.91145853977
 10
48854.707034368985
 20
20370.57575428638
  0
LWPOLYLINE
  5
BD4
330
1F
100
AcDbEntity
  8
PDF_형상
370
5
100
AcDbPolyline
 90
4
 70
1
 10
109537.57517963926
 20
21162.090811135284
 10
109040.94240211694
 20
21162.090811135284
 10
109040.94240211694
 20
24917.91145853977
 10
109537.57517963926
 20
24917.91145853977
  0
LWPOLYLINE
  5
BD5
330
1F
100
AcDbEntity
  8
PDF_형상
370
5
100
AcDbPolyline
 90
11
 70
0
 10
109040.94240211694
 20
29620.44606167927
 10
109040.94240211694
 20
25523.187267661742
 10
109537.57517963926
 20
25523.187267661742
 10
109537.57517963926
 20
29620.44606167927
 10
89423.76979295076
 20
29620.44606167927
 10
89423.76979295076
 20
29760.125562140784
 10
90370.48555934259
 20
29760.125562140784
 10
90370.48555934259
 20
34819.61745165267
 10
90510.159110503
 20
34819.61745165267
 10
90510.159110503
 20
29760.125562140784
 10
93784.86236949822
 20
29760.125562140784
  0
LWPOLYLINE
  5
BD6
330
1F
100
AcDbEntity
  8
PDF_형상
370
5
100
AcDbPolyline
 90
4
 70
1
 10
109537.57517963926
 20
30411.96111852816
 10
109040.94240211694
 20
30411.96111852816
 10
109040.94240211694
 20
33919.4633725157
 10
109537.57517963926
 20
33919.4633725157
  0
LWPOLYLINE
  5
BD7
330
1F
100
AcDbEntity
  8
PDF_형상
370
5
100
AcDbPolyline
 90
4
 70
0
 10
105517.92268969429
 20
33919.4633725157
 10
105517.92268969429
 20
29760.125562140784
 10
108730.54085369843
 20
29760.125562140784
 10
108730.54085369843
 20
29620.44606167927
  0
LWPOLYLINE
  5
BD9
330
1F
100
AcDbEntity
  8
PDF_형상
370
5
100
AcDbPolyline
 90
2
 70
0
 10
107690.70934342202
 20
57804.61281434495
 10
107690.70934342202
 20
60908.595965372595
  0
LWPOLYLINE
  5
BDA
330
1F
100
AcDbEntity
  8
PDF_형상
370
5
100
AcDbPolyline
 90
4
 70
1
 10
109537.57517963926
 20
34509.219912545705
 10
109537.57517963926
 20
38265.040559950176
 10
109040.94240211694
 20
38265.040559950176
 10
109040.94240211694
 20
34509.219912545705
  0
LWPOLYLINE
  5
BDB
330
1F
100
AcDbEntity
  8
PDF_형상
370
5
100
AcDbPolyline
 90
2
 70
0
 10
107690.70934342202
 20
46506.11608459382
 10
107690.70934342202
 20
49610.09923562146
  0
LWPOLYLINE
  5
BDC
330
1F
100
AcDbEntity
  8
PDF_형상
370
5
100
AcDbPolyline
 90
2
 70
0
 10
107737.26728003063
 20
46506.11608459382
 10
107737.26728003063
 20
49610.09923562146
  0
LWPOLYLINE
  5
BDD
330
1F
100
AcDbEntity
  8
PDF_형상
370
5
100
AcDbPolyline
 90
2
 70
0
 10
67152.68913233584
 20
87494.21139525902
 10
68394.27915943113
 20
87494.21139525902
  0
LWPOLYLINE
  5
BDE
330
1F
100
AcDbEntity
  8
PDF_형상
370
5
100
AcDbPolyline
 90
2
 70
0
 10
43112.33898096367
 20
84405.74751332335
 10
44353.93301737048
 20
84405.74751332335
  0
LWPOLYLINE
  5
BDF
330
1F
100
AcDbEntity
  8
PDF_형상
370
5
100
AcDbPolyline
 90
2
 70
0
 10
44912.64700990495
 20
66200.88503921998
 10
44912.64700990495
 20
71198.29985236394
  0
LWPOLYLINE
  5
BE0
330
1F
100
AcDbEntity
  8
PDF_형상
370
5
100
AcDbPolyline
 90
16
 70
1
 10
84069.39575344486
 20
30613.719764679707
 10
84069.39575344486
 20
31622.514676761573
 10
84224.59646298787
 20
31622.514676761573
 10
84224.59646298787
 20
31296.59579924051
 10
85124.74653281328
 20
31296.59579924051
 10
85124.74653281328
 20
29822.204578498182
 10
85698.9836744186
 20
29822.204578498182
 10
85698.9836744186
 20
29620.44606167927
 10
84069.39575344486
 20
29620.44606167927
 10
84069.39575344486
 20
30023.963224649713
 10
84224.59646298787
 20
30023.963224649713
 10
84224.59646298787
 20
29822.204578498182
 10
84969.55371256084
 20
29822.204578498182
 10
84969.55371256084
 20
31141.397029687017
 10
84224.59646298787
 20
31141.397029687017
 10
84224.59646298787
 20
30613.719764679707
  0
LWPOLYLINE
  5
BE1
330
1F
100
AcDbEntity
  8
PDF_형상
370
5
100
AcDbPolyline
 90
2
 70
0
 10
48854.707034368985
 20
66200.88503921998
 10
48854.707034368985
 20
56206.06343155518
  0
LWPOLYLINE
  5
BE2
330
1F
100
AcDbEntity
  8
PDF_형상
370
5
100
AcDbPolyline
 90
2
 70
0
 10
44912.64700990495
 20
51208.64861841122
 10
44912.64700990495
 20
56206.06343155518
  0
LWPOLYLINE
  5
BE3
330
1F
100
AcDbEntity
  8
PDF_형상
370
5
100
AcDbPolyline
 90
2
 70
0
 10
49149.58530438399
 20
24917.91145853977
 10
49149.58530438399
 20
21162.090811135284
  0
LWPOLYLINE
  5
BE4
330
1F
100
AcDbEntity
  8
PDF_형상
370
5
100
AcDbPolyline
 90
3
 70
0
 10
49149.58530438399
 20
66200.88503921998
 10
49149.58530438399
 20
65300.73496939458
 10
53852.11783820139
 20
65300.73496939458
  0
LWPOLYLINE
  5
BE5
330
1F
100
AcDbEntity
  8
PDF_형상
370
5
100
AcDbPolyline
 90
4
 70
1
 10
108528.78233687945
 20
27245.8988218105
 10
107628.62437776358
 20
27245.8988218105
 10
107628.62437776358
 20
27370.057113190538
 10
108528.78233687945
 20
27370.057113190538
  0
LWPOLYLINE
  5
BE6
330
1F
100
AcDbEntity
  8
PDF_형상
370
5
100
AcDbPolyline
 90
4
 70
1
 10
96919.88405870982
 20
22357.12497094408
 10
97820.04201782572
 20
22357.12497094408
 10
97820.04201782572
 20
22481.2852023136
 10
96919.88405870982
 20
22481.2852023136
  0
LWPOLYLINE
  5
BE7
330
1F
100
AcDbEntity
  8
PDF_형상
370
5
100
AcDbPolyline
 90
4
 70
1
 10
76293.91847745121
 20
31901.87354835195
 10
76293.91847745121
 20
31606.99527833696
 10
75999.03632745727
 20
31606.99527833696
 10
75999.03632745727
 20
31901.87354835195
  0
LWPOLYLINE
  5
BE8
330
1F
100
AcDbEntity
  8
PDF_형상
370
5
100
AcDbPolyline
 90
6
 70
1
 10
76076.6406915403
 20
31669.074424026992
 10
76092.15996063229
 20
31684.59369311897
 10
76076.6406915403
 20
31700.115031533052
 10
76061.1214224483
 20
31700.115031533052
 10
76061.1214224483
 20
31684.59369311897
 10
76061.1214224483
 20
31669.074424026992
  0
LWPOLYLINE
  5
BE9
330
1F
100
AcDbEntity
  8
PDF_형상
370
5
100
AcDbPolyline
 90
6
 70
1
 10
76076.6406915403
 20
31715.634300625046
 10
76076.6406915403
 20
31731.153569717026
 10
76092.15996063229
 20
31731.153569717026
 10
76076.6406915403
 20
31746.674778798457
 10
76061.1214224483
 20
31746.674778798457
 10
76061.1214224483
 20
31731.153569717026
  0
LWPOLYLINE
  5
BEA
330
1F
100
AcDbEntity
  8
PDF_형상
370
5
100
AcDbPolyline
 90
6
 70
1
 10
76076.6406915403
 20
31762.194047890436
 10
76076.6406915403
 20
31777.713446315065
 10
76092.15996063229
 20
31777.713446315065
 10
76076.6406915403
 20
31793.23465539651
 10
76061.1214224483
 20
31793.23465539651
 10
76061.1214224483
 20
31777.713446315065
  0
LWPOLYLINE
  5
BEB
330
1F
100
AcDbEntity
  8
PDF_형상
370
5
100
AcDbPolyline
 90
6
 70
1
 10
76076.6406915403
 20
31808.753924488505
 10
76076.6406915403
 20
31824.273193580484
 10
76092.15996063229
 20
31824.273193580484
 10
76076.6406915403
 20
31839.794402661915
 10
76061.1214224483
 20
31839.794402661915
 10
76061.1214224483
 20
31824.273193580484
  0
LWPOLYLINE
  5
BEC
330
1F
100
AcDbEntity
  8
PDF_형상
370
5
100
AcDbPolyline
 90
5
 70
1
 10
76076.6406915403
 20
31870.833070178523
 10
76092.15996063229
 20
31870.833070178523
 10
76076.6406915403
 20
31886.35427925997
 10
76061.1214224483
 20
31886.35427925997
 10
76061.1214224483
 20
31870.833070178523
  0
LWPOLYLINE
  5
BED
330
1F
100
AcDbEntity
  8
PDF_형상
370
5
100
AcDbPolyline
 90
6
 70
1
 10
76123.19849881624
 20
31669.074424026992
 10
76138.71776790825
 20
31684.59369311897
 10
76123.19849881624
 20
31700.115031533052
 10
76107.67922972426
 20
31700.115031533052
 10
76107.67922972426
 20
31684.59369311897
 10
76107.67922972426
 20
31669.074424026992
  0
LWPOLYLINE
  5
BEE
330
1F
100
AcDbEntity
  8
PDF_형상
370
5
100
AcDbPolyline
 90
6
 70
1
 10
76123.19849881624
 20
31715.634300625046
 10
76123.19849881624
 20
31731.153569717026
 10
76138.71776790825
 20
31731.153569717026
 10
76123.19849881624
 20
31746.674778798457
 10
76107.67922972426
 20
31746.674778798457
 10
76107.67922972426
 20
31731.153569717026
  0
LWPOLYLINE
  5
BEF
330
1F
100
AcDbEntity
  8
PDF_형상
370
5
100
AcDbPolyline
 90
6
 70
1
 10
76123.19849881624
 20
31762.194047890436
 10
76123.19849881624
 20
31777.713446315065
 10
76138.71776790825
 20
31777.713446315065
 10
76123.19849881624
 20
31793.23465539651
 10
76107.67922972426
 20
31793.23465539651
 10
76107.67922972426
 20
31777.713446315065
  0
LWPOLYLINE
  5
BF0
330
1F
100
AcDbEntity
  8
PDF_형상
370
5
100
AcDbPolyline
 90
6
 70
1
 10
76123.19849881624
 20
31808.753924488505
 10
76123.19849881624
 20
31824.273193580484
 10
76138.71776790825
 20
31824.273193580484
 10
76123.19849881624
 20
31839.794402661915
 10
76107.67922972426
 20
31839.794402661915
 10
76107.67922972426
 20
31824.273193580484
  0
LWPOLYLINE
  5
BF1
330
1F
100
AcDbEntity
  8
PDF_형상
370
5
100
AcDbPolyline
 90
5
 70
1
 10
76123.19849881624
 20
31870.833070178523
 10
76138.71776790825
 20
31870.833070178523
 10
76123.19849881624
 20
31886.35427925997
 10
76107.67922972426
 20
31886.35427925997
 10
76107.67922972426
 20
31870.833070178523
  0
LWPOLYLINE
  5
BF2
330
1F
100
AcDbEntity
  8
PDF_형상
370
5
100
AcDbPolyline
 90
6
 70
1
 10
76169.75630609218
 20
31669.074424026992
 10
76185.27570451681
 20
31684.59369311897
 10
76169.75630609218
 20
31700.115031533052
 10
76154.23703700023
 20
31700.115031533052
 10
76154.23703700023
 20
31684.59369311897
 10
76154.23703700023
 20
31669.074424026992
  0
LWPOLYLINE
  5
BF3
330
1F
100
AcDbEntity
  8
PDF_형상
370
5
100
AcDbPolyline
 90
6
 70
1
 10
76169.75630609218
 20
31715.634300625046
 10
76169.75630609218
 20
31731.153569717026
 10
76185.27570451681
 20
31731.153569717026
 10
76169.75630609218
 20
31746.674778798457
 10
76154.23703700023
 20
31746.674778798457
 10
76154.23703700023
 20
31731.153569717026
  0
LWPOLYLINE
  5
BF4
330
1F
100
AcDbEntity
  8
PDF_형상
370
5
100
AcDbPolyline
 90
6
 70
1
 10
76169.75630609218
 20
31762.194047890436
 10
76169.75630609218
 20
31777.713446315065
 10
76185.27570451681
 20
31777.713446315065
 10
76169.75630609218
 20
31793.23465539651
 10
76154.23703700023
 20
31793.23465539651
 10
76154.23703700023
 20
31777.713446315065
  0
LWPOLYLINE
  5
BF5
330
1F
100
AcDbEntity
  8
PDF_형상
370
5
100
AcDbPolyline
 90
6
 70
1
 10
76169.75630609218
 20
31808.753924488505
 10
76169.75630609218
 20
31824.273193580484
 10
76185.27570451681
 20
31824.273193580484
 10
76169.75630609218
 20
31839.794402661915
 10
76154.23703700023
 20
31839.794402661915
 10
76154.23703700023
 20
31824.273193580484
  0
LWPOLYLINE
  5
BF6
330
1F
100
AcDbEntity
  8
PDF_형상
370
5
100
AcDbPolyline
 90
5
 70
1
 10
76169.75630609218
 20
31870.833070178523
 10
76185.27570451681
 20
31870.833070178523
 10
76169.75630609218
 20
31886.35427925997
 10
76154.23703700023
 20
31886.35427925997
 10
76154.23703700023
 20
31870.833070178523
  0
LWPOLYLINE
  5
BF7
330
1F
100
AcDbEntity
  8
PDF_형상
370
5
100
AcDbPolyline
 90
8
 70
1
 10
76216.32213199128
 20
31669.074424026992
 10
76231.84140108326
 20
31669.074424026992
 10
76231.84140108326
 20
31684.59369311897
 10
76231.84140108326
 20
31700.115031533052
 10
76216.32213199128
 20
31700.115031533052
 10
76200.79497360879
 20
31700.115031533052
 10
76200.79497360879
 20
31684.59369311897
 10
76200.79497360879
 20
31669.074424026992
  0
LWPOLYLINE
  5
BF8
330
1F
100
AcDbEntity
  8
PDF_형상
370
5
100
AcDbPolyline
 90
6
 70
1
 10
76216.32213199128
 20
31715.634300625046
 10
76231.84140108326
 20
31731.153569717026
 10
76231.84140108326
 20
31746.674778798457
 10
76216.32213199128
 20
31746.674778798457
 10
76200.79497360879
 20
31746.674778798457
 10
76200.79497360879
 20
31731.153569717026
  0
LWPOLYLINE
  5
BF9
330
1F
100
AcDbEntity
  8
PDF_형상
370
5
100
AcDbPolyline
 90
6
 70
1
 10
76216.32213199128
 20
31762.194047890436
 10
76231.84140108326
 20
31777.713446315065
 10
76231.84140108326
 20
31793.23465539651
 10
76216.32213199128
 20
31793.23465539651
 10
76200.79497360879
 20
31793.23465539651
 10
76200.79497360879
 20
31777.713446315065
  0
LWPOLYLINE
  5
BFA
330
1F
100
AcDbEntity
  8
PDF_형상
370
5
100
AcDbPolyline
 90
6
 70
1
 10
76216.32213199128
 20
31808.753924488505
 10
76231.84140108326
 20
31824.273193580484
 10
76231.84140108326
 20
31839.794402661915
 10
76216.32213199128
 20
31839.794402661915
 10
76200.79497360879
 20
31839.794402661915
 10
76200.79497360879
 20
31824.273193580484
  0
LWPOLYLINE
  5
BFB
330
1F
100
AcDbEntity
  8
PDF_형상
370
5
100
AcDbPolyline
 90
6
 70
1
 10
76216.32213199128
 20
31870.833070178523
 10
76231.84140108326
 20
31870.833070178523
 10
76231.84140108326
 20
31886.35427925997
 10
76216.32213199128
 20
31886.35427925997
 10
76200.79497360879
 20
31886.35427925997
 10
76200.79497360879
 20
31870.833070178523
  0
LWPOLYLINE
  5
BFC
330
1F
100
AcDbEntity
  8
PDF_형상
370
5
100
AcDbPolyline
 90
6
 70
1
 10
76262.87993926722
 20
31669.074424026992
 10
76278.3992083592
 20
31669.074424026992
 10
76278.3992083592
 20
31684.59369311897
 10
76278.3992083592
 20
31700.115031533052
 10
76262.87993926722
 20
31700.115031533052
 10
76247.36067017527
 20
31684.59369311897
  0
LWPOLYLINE
  5
BFD
330
1F
100
AcDbEntity
  8
PDF_형상
370
5
100
AcDbPolyline
 90
6
 70
1
 10
76262.87993926722
 20
31715.634300625046
 10
76278.3992083592
 20
31731.153569717026
 10
76278.3992083592
 20
31746.674778798457
 10
76262.87993926722
 20
31746.674778798457
 10
76247.36067017527
 20
31731.153569717026
 10
76262.87993926722
 20
31731.153569717026
  0
LWPOLYLINE
  5
BFE
330
1F
100
AcDbEntity
  8
PDF_형상
370
5
100
AcDbPolyline
 90
6
 70
1
 10
76262.87993926722
 20
31762.194047890436
 10
76278.3992083592
 20
31777.713446315065
 10
76278.3992083592
 20
31793.23465539651
 10
76262.87993926722
 20
31793.23465539651
 10
76247.36067017527
 20
31777.713446315065
 10
76262.87993926722
 20
31777.713446315065
  0
LWPOLYLINE
  5
BFF
330
1F
100
AcDbEntity
  8
PDF_형상
370
5
100
AcDbPolyline
 90
6
 70
1
 10
76262.87993926722
 20
31808.753924488505
 10
76278.3992083592
 20
31824.273193580484
 10
76278.3992083592
 20
31839.794402661915
 10
76262.87993926722
 20
31839.794402661915
 10
76247.36067017527
 20
31824.273193580484
 10
76262.87993926722
 20
31824.273193580484
  0
LWPOLYLINE
  5
C00
330
1F
100
AcDbEntity
  8
PDF_형상
370
5
100
AcDbPolyline
 90
5
 70
1
 10
76262.87993926722
 20
31870.833070178523
 10
76278.3992083592
 20
31870.833070178523
 10
76278.3992083592
 20
31886.35427925997
 10
76262.87993926722
 20
31886.35427925997
 10
76247.36067017527
 20
31870.833070178523
  0
LWPOLYLINE
  5
C03
330
1F
100
AcDbEntity
  8
PDF_형상
370
5
100
AcDbPolyline
 90
6
 70
1
 10
76030.08275493175
 20
31669.074424026992
 10
76030.08275493175
 20
31684.59369311897
 10
76030.08275493175
 20
31700.115031533052
 10
76014.56348583977
 20
31700.115031533052
 10
76014.56348583977
 20
31684.59369311897
 10
76014.56348583977
 20
31669.074424026992
  0
LWPOLYLINE
  5
C04
330
1F
100
AcDbEntity
  8
PDF_형상
370
5
100
AcDbPolyline
 90
5
 70
1
 10
76030.08275493175
 20
31715.634300625046
 10
76030.08275493175
 20
31731.153569717026
 10
76030.08275493175
 20
31746.674778798457
 10
76014.56348583977
 20
31746.674778798457
 10
76014.56348583977
 20
31731.153569717026
  0
LWPOLYLINE
  5
C05
330
1F
100
AcDbEntity
  8
PDF_형상
370
5
100
AcDbPolyline
 90
5
 70
1
 10
76030.08275493175
 20
31762.194047890436
 10
76030.08275493175
 20
31777.713446315065
 10
76030.08275493175
 20
31793.23465539651
 10
76014.56348583977
 20
31793.23465539651
 10
76014.56348583977
 20
31777.713446315065
  0
LWPOLYLINE
  5
C06
330
1F
100
AcDbEntity
  8
PDF_형상
370
5
100
AcDbPolyline
 90
5
 70
1
 10
76030.08275493175
 20
31808.753924488505
 10
76030.08275493175
 20
31824.273193580484
 10
76030.08275493175
 20
31839.794402661915
 10
76014.56348583977
 20
31839.794402661915
 10
76014.56348583977
 20
31824.273193580484
  0
LWPOLYLINE
  5
C07
330
1F
100
AcDbEntity
  8
PDF_형상
370
5
100
AcDbPolyline
 90
4
 70
1
 10
76030.08275493175
 20
31870.833070178523
 10
76030.08275493175
 20
31886.35427925997
 10
76014.56348583977
 20
31886.35427925997
 10
76014.56348583977
 20
31870.833070178523
  0
LWPOLYLINE
  5
C08
330
1F
100
AcDbEntity
  8
PDF_형상
370
5
100
AcDbPolyline
 90
6
 70
1
 10
76076.6406915403
 20
31622.514676761573
 10
76092.15996063229
 20
31638.033945853553
 10
76076.6406915403
 20
31638.033945853553
 10
76076.6406915403
 20
31653.555154935
 10
76061.1214224483
 20
31638.033945853553
 10
76061.1214224483
 20
31622.514676761573
  0
LWPOLYLINE
  5
C09
330
1F
100
AcDbEntity
  8
PDF_형상
370
5
100
AcDbPolyline
 90
6
 70
1
 10
76123.19849881624
 20
31622.514676761573
 10
76138.71776790825
 20
31638.033945853553
 10
76123.19849881624
 20
31638.033945853553
 10
76123.19849881624
 20
31653.555154935
 10
76107.67922972426
 20
31638.033945853553
 10
76107.67922972426
 20
31622.514676761573
  0
LWPOLYLINE
  5
C0A
330
1F
100
AcDbEntity
  8
PDF_형상
370
5
100
AcDbPolyline
 90
6
 70
1
 10
76169.75630609218
 20
31622.514676761573
 10
76185.27570451681
 20
31638.033945853553
 10
76169.75630609218
 20
31638.033945853553
 10
76169.75630609218
 20
31653.555154935
 10
76154.23703700023
 20
31638.033945853553
 10
76154.23703700023
 20
31622.514676761573
  0
LWPOLYLINE
  5
C0B
330
1F
100
AcDbEntity
  8
PDF_형상
370
5
100
AcDbPolyline
 90
6
 70
1
 10
76216.32213199128
 20
31622.514676761573
 10
76231.84140108326
 20
31622.514676761573
 10
76231.84140108326
 20
31638.033945853553
 10
76216.32213199128
 20
31653.555154935
 10
76200.79497360879
 20
31638.033945853553
 10
76200.79497360879
 20
31622.514676761573
  0
LWPOLYLINE
  5
C0C
330
1F
100
AcDbEntity
  8
PDF_형상
370
5
100
AcDbPolyline
 90
6
 70
1
 10
76262.87993926722
 20
31622.514676761573
 10
76278.3992083592
 20
31622.514676761573
 10
76278.3992083592
 20
31638.033945853553
 10
76262.87993926722
 20
31653.555154935
 10
76262.87993926722
 20
31638.033945853553
 10
76247.36067017527
 20
31638.033945853553
  0
LWPOLYLINE
  5
C0D
330
1F
100
AcDbEntity
  8
PDF_형상
370
5
100
AcDbPolyline
 90
5
 70
1
 10
76030.08275493175
 20
31622.514676761573
 10
76030.08275493175
 20
31638.033945853553
 10
76030.08275493175
 20
31653.555154935
 10
76014.56348583977
 20
31638.033945853553
 10
76014.56348583977
 20
31622.514676761573
  0
LWPOLYLINE
  5
C0E
330
1F
100
AcDbEntity
  8
PDF_형상
370
5
100
AcDbPolyline
 90
4
 70
1
 10
76293.91847745121
 20
31606.99527833696
 10
76293.91847745121
 20
31312.117137654604
 10
75999.03632745727
 20
31312.117137654604
 10
75999.03632745727
 20
31606.99527833696
  0
LWPOLYLINE
  5
C0F
330
1F
100
AcDbEntity
  8
PDF_형상
370
5
100
AcDbPolyline
 90
5
 70
1
 10
76076.6406915403
 20
31374.19615401199
 10
76092.15996063229
 20
31389.715552436603
 10
76076.6406915403
 20
31389.715552436603
 10
76061.1214224483
 20
31389.715552436603
 10
76061.1214224483
 20
31374.19615401199
  0
LWPOLYLINE
  5
C10
330
1F
100
AcDbEntity
  8
PDF_형상
370
5
100
AcDbPolyline
 90
6
 70
1
 10
76076.6406915403
 20
31420.756030610042
 10
76092.15996063229
 20
31436.27529970202
 10
76076.6406915403
 20
31436.27529970202
 10
76076.6406915403
 20
31451.796508783467
 10
76061.1214224483
 20
31436.27529970202
 10
76061.1214224483
 20
31420.756030610042
  0
LWPOLYLINE
  5
C11
330
1F
100
AcDbEntity
  8
PDF_형상
370
5
100
AcDbPolyline
 90
6
 70
1
 10
76076.6406915403
 20
31467.31590720808
 10
76092.15996063229
 20
31482.83517630006
 10
76076.6406915403
 20
31482.83517630006
 10
76076.6406915403
 20
31498.35638538152
 10
76061.1214224483
 20
31482.83517630006
 10
76061.1214224483
 20
31467.31590720808
  0
LWPOLYLINE
  5
C12
330
1F
100
AcDbEntity
  8
PDF_형상
370
5
100
AcDbPolyline
 90
6
 70
1
 10
76076.6406915403
 20
31513.8756544735
 10
76092.15996063229
 20
31529.39492356548
 10
76076.6406915403
 20
31529.39492356548
 10
76076.6406915403
 20
31544.91626197956
 10
76061.1214224483
 20
31529.39492356548
 10
76061.1214224483
 20
31513.8756544735
  0
LWPOLYLINE
  5
C13
330
1F
100
AcDbEntity
  8
PDF_형상
370
5
100
AcDbPolyline
 90
6
 70
1
 10
76076.6406915403
 20
31560.435531071555
 10
76092.15996063229
 20
31575.954800163534
 10
76076.6406915403
 20
31591.47600924498
 10
76061.1214224483
 20
31591.47600924498
 10
76061.1214224483
 20
31575.954800163534
 10
76061.1214224483
 20
31560.435531071555
  0
LWPOLYLINE
  5
C14
330
1F
100
AcDbEntity
  8
PDF_형상
370
5
100
AcDbPolyline
 90
5
 70
1
 10
76123.19849881624
 20
31374.19615401199
 10
76138.71776790825
 20
31389.715552436603
 10
76123.19849881624
 20
31389.715552436603
 10
76107.67922972426
 20
31389.715552436603
 10
76107.67922972426
 20
31374.19615401199
  0
LWPOLYLINE
  5
C15
330
1F
100
AcDbEntity
  8
PDF_형상
370
5
100
AcDbPolyline
 90
6
 70
1
 10
76123.19849881624
 20
31420.756030610042
 10
76138.71776790825
 20
31436.27529970202
 10
76123.19849881624
 20
31436.27529970202
 10
76123.19849881624
 20
31451.796508783467
 10
76107.67922972426
 20
31436.27529970202
 10
76107.67922972426
 20
31420.756030610042
  0
LWPOLYLINE
  5
C16
330
1F
100
AcDbEntity
  8
PDF_형상
370
5
100
AcDbPolyline
 90
6
 70
1
 10
76123.19849881624
 20
31467.31590720808
 10
76138.71776790825
 20
31482.83517630006
 10
76123.19849881624
 20
31482.83517630006
 10
76123.19849881624
 20
31498.35638538152
 10
76107.67922972426
 20
31482.83517630006
 10
76107.67922972426
 20
31467.31590720808
  0
LWPOLYLINE
  5
C17
330
1F
100
AcDbEntity
  8
PDF_형상
370
5
100
AcDbPolyline
 90
6
 70
1
 10
76123.19849881624
 20
31513.8756544735
 10
76138.71776790825
 20
31529.39492356548
 10
76123.19849881624
 20
31529.39492356548
 10
76123.19849881624
 20
31544.91626197956
 10
76107.67922972426
 20
31529.39492356548
 10
76107.67922972426
 20
31513.8756544735
  0
LWPOLYLINE
  5
C18
330
1F
100
AcDbEntity
  8
PDF_형상
370
5
100
AcDbPolyline
 90
6
 70
1
 10
76123.19849881624
 20
31560.435531071555
 10
76138.71776790825
 20
31575.954800163534
 10
76123.19849881624
 20
31591.47600924498
 10
76107.67922972426
 20
31591.47600924498
 10
76107.67922972426
 20
31575.954800163534
 10
76107.67922972426
 20
31560.435531071555
  0
LWPOLYLINE
  5
C19
330
1F
100
AcDbEntity
  8
PDF_형상
370
5
100
AcDbPolyline
 90
5
 70
1
 10
76169.75630609218
 20
31374.19615401199
 10
76185.27570451681
 20
31389.715552436603
 10
76169.75630609218
 20
31389.715552436603
 10
76154.23703700023
 20
31389.715552436603
 10
76154.23703700023
 20
31374.19615401199
  0
LWPOLYLINE
  5
C1A
330
1F
100
AcDbEntity
  8
PDF_형상
370
5
100
AcDbPolyline
 90
6
 70
1
 10
76169.75630609218
 20
31420.756030610042
 10
76185.27570451681
 20
31436.27529970202
 10
76169.75630609218
 20
31436.27529970202
 10
76169.75630609218
 20
31451.796508783467
 10
76154.23703700023
 20
31436.27529970202
 10
76154.23703700023
 20
31420.756030610042
  0
LWPOLYLINE
  5
C1B
330
1F
100
AcDbEntity
  8
PDF_형상
370
5
100
AcDbPolyline
 90
6
 70
1
 10
76169.75630609218
 20
31467.31590720808
 10
76185.27570451681
 20
31482.83517630006
 10
76169.75630609218
 20
31482.83517630006
 10
76169.75630609218
 20
31498.35638538152
 10
76154.23703700023
 20
31482.83517630006
 10
76154.23703700023
 20
31467.31590720808
  0
LWPOLYLINE
  5
C1C
330
1F
100
AcDbEntity
  8
PDF_형상
370
5
100
AcDbPolyline
 90
6
 70
1
 10
76169.75630609218
 20
31513.8756544735
 10
76185.27570451681
 20
31529.39492356548
 10
76169.75630609218
 20
31529.39492356548
 10
76169.75630609218
 20
31544.91626197956
 10
76154.23703700023
 20
31529.39492356548
 10
76154.23703700023
 20
31513.8756544735
  0
LWPOLYLINE
  5
C1D
330
1F
100
AcDbEntity
  8
PDF_형상
370
5
100
AcDbPolyline
 90
6
 70
1
 10
76169.75630609218
 20
31560.435531071555
 10
76185.27570451681
 20
31575.954800163534
 10
76169.75630609218
 20
31591.47600924498
 10
76154.23703700023
 20
31591.47600924498
 10
76154.23703700023
 20
31575.954800163534
 10
76154.23703700023
 20
31560.435531071555
  0
LWPOLYLINE
  5
C1E
330
1F
100
AcDbEntity
  8
PDF_형상
370
5
100
AcDbPolyline
 90
6
 70
1
 10
76216.32213199128
 20
31374.19615401199
 10
76231.84140108326
 20
31374.19615401199
 10
76231.84140108326
 20
31389.715552436603
 10
76216.32213199128
 20
31389.715552436603
 10
76200.79497360879
 20
31389.715552436603
 10
76200.79497360879
 20
31374.19615401199
  0
LWPOLYLINE
  5
C1F
330
1F
100
AcDbEntity
  8
PDF_형상
370
5
100
AcDbPolyline
 90
6
 70
1
 10
76216.32213199128
 20
31420.756030610042
 10
76231.84140108326
 20
31420.756030610042
 10
76231.84140108326
 20
31436.27529970202
 10
76216.32213199128
 20
31451.796508783467
 10
76200.79497360879
 20
31436.27529970202
 10
76200.79497360879
 20
31420.756030610042
  0
LWPOLYLINE
  5
C20
330
1F
100
AcDbEntity
  8
PDF_형상
370
5
100
AcDbPolyline
 90
6
 70
1
 10
76216.32213199128
 20
31467.31590720808
 10
76231.84140108326
 20
31467.31590720808
 10
76231.84140108326
 20
31482.83517630006
 10
76216.32213199128
 20
31498.35638538152
 10
76200.79497360879
 20
31482.83517630006
 10
76200.79497360879
 20
31467.31590720808
  0
LWPOLYLINE
  5
C21
330
1F
100
AcDbEntity
  8
PDF_형상
370
5
100
AcDbPolyline
 90
6
 70
1
 10
76216.32213199128
 20
31513.8756544735
 10
76231.84140108326
 20
31513.8756544735
 10
76231.84140108326
 20
31529.39492356548
 10
76216.32213199128
 20
31544.91626197956
 10
76200.79497360879
 20
31529.39492356548
 10
76200.79497360879
 20
31513.8756544735
  0
LWPOLYLINE
  5
C22
330
1F
100
AcDbEntity
  8
PDF_형상
370
5
100
AcDbPolyline
 90
8
 70
1
 10
76216.32213199128
 20
31560.435531071555
 10
76231.84140108326
 20
31560.435531071555
 10
76231.84140108326
 20
31575.954800163534
 10
76231.84140108326
 20
31591.47600924498
 10
76216.32213199128
 20
31591.47600924498
 10
76200.79497360879
 20
31591.47600924498
 10
76200.79497360879
 20
31575.954800163534
 10
76200.79497360879
 20
31560.435531071555
  0
LWPOLYLINE
  5
C23
330
1F
100
AcDbEntity
  8
PDF_형상
370
5
100
AcDbPolyline
 90
5
 70
1
 10
76262.87993926722
 20
31374.19615401199
 10
76278.3992083592
 20
31374.19615401199
 10
76278.3992083592
 20
31389.715552436603
 10
76262.87993926722
 20
31389.715552436603
 10
76247.36067017527
 20
31389.715552436603
  0
LWPOLYLINE
  5
C24
330
1F
100
AcDbEntity
  8
PDF_형상
370
5
100
AcDbPolyline
 90
6
 70
1
 10
76262.87993926722
 20
31420.756030610042
 10
76278.3992083592
 20
31420.756030610042
 10
76278.3992083592
 20
31436.27529970202
 10
76262.87993926722
 20
31451.796508783467
 10
76262.87993926722
 20
31436.27529970202
 10
76247.36067017527
 20
31436.27529970202
  0
LWPOLYLINE
  5
C25
330
1F
100
AcDbEntity
  8
PDF_형상
370
5
100
AcDbPolyline
 90
6
 70
1
 10
76262.87993926722
 20
31467.31590720808
 10
76278.3992083592
 20
31467.31590720808
 10
76278.3992083592
 20
31482.83517630006
 10
76262.87993926722
 20
31498.35638538152
 10
76262.87993926722
 20
31482.83517630006
 10
76247.36067017527
 20
31482.83517630006
  0
LWPOLYLINE
  5
C26
330
1F
100
AcDbEntity
  8
PDF_형상
370
5
100
AcDbPolyline
 90
6
 70
1
 10
76262.87993926722
 20
31513.8756544735
 10
76278.3992083592
 20
31513.8756544735
 10
76278.3992083592
 20
31529.39492356548
 10
76262.87993926722
 20
31544.91626197956
 10
76262.87993926722
 20
31529.39492356548
 10
76247.36067017527
 20
31529.39492356548
  0
LWPOLYLINE
  5
C27
330
1F
100
AcDbEntity
  8
PDF_형상
370
5
100
AcDbPolyline
 90
6
 70
1
 10
76262.87993926722
 20
31560.435531071555
 10
76278.3992083592
 20
31560.435531071555
 10
76278.3992083592
 20
31575.954800163534
 10
76278.3992083592
 20
31591.47600924498
 10
76262.87993926722
 20
31591.47600924498
 10
76247.36067017527
 20
31575.954800163534
  0
LWPOLYLINE
  5
C2A
330
1F
100
AcDbEntity
  8
PDF_형상
370
5
100
AcDbPolyline
 90
4
 70
1
 10
76030.08275493175
 20
31374.19615401199
 10
76030.08275493175
 20
31389.715552436603
 10
76014.56348583977
 20
31389.715552436603
 10
76014.56348583977
 20
31374.19615401199
  0
LWPOLYLINE
  5
C2B
330
1F
100
AcDbEntity
  8
PDF_형상
370
5
100
AcDbPolyline
 90
5
 70
1
 10
76030.08275493175
 20
31420.756030610042
 10
76030.08275493175
 20
31436.27529970202
 10
76030.08275493175
 20
31451.796508783467
 10
76014.56348583977
 20
31436.27529970202
 10
76014.56348583977
 20
31420.756030610042
  0
LWPOLYLINE
  5
C2C
330
1F
100
AcDbEntity
  8
PDF_형상
370
5
100
AcDbPolyline
 90
5
 70
1
 10
76030.08275493175
 20
31467.31590720808
 10
76030.08275493175
 20
31482.83517630006
 10
76030.08275493175
 20
31498.35638538152
 10
76014.56348583977
 20
31482.83517630006
 10
76014.56348583977
 20
31467.31590720808
  0
LWPOLYLINE
  5
C2D
330
1F
100
AcDbEntity
  8
PDF_형상
370
5
100
AcDbPolyline
 90
5
 70
1
 10
76030.08275493175
 20
31513.8756544735
 10
76030.08275493175
 20
31529.39492356548
 10
76030.08275493175
 20
31544.91626197956
 10
76014.56348583977
 20
31529.39492356548
 10
76014.56348583977
 20
31513.8756544735
  0
LWPOLYLINE
  5
C2E
330
1F
100
AcDbEntity
  8
PDF_형상
370
5
100
AcDbPolyline
 90
6
 70
1
 10
76030.08275493175
 20
31560.435531071555
 10
76030.08275493175
 20
31575.954800163534
 10
76030.08275493175
 20
31591.47600924498
 10
76014.56348583977
 20
31591.47600924498
 10
76014.56348583977
 20
31575.954800163534
 10
76014.56348583977
 20
31560.435531071555
  0
LWPOLYLINE
  5
C2F
330
1F
100
AcDbEntity
  8
PDF_형상
370
5
100
AcDbPolyline
 90
5
 70
1
 10
76076.6406915403
 20
31327.636406746584
 10
76092.15996063229
 20
31343.155675838563
 10
76076.6406915403
 20
31343.155675838563
 10
76061.1214224483
 20
31343.155675838563
 10
76061.1214224483
 20
31327.636406746584
  0
LWPOLYLINE
  5
C30
330
1F
100
AcDbEntity
  8
PDF_형상
370
5
100
AcDbPolyline
 90
5
 70
1
 10
76123.19849881624
 20
31327.636406746584
 10
76138.71776790825
 20
31343.155675838563
 10
76123.19849881624
 20
31343.155675838563
 10
76107.67922972426
 20
31343.155675838563
 10
76107.67922972426
 20
31327.636406746584
  0
LWPOLYLINE
  5
C31
330
1F
100
AcDbEntity
  8
PDF_형상
370
5
100
AcDbPolyline
 90
5
 70
1
 10
76169.75630609218
 20
31327.636406746584
 10
76185.27570451681
 20
31343.155675838563
 10
76169.75630609218
 20
31343.155675838563
 10
76154.23703700023
 20
31343.155675838563
 10
76154.23703700023
 20
31327.636406746584
  0
LWPOLYLINE
  5
C32
330
1F
100
AcDbEntity
  8
PDF_형상
370
5
100
AcDbPolyline
 90
6
 70
1
 10
76216.32213199128
 20
31327.636406746584
 10
76231.84140108326
 20
31327.636406746584
 10
76231.84140108326
 20
31343.155675838563
 10
76216.32213199128
 20
31343.155675838563
 10
76200.79497360879
 20
31343.155675838563
 10
76200.79497360879
 20
31327.636406746584
  0
LWPOLYLINE
  5
C33
330
1F
100
AcDbEntity
  8
PDF_형상
370
5
100
AcDbPolyline
 90
5
 70
1
 10
76262.87993926722
 20
31327.636406746584
 10
76278.3992083592
 20
31327.636406746584
 10
76278.3992083592
 20
31343.155675838563
 10
76262.87993926722
 20
31343.155675838563
 10
76247.36067017527
 20
31343.155675838563
  0
LWPOLYLINE
  5
C34
330
1F
100
AcDbEntity
  8
PDF_형상
370
5
100
AcDbPolyline
 90
4
 70
1
 10
76030.08275493175
 20
31327.636406746584
 10
76030.08275493175
 20
31343.155675838563
 10
76014.56348583977
 20
31343.155675838563
 10
76014.56348583977
 20
31327.636406746584
  0
LWPOLYLINE
  5
C35
330
1F
100
AcDbEntity
  8
PDF_형상
370
5
100
AcDbPolyline
 90
3
 70
0
 10
76588.79286748722
 20
31700.115031533052
 10
76588.79286748722
 20
31513.8756544735
 10
76588.79286748722
 20
31700.115031533052
  0
LWPOLYLINE
  5
C36
330
1F
100
AcDbEntity
  8
PDF_형상
370
5
100
AcDbPolyline
 90
4
 70
1
 10
76293.91847745121
 20
34447.138826866205
 10
76293.91847745121
 20
34152.2605568512
 10
75999.03632745727
 20
34152.2605568512
 10
75999.03632745727
 20
34447.138826866205
  0
LWPOLYLINE
  5
C37
330
1F
100
AcDbEntity
  8
PDF_형상
370
5
100
AcDbPolyline
 90
5
 70
1
 10
76076.6406915403
 20
34214.3416425307
 10
76092.15996063229
 20
34229.86091162268
 10
76076.6406915403
 20
34229.86091162268
 10
76061.1214224483
 20
34229.86091162268
 10
76061.1214224483
 20
34214.3416425307
  0
LWPOLYLINE
  5
C38
330
1F
100
AcDbEntity
  8
PDF_형상
370
5
100
AcDbPolyline
 90
5
 70
1
 10
76076.6406915403
 20
34260.89944980664
 10
76092.15996063229
 20
34276.41884823127
 10
76076.6406915403
 20
34276.41884823127
 10
76061.1214224483
 20
34276.41884823127
 10
76061.1214224483
 20
34260.89944980664
  0
LWPOLYLINE
  5
C39
330
1F
100
AcDbEntity
  8
PDF_형상
370
5
100
AcDbPolyline
 90
6
 70
1
 10
76076.6406915403
 20
34307.46126639416
 10
76092.15996063229
 20
34322.98053548614
 10
76076.6406915403
 20
34322.98053548614
 10
76076.6406915403
 20
34338.49993391075
 10
76061.1214224483
 20
34322.98053548614
 10
76061.1214224483
 20
34307.46126639416
  0
LWPOLYLINE
  5
C3A
330
1F
100
AcDbEntity
  8
PDF_형상
370
5
100
AcDbPolyline
 90
6
 70
1
 10
76076.6406915403
 20
34354.01920300275
 10
76092.15996063229
 20
34369.53847209471
 10
76076.6406915403
 20
34369.53847209471
 10
76076.6406915403
 20
34385.06162116564
 10
76061.1214224483
 20
34369.53847209471
 10
76061.1214224483
 20
34354.01920300275
  0
LWPOLYLINE
  5
C3B
330
1F
100
AcDbEntity
  8
PDF_형상
370
5
100
AcDbPolyline
 90
6
 70
1
 10
76076.6406915403
 20
34400.58101959025
 10
76092.15996063229
 20
34416.10028868223
 10
76076.6406915403
 20
34416.10028868223
 10
76076.6406915403
 20
34431.619557774226
 10
76061.1214224483
 20
34416.10028868223
 10
76061.1214224483
 20
34400.58101959025
  0
LWPOLYLINE
  5
C3C
330
1F
100
AcDbEntity
  8
PDF_형상
370
5
100
AcDbPolyline
 90
5
 70
1
 10
76123.19849881624
 20
34214.3416425307
 10
76138.71776790825
 20
34229.86091162268
 10
76123.19849881624
 20
34229.86091162268
 10
76107.67922972426
 20
34229.86091162268
 10
76107.67922972426
 20
34214.3416425307
  0
LWPOLYLINE
  5
C3D
330
1F
100
AcDbEntity
  8
PDF_형상
370
5
100
AcDbPolyline
 90
5
 70
1
 10
76123.19849881624
 20
34260.89944980664
 10
76138.71776790825
 20
34276.41884823127
 10
76123.19849881624
 20
34276.41884823127
 10
76107.67922972426
 20
34276.41884823127
 10
76107.67922972426
 20
34260.89944980664
  0
LWPOLYLINE
  5
C3E
330
1F
100
AcDbEntity
  8
PDF_형상
370
5
100
AcDbPolyline
 90
6
 70
1
 10
76123.19849881624
 20
34307.46126639416
 10
76138.71776790825
 20
34322.98053548614
 10
76123.19849881624
 20
34322.98053548614
 10
76123.19849881624
 20
34338.49993391075
 10
76107.67922972426
 20
34322.98053548614
 10
76107.67922972426
 20
34307.46126639416
  0
LWPOLYLINE
  5
C3F
330
1F
100
AcDbEntity
  8
PDF_형상
370
5
100
AcDbPolyline
 90
6
 70
1
 10
76123.19849881624
 20
34354.01920300275
 10
76138.71776790825
 20
34369.53847209471
 10
76123.19849881624
 20
34369.53847209471
 10
76123.19849881624
 20
34385.06162116564
 10
76107.67922972426
 20
34369.53847209471
 10
76107.67922972426
 20
34354.01920300275
  0
LWPOLYLINE
  5
C40
330
1F
100
AcDbEntity
  8
PDF_형상
370
5
100
AcDbPolyline
 90
6
 70
1
 10
76123.19849881624
 20
34400.58101959025
 10
76138.71776790825
 20
34416.10028868223
 10
76123.19849881624
 20
34416.10028868223
 10
76123.19849881624
 20
34431.619557774226
 10
76107.67922972426
 20
34416.10028868223
 10
76107.67922972426
 20
34400.58101959025
  0
LWPOLYLINE
  5
C41
330
1F
100
AcDbEntity
  8
PDF_형상
370
5
100
AcDbPolyline
 90
5
 70
1
 10
76169.75630609218
 20
34214.3416425307
 10
76185.27570451681
 20
34229.86091162268
 10
76169.75630609218
 20
34229.86091162268
 10
76154.23703700023
 20
34229.86091162268
 10
76154.23703700023
 20
34214.3416425307
  0
LWPOLYLINE
  5
C42
330
1F
100
AcDbEntity
  8
PDF_형상
370
5
100
AcDbPolyline
 90
5
 70
1
 10
76169.75630609218
 20
34260.89944980664
 10
76185.27570451681
 20
34276.41884823127
 10
76169.75630609218
 20
34276.41884823127
 10
76154.23703700023
 20
34276.41884823127
 10
76154.23703700023
 20
34260.89944980664
  0
LWPOLYLINE
  5
C43
330
1F
100
AcDbEntity
  8
PDF_형상
370
5
100
AcDbPolyline
 90
6
 70
1
 10
76169.75630609218
 20
34307.46126639416
 10
76185.27570451681
 20
34322.98053548614
 10
76169.75630609218
 20
34322.98053548614
 10
76169.75630609218
 20
34338.49993391075
 10
76154.23703700023
 20
34322.98053548614
 10
76154.23703700023
 20
34307.46126639416
  0
LWPOLYLINE
  5
C44
330
1F
100
AcDbEntity
  8
PDF_형상
370
5
100
AcDbPolyline
 90
6
 70
1
 10
76169.75630609218
 20
34354.01920300275
 10
76185.27570451681
 20
34369.53847209471
 10
76169.75630609218
 20
34369.53847209471
 10
76169.75630609218
 20
34385.06162116564
 10
76154.23703700023
 20
34369.53847209471
 10
76154.23703700023
 20
34354.01920300275
  0
LWPOLYLINE
  5
C45
330
1F
100
AcDbEntity
  8
PDF_형상
370
5
100
AcDbPolyline
 90
6
 70
1
 10
76169.75630609218
 20
34400.58101959025
 10
76185.27570451681
 20
34416.10028868223
 10
76169.75630609218
 20
34416.10028868223
 10
76169.75630609218
 20
34431.619557774226
 10
76154.23703700023
 20
34416.10028868223
 10
76154.23703700023
 20
34400.58101959025
  0
LWPOLYLINE
  5
C46
330
1F
100
AcDbEntity
  8
PDF_형상
370
5
100
AcDbPolyline
 90
6
 70
1
 10
76216.32213199128
 20
34214.3416425307
 10
76231.84140108326
 20
34214.3416425307
 10
76231.84140108326
 20
34229.86091162268
 10
76216.32213199128
 20
34229.86091162268
 10
76200.79497360879
 20
34229.86091162268
 10
76200.79497360879
 20
34214.3416425307
  0
LWPOLYLINE
  5
C47
330
1F
100
AcDbEntity
  8
PDF_형상
370
5
100
AcDbPolyline
 90
6
 70
1
 10
76216.32213199128
 20
34260.89944980664
 10
76231.84140108326
 20
34260.89944980664
 10
76231.84140108326
 20
34276.41884823127
 10
76216.32213199128
 20
34276.41884823127
 10
76200.79497360879
 20
34276.41884823127
 10
76200.79497360879
 20
34260.89944980664
  0
LWPOLYLINE
  5
C48
330
1F
100
AcDbEntity
  8
PDF_형상
370
5
100
AcDbPolyline
 90
6
 70
1
 10
76216.32213199128
 20
34307.46126639416
 10
76231.84140108326
 20
34307.46126639416
 10
76231.84140108326
 20
34322.98053548614
 10
76216.32213199128
 20
34338.49993391075
 10
76200.79497360879
 20
34322.98053548614
 10
76200.79497360879
 20
34307.46126639416
  0
LWPOLYLINE
  5
C49
330
1F
100
AcDbEntity
  8
PDF_형상
370
5
100
AcDbPolyline
 90
6
 70
1
 10
76216.32213199128
 20
34354.01920300275
 10
76231.84140108326
 20
34354.01920300275
 10
76231.84140108326
 20
34369.53847209471
 10
76216.32213199128
 20
34385.06162116564
 10
76200.79497360879
 20
34369.53847209471
 10
76200.79497360879
 20
34354.01920300275
  0
LWPOLYLINE
  5
C4A
330
1F
100
AcDbEntity
  8
PDF_형상
370
5
100
AcDbPolyline
 90
6
 70
1
 10
76216.32213199128
 20
34400.58101959025
 10
76231.84140108326
 20
34400.58101959025
 10
76231.84140108326
 20
34416.10028868223
 10
76216.32213199128
 20
34431.619557774226
 10
76200.79497360879
 20
34416.10028868223
 10
76200.79497360879
 20
34400.58101959025
  0
LWPOLYLINE
  5
C4B
330
1F
100
AcDbEntity
  8
PDF_형상
370
5
100
AcDbPolyline
 90
5
 70
1
 10
76262.87993926722
 20
34214.3416425307
 10
76278.3992083592
 20
34214.3416425307
 10
76278.3992083592
 20
34229.86091162268
 10
76262.87993926722
 20
34229.86091162268
 10
76247.36067017527
 20
34229.86091162268
  0
LWPOLYLINE
  5
C4C
330
1F
100
AcDbEntity
  8
PDF_형상
370
5
100
AcDbPolyline
 90
5
 70
1
 10
76262.87993926722
 20
34260.89944980664
 10
76278.3992083592
 20
34260.89944980664
 10
76278.3992083592
 20
34276.41884823127
 10
76262.87993926722
 20
34276.41884823127
 10
76247.36067017527
 20
34276.41884823127
  0
LWPOLYLINE
  5
C4D
330
1F
100
AcDbEntity
  8
PDF_형상
370
5
100
AcDbPolyline
 90
6
 70
1
 10
76262.87993926722
 20
34307.46126639416
 10
76278.3992083592
 20
34307.46126639416
 10
76278.3992083592
 20
34322.98053548614
 10
76262.87993926722
 20
34338.49993391075
 10
76262.87993926722
 20
34322.98053548614
 10
76247.36067017527
 20
34322.98053548614
  0
LWPOLYLINE
  5
C4E
330
1F
100
AcDbEntity
  8
PDF_형상
370
5
100
AcDbPolyline
 90
6
 70
1
 10
76262.87993926722
 20
34354.01920300275
 10
76278.3992083592
 20
34354.01920300275
 10
76278.3992083592
 20
34369.53847209471
 10
76262.87993926722
 20
34385.06162116564
 10
76262.87993926722
 20
34369.53847209471
 10
76247.36067017527
 20
34369.53847209471
  0
LWPOLYLINE
  5
C4F
330
1F
100
AcDbEntity
  8
PDF_형상
370
5
100
AcDbPolyline
 90
6
 70
1
 10
76262.87993926722
 20
34400.58101959025
 10
76278.3992083592
 20
34400.58101959025
 10
76278.3992083592
 20
34416.10028868223
 10
76262.87993926722
 20
34431.619557774226
 10
76262.87993926722
 20
34416.10028868223
 10
76247.36067017527
 20
34416.10028868223
  0
LWPOLYLINE
  5
C52
330
1F
100
AcDbEntity
  8
PDF_형상
370
5
100
AcDbPolyline
 90
4
 70
1
 10
76030.08275493175
 20
34214.3416425307
 10
76030.08275493175
 20
34229.86091162268
 10
76014.56348583977
 20
34229.86091162268
 10
76014.56348583977
 20
34214.3416425307
  0
LWPOLYLINE
  5
C53
330
1F
100
AcDbEntity
  8
PDF_형상
370
5
100
AcDbPolyline
 90
4
 70
1
 10
76030.08275493175
 20
34260.89944980664
 10
76030.08275493175
 20
34276.41884823127
 10
76014.56348583977
 20
34276.41884823127
 10
76014.56348583977
 20
34260.89944980664
  0
LWPOLYLINE
  5
C54
330
1F
100
AcDbEntity
  8
PDF_형상
370
5
100
AcDbPolyline
 90
5
 70
1
 10
76030.08275493175
 20
34307.46126639416
 10
76030.08275493175
 20
34322.98053548614
 10
76030.08275493175
 20
34338.49993391075
 10
76014.56348583977
 20
34322.98053548614
 10
76014.56348583977
 20
34307.46126639416
  0
LWPOLYLINE
  5
C55
330
1F
100
AcDbEntity
  8
PDF_형상
370
5
100
AcDbPolyline
 90
5
 70
1
 10
76030.08275493175
 20
34354.01920300275
 10
76030.08275493175
 20
34369.53847209471
 10
76030.08275493175
 20
34385.06162116564
 10
76014.56348583977
 20
34369.53847209471
 10
76014.56348583977
 20
34354.01920300275
  0
LWPOLYLINE
  5
C56
330
1F
100
AcDbEntity
  8
PDF_형상
370
5
100
AcDbPolyline
 90
5
 70
1
 10
76030.08275493175
 20
34400.58101959025
 10
76030.08275493175
 20
34416.10028868223
 10
76030.08275493175
 20
34431.619557774226
 10
76014.56348583977
 20
34416.10028868223
 10
76014.56348583977
 20
34400.58101959025
  0
LWPOLYLINE
  5
C57
330
1F
100
AcDbEntity
  8
PDF_형상
370
5
100
AcDbPolyline
 90
5
 70
1
 10
76076.6406915403
 20
34167.77982594318
 10
76092.15996063229
 20
34167.77982594318
 10
76076.6406915403
 20
34183.29909503516
 10
76061.1214224483
 20
34183.29909503516
 10
76061.1214224483
 20
34167.77982594318
  0
LWPOLYLINE
  5
C58
330
1F
100
AcDbEntity
  8
PDF_형상
370
5
100
AcDbPolyline
 90
5
 70
1
 10
76123.19849881624
 20
34167.77982594318
 10
76138.71776790825
 20
34167.77982594318
 10
76123.19849881624
 20
34183.29909503516
 10
76107.67922972426
 20
34183.29909503516
 10
76107.67922972426
 20
34167.77982594318
  0
LWPOLYLINE
  5
C59
330
1F
100
AcDbEntity
  8
PDF_형상
370
5
100
AcDbPolyline
 90
5
 70
1
 10
76169.75630609218
 20
34167.77982594318
 10
76185.27570451681
 20
34167.77982594318
 10
76169.75630609218
 20
34183.29909503516
 10
76154.23703700023
 20
34183.29909503516
 10
76154.23703700023
 20
34167.77982594318
  0
LWPOLYLINE
  5
C5A
330
1F
100
AcDbEntity
  8
PDF_형상
370
5
100
AcDbPolyline
 90
6
 70
1
 10
76216.32213199128
 20
34167.77982594318
 10
76231.84140108326
 20
34167.77982594318
 10
76231.84140108326
 20
34183.29909503516
 10
76216.32213199128
 20
34183.29909503516
 10
76200.79497360879
 20
34183.29909503516
 10
76200.79497360879
 20
34167.77982594318
  0
LWPOLYLINE
  5
C5B
330
1F
100
AcDbEntity
  8
PDF_형상
370
5
100
AcDbPolyline
 90
5
 70
1
 10
76262.87993926722
 20
34167.77982594318
 10
76278.3992083592
 20
34167.77982594318
 10
76278.3992083592
 20
34183.29909503516
 10
76262.87993926722
 20
34183.29909503516
 10
76247.36067017527
 20
34167.77982594318
  0
LWPOLYLINE
  5
C5C
330
1F
100
AcDbEntity
  8
PDF_형상
370
5
100
AcDbPolyline
 90
4
 70
1
 10
76030.08275493175
 20
34167.77982594318
 10
76030.08275493175
 20
34183.29909503516
 10
76014.56348583977
 20
34183.29909503516
 10
76014.56348583977
 20
34167.77982594318
  0
LWPOLYLINE
  5
C5D
330
1F
100
AcDbEntity
  8
PDF_형상
370
5
100
AcDbPolyline
 90
4
 70
1
 10
76293.91847745121
 20
34152.2605568512
 10
76293.91847745121
 20
33841.86301774423
 10
75999.03632745727
 20
33841.86301774423
 10
75999.03632745727
 20
34152.2605568512
  0
LWPOLYLINE
  5
C5E
330
1F
100
AcDbEntity
  8
PDF_형상
370
5
100
AcDbPolyline
 90
6
 70
1
 10
76076.6406915403
 20
33903.94410342372
 10
76076.6406915403
 20
33919.4633725157
 10
76092.15996063229
 20
33919.4633725157
 10
76076.6406915403
 20
33934.982641607676
 10
76061.1214224483
 20
33934.982641607676
 10
76061.1214224483
 20
33919.4633725157
  0
LWPOLYLINE
  5
C5F
330
1F
100
AcDbEntity
  8
PDF_형상
370
5
100
AcDbPolyline
 90
5
 70
1
 10
76076.6406915403
 20
33966.021309124284
 10
76092.15996063229
 20
33966.021309124284
 10
76076.6406915403
 20
33981.54057821626
 10
76061.1214224483
 20
33981.54057821626
 10
76061.1214224483
 20
33966.021309124284
  0
LWPOLYLINE
  5
C60
330
1F
100
AcDbEntity
  8
PDF_형상
370
5
100
AcDbPolyline
 90
5
 70
1
 10
76076.6406915403
 20
34012.583125711804
 10
76092.15996063229
 20
34012.583125711804
 10
76076.6406915403
 20
34028.102394803784
 10
76061.1214224483
 20
34028.102394803784
 10
76061.1214224483
 20
34012.583125711804
  0
LWPOLYLINE
  5
C61
330
1F
100
AcDbEntity
  8
PDF_형상
370
5
100
AcDbPolyline
 90
5
 70
1
 10
76076.6406915403
 20
34059.14093298774
 10
76092.15996063229
 20
34074.66020207972
 10
76076.6406915403
 20
34074.66020207972
 10
76061.1214224483
 20
34074.66020207972
 10
76061.1214224483
 20
34059.14093298774
  0
LWPOLYLINE
  5
C62
330
1F
100
AcDbEntity
  8
PDF_형상
370
5
100
AcDbPolyline
 90
5
 70
1
 10
76076.6406915403
 20
34105.70274957526
 10
76092.15996063229
 20
34121.22201866724
 10
76076.6406915403
 20
34121.22201866724
 10
76061.1214224483
 20
34121.22201866724
 10
76061.1214224483
 20
34105.70274957526
  0
LWPOLYLINE
  5
C63
330
1F
100
AcDbEntity
  8
PDF_형상
370
5
100
AcDbPolyline
 90
6
 70
1
 10
76123.19849881624
 20
33903.94410342372
 10
76123.19849881624
 20
33919.4633725157
 10
76138.71776790825
 20
33919.4633725157
 10
76123.19849881624
 20
33934.982641607676
 10
76107.67922972426
 20
33934.982641607676
 10
76107.67922972426
 20
33919.4633725157
  0
LWPOLYLINE
  5
C64
330
1F
100
AcDbEntity
  8
PDF_형상
370
5
100
AcDbPolyline
 90
5
 70
1
 10
76123.19849881624
 20
33966.021309124284
 10
76138.71776790825
 20
33966.021309124284
 10
76123.19849881624
 20
33981.54057821626
 10
76107.67922972426
 20
33981.54057821626
 10
76107.67922972426
 20
33966.021309124284
  0
LWPOLYLINE
  5
C65
330
1F
100
AcDbEntity
  8
PDF_형상
370
5
100
AcDbPolyline
 90
5
 70
1
 10
76123.19849881624
 20
34012.583125711804
 10
76138.71776790825
 20
34012.583125711804
 10
76123.19849881624
 20
34028.102394803784
 10
76107.67922972426
 20
34028.102394803784
 10
76107.67922972426
 20
34012.583125711804
  0
LWPOLYLINE
  5
C66
330
1F
100
AcDbEntity
  8
PDF_형상
370
5
100
AcDbPolyline
 90
5
 70
1
 10
76123.19849881624
 20
34059.14093298774
 10
76138.71776790825
 20
34074.66020207972
 10
76123.19849881624
 20
34074.66020207972
 10
76107.67922972426
 20
34074.66020207972
 10
76107.67922972426
 20
34059.14093298774
  0
LWPOLYLINE
  5
C67
330
1F
100
AcDbEntity
  8
PDF_형상
370
5
100
AcDbPolyline
 90
5
 70
1
 10
76123.19849881624
 20
34105.70274957526
 10
76138.71776790825
 20
34121.22201866724
 10
76123.19849881624
 20
34121.22201866724
 10
76107.67922972426
 20
34121.22201866724
 10
76107.67922972426
 20
34105.70274957526
  0
LWPOLYLINE
  5
C68
330
1F
100
AcDbEntity
  8
PDF_형상
370
5
100
AcDbPolyline
 90
6
 70
1
 10
76169.75630609218
 20
33903.94410342372
 10
76169.75630609218
 20
33919.4633725157
 10
76185.27570451681
 20
33919.4633725157
 10
76169.75630609218
 20
33934.982641607676
 10
76154.23703700023
 20
33934.982641607676
 10
76154.23703700023
 20
33919.4633725157
  0
LWPOLYLINE
  5
C69
330
1F
100
AcDbEntity
  8
PDF_형상
370
5
100
AcDbPolyline
 90
5
 70
1
 10
76169.75630609218
 20
33966.021309124284
 10
76185.27570451681
 20
33966.021309124284
 10
76169.75630609218
 20
33981.54057821626
 10
76154.23703700023
 20
33981.54057821626
 10
76154.23703700023
 20
33966.021309124284
  0
LWPOLYLINE
  5
C6A
330
1F
100
AcDbEntity
  8
PDF_형상
370
5
100
AcDbPolyline
 90
5
 70
1
 10
76169.75630609218
 20
34012.583125711804
 10
76185.27570451681
 20
34012.583125711804
 10
76169.75630609218
 20
34028.102394803784
 10
76154.23703700023
 20
34028.102394803784
 10
76154.23703700023
 20
34012.583125711804
  0
LWPOLYLINE
  5
C6B
330
1F
100
AcDbEntity
  8
PDF_형상
370
5
100
AcDbPolyline
 90
5
 70
1
 10
76169.75630609218
 20
34059.14093298774
 10
76185.27570451681
 20
34074.66020207972
 10
76169.75630609218
 20
34074.66020207972
 10
76154.23703700023
 20
34074.66020207972
 10
76154.23703700023
 20
34059.14093298774
  0
LWPOLYLINE
  5
C6C
330
1F
100
AcDbEntity
  8
PDF_형상
370
5
100
AcDbPolyline
 90
5
 70
1
 10
76169.75630609218
 20
34105.70274957526
 10
76185.27570451681
 20
34121.22201866724
 10
76169.75630609218
 20
34121.22201866724
 10
76154.23703700023
 20
34121.22201866724
 10
76154.23703700023
 20
34105.70274957526
  0
LWPOLYLINE
  5
C6D
330
1F
100
AcDbEntity
  8
PDF_형상
370
5
100
AcDbPolyline
 90
6
 70
1
 10
76216.32213199128
 20
33903.94410342372
 10
76231.84140108326
 20
33919.4633725157
 10
76231.84140108326
 20
33934.982641607676
 10
76216.32213199128
 20
33934.982641607676
 10
76200.79497360879
 20
33934.982641607676
 10
76200.79497360879
 20
33919.4633725157
  0
LWPOLYLINE
  5
C6E
330
1F
100
AcDbEntity
  8
PDF_형상
370
5
100
AcDbPolyline
 90
6
 70
1
 10
76216.32213199128
 20
33966.021309124284
 10
76231.84140108326
 20
33966.021309124284
 10
76231.84140108326
 20
33981.54057821626
 10
76216.32213199128
 20
33981.54057821626
 10
76200.79497360879
 20
33981.54057821626
 10
76200.79497360879
 20
33966.021309124284
  0
LWPOLYLINE
  5
C6F
330
1F
100
AcDbEntity
  8
PDF_형상
370
5
100
AcDbPolyline
 90
6
 70
1
 10
76216.32213199128
 20
34012.583125711804
 10
76231.84140108326
 20
34012.583125711804
 10
76231.84140108326
 20
34028.102394803784
 10
76216.32213199128
 20
34028.102394803784
 10
76200.79497360879
 20
34028.102394803784
 10
76200.79497360879
 20
34012.583125711804
  0
LWPOLYLINE
  5
C70
330
1F
100
AcDbEntity
  8
PDF_형상
370
5
100
AcDbPolyline
 90
6
 70
1
 10
76216.32213199128
 20
34059.14093298774
 10
76231.84140108326
 20
34059.14093298774
 10
76231.84140108326
 20
34074.66020207972
 10
76216.32213199128
 20
34074.66020207972
 10
76200.79497360879
 20
34074.66020207972
 10
76200.79497360879
 20
34059.14093298774
  0
LWPOLYLINE
  5
C71
330
1F
100
AcDbEntity
  8
PDF_형상
370
5
100
AcDbPolyline
 90
6
 70
1
 10
76216.32213199128
 20
34105.70274957526
 10
76231.84140108326
 20
34105.70274957526
 10
76231.84140108326
 20
34121.22201866724
 10
76216.32213199128
 20
34121.22201866724
 10
76200.79497360879
 20
34121.22201866724
 10
76200.79497360879
 20
34105.70274957526
  0
LWPOLYLINE
  5
C72
330
1F
100
AcDbEntity
  8
PDF_형상
370
5
100
AcDbPolyline
 90
6
 70
1
 10
76262.87993926722
 20
33903.94410342372
 10
76278.3992083592
 20
33919.4633725157
 10
76278.3992083592
 20
33934.982641607676
 10
76262.87993926722
 20
33934.982641607676
 10
76247.36067017527
 20
33919.4633725157
 10
76262.87993926722
 20
33919.4633725157
  0
LWPOLYLINE
  5
C73
330
1F
100
AcDbEntity
  8
PDF_형상
370
5
100
AcDbPolyline
 90
5
 70
1
 10
76262.87993926722
 20
33966.021309124284
 10
76278.3992083592
 20
33966.021309124284
 10
76278.3992083592
 20
33981.54057821626
 10
76262.87993926722
 20
33981.54057821626
 10
76247.36067017527
 20
33966.021309124284
  0
LWPOLYLINE
  5
C74
330
1F
100
AcDbEntity
  8
PDF_형상
370
5
100
AcDbPolyline
 90
5
 70
1
 10
76262.87993926722
 20
34012.583125711804
 10
76278.3992083592
 20
34012.583125711804
 10
76278.3992083592
 20
34028.102394803784
 10
76262.87993926722
 20
34028.102394803784
 10
76247.36067017527
 20
34012.583125711804
  0
LWPOLYLINE
  5
C75
330
1F
100
AcDbEntity
  8
PDF_형상
370
5
100
AcDbPolyline
 90
5
 70
1
 10
76262.87993926722
 20
34059.14093298774
 10
76278.3992083592
 20
34059.14093298774
 10
76278.3992083592
 20
34074.66020207972
 10
76262.87993926722
 20
34074.66020207972
 10
76247.36067017527
 20
34074.66020207972
  0
LWPOLYLINE
  5
C76
330
1F
100
AcDbEntity
  8
PDF_형상
370
5
100
AcDbPolyline
 90
5
 70
1
 10
76262.87993926722
 20
34105.70274957526
 10
76278.3992083592
 20
34105.70274957526
 10
76278.3992083592
 20
34121.22201866724
 10
76262.87993926722
 20
34121.22201866724
 10
76247.36067017527
 20
34121.22201866724
  0
LWPOLYLINE
  5
C79
330
1F
100
AcDbEntity
  8
PDF_형상
370
5
100
AcDbPolyline
 90
5
 70
1
 10
76030.08275493175
 20
33903.94410342372
 10
76030.08275493175
 20
33919.4633725157
 10
76030.08275493175
 20
33934.982641607676
 10
76014.56348583977
 20
33934.982641607676
 10
76014.56348583977
 20
33919.4633725157
  0
LWPOLYLINE
  5
C7A
330
1F
100
AcDbEntity
  8
PDF_형상
370
5
100
AcDbPolyline
 90
4
 70
1
 10
76030.08275493175
 20
33966.021309124284
 10
76030.08275493175
 20
33981.54057821626
 10
76014.56348583977
 20
33981.54057821626
 10
76014.56348583977
 20
33966.021309124284
  0
LWPOLYLINE
  5
C7B
330
1F
100
AcDbEntity
  8
PDF_형상
370
5
100
AcDbPolyline
 90
4
 70
1
 10
76030.08275493175
 20
34012.583125711804
 10
76030.08275493175
 20
34028.102394803784
 10
76014.56348583977
 20
34028.102394803784
 10
76014.56348583977
 20
34012.583125711804
  0
LWPOLYLINE
  5
C7C
330
1F
100
AcDbEntity
  8
PDF_형상
370
5
100
AcDbPolyline
 90
4
 70
1
 10
76030.08275493175
 20
34059.14093298774
 10
76030.08275493175
 20
34074.66020207972
 10
76014.56348583977
 20
34074.66020207972
 10
76014.56348583977
 20
34059.14093298774
  0
LWPOLYLINE
  5
C7D
330
1F
100
AcDbEntity
  8
PDF_형상
370
5
100
AcDbPolyline
 90
4
 70
1
 10
76030.08275493175
 20
34105.70274957526
 10
76030.08275493175
 20
34121.22201866724
 10
76014.56348583977
 20
34121.22201866724
 10
76014.56348583977
 20
34105.70274957526
  0
LWPOLYLINE
  5
C7E
330
1F
100
AcDbEntity
  8
PDF_형상
370
5
100
AcDbPolyline
 90
6
 70
1
 10
76076.6406915403
 20
33857.38228683621
 10
76076.6406915403
 20
33872.90155592819
 10
76092.15996063229
 20
33872.90155592819
 10
76076.6406915403
 20
33888.420954352805
 10
76061.1214224483
 20
33888.420954352805
 10
76061.1214224483
 20
33872.90155592819
  0
LWPOLYLINE
  5
C7F
330
1F
100
AcDbEntity
  8
PDF_형상
370
5
100
AcDbPolyline
 90
6
 70
1
 10
76123.19849881624
 20
33857.38228683621
 10
76123.19849881624
 20
33872.90155592819
 10
76138.71776790825
 20
33872.90155592819
 10
76123.19849881624
 20
33888.420954352805
 10
76107.67922972426
 20
33888.420954352805
 10
76107.67922972426
 20
33872.90155592819
  0
LWPOLYLINE
  5
C80
330
1F
100
AcDbEntity
  8
PDF_형상
370
5
100
AcDbPolyline
 90
6
 70
1
 10
76169.75630609218
 20
33857.38228683621
 10
76169.75630609218
 20
33872.90155592819
 10
76185.27570451681
 20
33872.90155592819
 10
76169.75630609218
 20
33888.420954352805
 10
76154.23703700023
 20
33888.420954352805
 10
76154.23703700023
 20
33872.90155592819
  0
LWPOLYLINE
  5
C81
330
1F
100
AcDbEntity
  8
PDF_형상
370
5
100
AcDbPolyline
 90
6
 70
1
 10
76216.32213199128
 20
33857.38228683621
 10
76231.84140108326
 20
33872.90155592819
 10
76231.84140108326
 20
33888.420954352805
 10
76216.32213199128
 20
33888.420954352805
 10
76200.79497360879
 20
33888.420954352805
 10
76200.79497360879
 20
33872.90155592819
  0
LWPOLYLINE
  5
C82
330
1F
100
AcDbEntity
  8
PDF_형상
370
5
100
AcDbPolyline
 90
6
 70
1
 10
76262.87993926722
 20
33857.38228683621
 10
76278.3992083592
 20
33872.90155592819
 10
76278.3992083592
 20
33888.420954352805
 10
76262.87993926722
 20
33888.420954352805
 10
76247.36067017527
 20
33872.90155592819
 10
76262.87993926722
 20
33872.90155592819
  0
LWPOLYLINE
  5
C83
330
1F
100
AcDbEntity
  8
PDF_형상
370
5
100
AcDbPolyline
 90
5
 70
1
 10
76030.08275493175
 20
33857.38228683621
 10
76030.08275493175
 20
33872.90155592819
 10
76030.08275493175
 20
33888.420954352805
 10
76014.56348583977
 20
33888.420954352805
 10
76014.56348583977
 20
33872.90155592819
  0
LWPOLYLINE
  5
C84
330
1F
100
AcDbEntity
  8
PDF_형상
370
5
100
AcDbPolyline
 90
3
 70
0
 10
76588.79286748722
 20
34245.38018071466
 10
76588.79286748722
 20
34043.62166389576
 10
76588.79286748722
 20
34245.38018071466
  0
LWPOLYLINE
  5
C85
330
1F
100
AcDbEntity
  8
PDF_형상
370
5
100
AcDbPolyline
 90
6
 70
0
 10
86009.38522283708
 20
35455.93567893754
 10
85761.06876940966
 20
35455.93567893754
 10
85745.5495003177
 20
35440.412529866626
 10
85745.5495003177
 20
35424.89313144201
 10
85761.06876940966
 20
35424.89313144201
 10
86009.38522283708
 20
35424.89313144201
  0
LWPOLYLINE
  5
C86
330
1F
100
AcDbEntity
  8
PDF_형상
370
5
100
AcDbPolyline
 90
20
 70
0
 10
86009.38522283708
 20
34819.61745165267
 10
85761.06876940966
 20
34819.61745165267
 10
85745.5495003177
 20
34819.61745165267
 10
85745.5495003177
 20
34804.098182560694
 10
85745.5495003177
 20
34788.5789134687
 10
85761.06876940966
 20
34788.5789134687
 10
86009.38522283708
 20
34788.5789134687
 10
86009.38522283708
 20
34819.61745165267
 10
86040.4237610211
 20
34819.61745165267
 10
86040.4237610211
 20
34804.098182560694
 10
86040.4237610211
 20
34788.5789134687
 10
86055.94303011308
 20
34788.5789134687
 10
86071.46229920512
 20
34788.5789134687
 10
86071.46229920512
 20
34804.098182560694
 10
86071.46229920512
 20
34819.61745165267
 10
86102.50872667953
 20
34819.61745165267
 10
86288.74021444864
 20
34819.61745165267
 10
86288.74021444864
 20
34788.5789134687
 10
86288.74021444864
 20
34773.059515044086
 10
86304.26737283108
 20
34773.059515044086
  0
LWPOLYLINE
  5
C87
330
1F
100
AcDbEntity
  8
PDF_형상
370
5
100
AcDbPolyline
 90
14
 70
0
 10
86071.46229920512
 20
34974.81816119562
 10
86009.38522283708
 20
35021.375968471584
 10
85931.78874804456
 20
35052.41463598816
 10
85916.26947895261
 20
35114.49572166766
 10
85931.78874804456
 20
35192.09607643914
 10
86009.38522283708
 20
35223.1346146231
 10
86071.46229920512
 20
35269.69643121062
 10
86071.46229920512
 20
35254.17716211864
 10
86086.9815682971
 20
35254.17716211864
 10
86102.50872667953
 20
35238.65388371508
 10
86149.06666328815
 20
35114.49572166766
 10
86102.50872667953
 20
35005.85669937959
 10
86102.50872667953
 20
34990.3374302876
 10
86086.9815682971
 20
34990.3374302876
  0
LWPOLYLINE
  5
C8A
330
1F
100
AcDbEntity
  8
PDF_형상
370
5
100
AcDbPolyline
 90
2
 70
0
 10
86102.50872667953
 20
34788.5789134687
 10
86288.74021444864
 20
34788.5789134687
  0
LWPOLYLINE
  5
C8C
330
1F
100
AcDbEntity
  8
PDF_형상
370
5
100
AcDbPolyline
 90
8
 70
1
 10
86149.06666328815
 20
35114.49572166766
 10
86133.5473941962
 20
35145.53425985162
 10
86118.02799577151
 20
35145.53425985162
 10
86086.9815682971
 20
35145.53425985162
 10
86086.9815682971
 20
35114.49572166766
 10
86086.9815682971
 20
35098.97632324305
 10
86118.02799577151
 20
35083.45705415107
 10
86133.5473941962
 20
35098.97632324305
  0
LWPOLYLINE
  5
C8D
330
1F
100
AcDbEntity
  8
PDF_형상
370
5
100
AcDbPolyline
 90
13
 70
0
 10
86288.74021444864
 20
34928.25634460811
 10
86086.9815682971
 20
34928.25634460811
 10
86071.46229920512
 20
34974.81816119562
 10
86071.46229920512
 20
34990.3374302876
 10
86086.9815682971
 20
34990.3374302876
 10
86009.38522283708
 20
35052.41463598816
 10
85993.8658244126
 20
35052.41463598816
 10
85947.30801713663
 20
35083.45705415107
 10
85947.30801713663
 20
35114.49572166766
 10
85947.30801713663
 20
35161.05740892255
 10
85993.8658244126
 20
35192.09607643914
 10
86009.38522283708
 20
35192.09607643914
 10
86086.9815682971
 20
35238.65388371508
  0
LWPOLYLINE
  5
C90
330
1F
100
AcDbEntity
  8
PDF_형상
370
5
100
AcDbPolyline
 90
2
 70
0
 10
86288.74021444864
 20
34835.13672074465
 10
86288.74021444864
 20
34819.61745165267
  0
LWPOLYLINE
  5
C91
330
1F
100
AcDbEntity
  8
PDF_형상
370
5
100
AcDbPolyline
 90
9
 70
0
 10
86288.74021444864
 20
35254.17716211864
 10
86195.62447056406
 20
35238.65388371508
 10
86164.5859323801
 20
35223.1346146231
 10
86164.5859323801
 20
35207.61534553112
 10
86164.5859323801
 20
35114.49572166766
 10
86164.5859323801
 20
35036.89523756356
 10
86164.5859323801
 20
35021.375968471584
 10
86195.62447056406
 20
35005.85669937959
 10
86288.74021444864
 20
34990.3374302876
  0
LWPOLYLINE
  5
CA3
330
1F
100
AcDbEntity
  8
PDF_형상
370
5
100
AcDbPolyline
 90
2
 70
0
 10
86102.50872667953
 20
35424.89313144201
 10
86288.74021444864
 20
35424.89313144201
  0
LWPOLYLINE
  5
CA4
330
1F
100
AcDbEntity
  8
PDF_형상
370
5
100
AcDbPolyline
 90
7
 70
0
 10
86071.46229920512
 20
35409.37386235002
 10
86102.50872667953
 20
35409.37386235002
 10
86102.50872667953
 20
35455.93567893754
 10
86288.74021444864
 20
35455.93567893754
 10
86288.74021444864
 20
35424.89313144201
 10
86288.74021444864
 20
35409.37386235002
 10
86304.26737283108
 20
35409.37386235002
  0
LWPOLYLINE
  5
CA5
330
1F
100
AcDbEntity
  8
PDF_형상
370
5
100
AcDbPolyline
 90
3
 70
0
 10
86288.74021444864
 20
35316.254238486574
 10
86086.9815682971
 20
35316.254238486574
 10
86071.46229920512
 20
35269.69643121062
  0
LWPOLYLINE
  5
CAB
330
1F
100
AcDbEntity
  8
PDF_형상
370
5
100
AcDbPolyline
 90
8
 70
1
 10
86040.4237610211
 20
35440.412529866626
 10
86055.94303011308
 20
35455.93567893754
 10
86071.46229920512
 20
35440.412529866626
 10
86071.46229920512
 20
34804.098182560694
 10
86071.46229920512
 20
34788.5789134687
 10
86055.94303011308
 20
34788.5789134687
 10
86040.4237610211
 20
34788.5789134687
 10
86040.4237610211
 20
34804.098182560694
  0
LWPOLYLINE
  5
CAF
330
1F
100
AcDbEntity
  8
PDF_형상
370
5
100
AcDbPolyline
 90
3
 70
0
 10
86009.38522283708
 20
34788.5789134687
 10
86102.50872667953
 20
34788.5789134687
 10
86102.50872667953
 20
34819.61745165267
  0
LWPOLYLINE
  5
CB2
330
1F
100
AcDbEntity
  8
PDF_형상
370
5
100
AcDbPolyline
 90
7
 70
0
 10
86071.46229920512
 20
35424.89313144201
 10
86071.46229920512
 20
35440.412529866626
 10
86071.46229920512
 20
35455.93567893754
 10
86055.94303011308
 20
35455.93567893754
 10
86040.4237610211
 20
35455.93567893754
 10
86040.4237610211
 20
35440.412529866626
 10
86040.4237610211
 20
35424.89313144201
  0
LWPOLYLINE
  5
CB4
330
1F
100
AcDbEntity
  8
PDF_형상
370
5
100
AcDbPolyline
 90
4
 70
0
 10
86102.50872667953
 20
35455.93567893754
 10
86009.38522283708
 20
35455.93567893754
 10
86009.38522283708
 20
35409.37386235002
 10
86040.4237610211
 20
35409.37386235002
  0
LWPOLYLINE
  5
CB8
330
1F
100
AcDbEntity
  8
PDF_형상
370
5
100
AcDbPolyline
 90
29
 70
0
 10
86055.94303011308
 20
38094.32058131524
 10
86040.4237610211
 20
38032.23949563575
 10
85978.34655532053
 20
37985.6816883598
 10
85947.30801713663
 20
37954.639140864274
 10
85931.78874804456
 20
37908.08133358832
 10
85947.30801713663
 20
37861.519517000816
 10
85978.34655532053
 20
37830.48097881686
 10
86040.4237610211
 20
37783.92304220827
 10
86055.94303011308
 20
37721.84195652877
 10
86086.9815682971
 20
37737.36122562076
 10
86102.50872667953
 20
37737.36122562076
 10
86118.02799577151
 20
37737.36122562076
 10
86118.02799577151
 20
37752.88049471274
 10
86133.5473941962
 20
37768.39989313734
 10
86149.06666328815
 20
37814.96158039223
 10
86164.5859323801
 20
37830.48097881686
 10
86164.5859323801
 20
37861.519517000816
 10
86164.5859323801
 20
37908.08133358832
 10
86164.5859323801
 20
37954.639140864274
 10
86164.5859323801
 20
37985.6816883598
 10
86149.06666328815
 20
38001.20095745178
 10
86133.5473941962
 20
38032.23949563575
 10
86118.02799577151
 20
38063.278033819726
 10
86118.02799577151
 20
38078.80131222326
 10
86102.50872667953
 20
38078.80131222326
 10
86086.9815682971
 20
38078.80131222326
 10
86055.94303011308
 20
38094.32058131524
 10
86040.4237610211
 20
38094.32058131524
 10
86024.90449192915
 20
38094.32058131524
  0
LWPOLYLINE
  5
CBA
330
1F
100
AcDbEntity
  8
PDF_형상
370
5
100
AcDbPolyline
 90
3
 70
0
 10
86180.10520147208
 20
37877.04266607171
 10
86180.10520147208
 20
37939.119871772295
 10
86180.10520147208
 20
37877.04266607171
  0
LWPOLYLINE
  5
CBB
330
1F
100
AcDbEntity
  8
PDF_형상
370
5
100
AcDbPolyline
 90
2
 70
0
 10
86195.62447056406
 20
37923.6006026803
 10
86180.10520147208
 20
37923.6006026803
  0
LWPOLYLINE
  5
CBC
330
1F
100
AcDbEntity
  8
PDF_형상
370
5
100
AcDbPolyline
 90
2
 70
0
 10
86195.62447056406
 20
37892.56206449634
 10
86180.10520147208
 20
37892.56206449634
  0
LWPOLYLINE
  5
CBD
330
1F
100
AcDbEntity
  8
PDF_형상
370
5
100
AcDbPolyline
 90
2
 70
0
 10
86288.74021444864
 20
37923.6006026803
 10
86242.18227784002
 20
37923.6006026803
  0
LWPOLYLINE
  5
CBE
330
1F
100
AcDbEntity
  8
PDF_형상
370
5
100
AcDbPolyline
 90
2
 70
0
 10
86288.74021444864
 20
37892.56206449634
 10
86242.18227784002
 20
37892.56206449634
  0
LWPOLYLINE
  5
CBF
330
1F
100
AcDbEntity
  8
PDF_형상
370
5
100
AcDbPolyline
 90
5
 70
0
 10
86288.74021444864
 20
38001.20095745178
 10
86273.22094535657
 20
38001.20095745178
 10
86273.22094535657
 20
37954.639140864274
 10
86257.70154693197
 20
37939.119871772295
 10
86226.66300874807
 20
37939.119871772295
  0
LWPOLYLINE
  5
CC0
330
1F
100
AcDbEntity
  8
PDF_형상
370
5
100
AcDbPolyline
 90
5
 70
0
 10
86288.74021444864
 20
37814.96158039223
 10
86273.22094535657
 20
37814.96158039223
 10
86273.22094535657
 20
37861.519517000816
 10
86257.70154693197
 20
37877.04266607171
 10
86226.66300874807
 20
37877.04266607171
  0
LWPOLYLINE
  5
CC1
330
1F
100
AcDbEntity
  8
PDF_형상
370
5
100
AcDbPolyline
 90
8
 70
1
 10
86242.18227784002
 20
37908.08133358832
 10
86242.18227784002
 20
37923.6006026803
 10
86226.66300874807
 20
37939.119871772295
 10
86211.1437396561
 20
37923.6006026803
 10
86195.62447056406
 20
37908.08133358832
 10
86211.1437396561
 20
37892.56206449634
 10
86226.66300874807
 20
37877.04266607171
 10
86242.18227784002
 20
37892.56206449634
  0
LWPOLYLINE
  5
CC2
330
1F
100
AcDbEntity
  8
PDF_형상
370
5
100
AcDbPolyline
 90
25
 70
0
 10
86102.50872667953
 20
38078.80131222326
 10
86102.50872667953
 20
38063.278033819726
 10
86102.50872667953
 20
38047.75876472772
 10
86086.9815682971
 20
38016.72022654376
 10
86071.46229920512
 20
38001.20095745178
 10
86071.46229920512
 20
37985.6816883598
 10
86040.4237610211
 20
37970.16241926782
 10
86024.90449192915
 20
37970.16241926782
 10
86009.38522283708
 20
37954.639140864274
 10
85993.8658244126
 20
37939.119871772295
 10
85978.34655532053
 20
37939.119871772295
 10
85978.34655532053
 20
37923.6006026803
 10
85978.34655532053
 20
37908.08133358832
 10
85978.34655532053
 20
37892.56206449634
 10
85978.34655532053
 20
37877.04266607171
 10
85993.8658244126
 20
37877.04266607171
 10
86009.38522283708
 20
37861.519517000816
 10
86024.90449192915
 20
37846.000247908836
 10
86040.4237610211
 20
37846.000247908836
 10
86071.46229920512
 20
37830.48097881686
 10
86071.46229920512
 20
37814.96158039223
 10
86086.9815682971
 20
37799.442311300234
 10
86102.50872667953
 20
37768.39989313734
 10
86102.50872667953
 20
37752.88049471274
 10
86102.50872667953
 20
37737.36122562076
  0
LWPOLYLINE
  5
CC4
330
1F
100
AcDbEntity
  8
PDF_형상
370
5
100
AcDbPolyline
 90
3
 70
0
 10
86288.74021444864
 20
38140.878388591205
 10
86164.5859323801
 20
38140.878388591205
 10
86024.90449192915
 20
38140.878388591205
  0
LWPOLYLINE
  5
CC5
330
1F
100
AcDbEntity
  8
PDF_형상
370
5
100
AcDbPolyline
 90
2
 70
0
 10
86024.90449192915
 20
38125.35911949921
 10
86024.90449192915
 20
38109.83985040722
  0
LWPOLYLINE
  5
CCA
330
1F
100
AcDbEntity
  8
PDF_형상
370
5
100
AcDbPolyline
 90
3
 70
0
 10
86055.94303011308
 20
37721.84195652877
 10
86040.4237610211
 20
37721.84195652877
 10
86024.90449192915
 20
37721.84195652877
  0
LWPOLYLINE
  5
CCB
330
1F
100
AcDbEntity
  8
PDF_형상
370
5
100
AcDbPolyline
 90
5
 70
0
 10
86024.90449192915
 20
37706.32268743679
 10
86024.90449192915
 20
37690.803418344796
 10
86024.90449192915
 20
37675.280139941264
 10
86164.5859323801
 20
37675.280139941264
 10
86288.74021444864
 20
37675.280139941264
  0
LWPOLYLINE
  5
CCC
330
1F
100
AcDbEntity
  8
PDF_형상
370
5
100
AcDbPolyline
 90
33
 70
0
 10
86055.94303011308
 20
36247.45073578641
 10
86040.4237610211
 20
36185.36965010694
 10
85978.34655532053
 20
36154.33111192297
 10
85947.30801713663
 20
36123.28856442744
 10
85931.78874804456
 20
36061.21148805951
 10
85947.30801713663
 20
36014.64967147199
 10
85978.34655532053
 20
35983.61113328805
 10
86040.4237610211
 20
35952.57259510406
 10
86055.94303011308
 20
35890.49150942457
 10
86086.9815682971
 20
35890.49150942457
 10
86102.50872667953
 20
35890.49150942457
 10
86118.02799577151
 20
35906.01077851657
 10
86133.5473941962
 20
35937.05319667946
 10
86149.06666328815
 20
35968.09186419605
 10
86164.5859323801
 20
35999.130402380026
 10
86164.5859323801
 20
36030.17294987554
 10
86164.5859323801
 20
36061.21148805951
 10
86164.5859323801
 20
36107.76929533546
 10
86164.5859323801
 20
36138.81184283099
 10
86149.06666328815
 20
36154.33111192297
 10
86149.06666328815
 20
36169.85038101496
 10
86133.5473941962
 20
36200.88891919892
 10
86118.02799577151
 20
36216.40831762355
 10
86118.02799577151
 20
36231.93146669445
 10
86102.50872667953
 20
36231.93146669445
 10
86086.9815682971
 20
36247.45073578641
 10
86055.94303011308
 20
36247.45073578641
 10
86040.4237610211
 20
36247.45073578641
 10
86024.90449192915
 20
36262.97000487841
 10
86024.90449192915
 20
36278.489403303036
 10
86024.90449192915
 20
36294.008672395015
 10
86164.5859323801
 20
36294.008672395015
 10
86288.74021444864
 20
36294.008672395015
  0
LWPOLYLINE
  5
CCE
330
1F
100
AcDbEntity
  8
PDF_형상
370
5
100
AcDbPolyline
 90
3
 70
0
 10
86180.10520147208
 20
36045.69221896753
 10
86180.10520147208
 20
36092.250026243484
 10
86180.10520147208
 20
36045.69221896753
  0
LWPOLYLINE
  5
CCF
330
1F
100
AcDbEntity
  8
PDF_형상
370
5
100
AcDbPolyline
 90
2
 70
0
 10
86195.62447056406
 20
36076.730757151505
 10
86180.10520147208
 20
36076.730757151505
  0
LWPOLYLINE
  5
CD0
330
1F
100
AcDbEntity
  8
PDF_형상
370
5
100
AcDbPolyline
 90
2
 70
0
 10
86195.62447056406
 20
36061.21148805951
 10
86180.10520147208
 20
36061.21148805951
  0
LWPOLYLINE
  5
CD1
330
1F
100
AcDbEntity
  8
PDF_형상
370
5
100
AcDbPolyline
 90
2
 70
0
 10
86288.74021444864
 20
36076.730757151505
 10
86242.18227784002
 20
36076.730757151505
  0
LWPOLYLINE
  5
CD2
330
1F
100
AcDbEntity
  8
PDF_형상
370
5
100
AcDbPolyline
 90
2
 70
0
 10
86288.74021444864
 20
36045.69221896753
 10
86242.18227784002
 20
36045.69221896753
  0
LWPOLYLINE
  5
CD3
330
1F
100
AcDbEntity
  8
PDF_형상
370
5
100
AcDbPolyline
 90
5
 70
0
 10
86288.74021444864
 20
36154.33111192297
 10
86273.22094535657
 20
36154.33111192297
 10
86273.22094535657
 20
36107.76929533546
 10
86257.70154693197
 20
36092.250026243484
 10
86226.66300874807
 20
36092.250026243484
  0
LWPOLYLINE
  5
CD4
330
1F
100
AcDbEntity
  8
PDF_형상
370
5
100
AcDbPolyline
 90
5
 70
0
 10
86288.74021444864
 20
35983.61113328805
 10
86273.22094535657
 20
35983.61113328805
 10
86273.22094535657
 20
36030.17294987554
 10
86257.70154693197
 20
36045.69221896753
 10
86226.66300874807
 20
36045.69221896753
  0
LWPOLYLINE
  5
CD5
330
1F
100
AcDbEntity
  8
PDF_형상
370
5
100
AcDbPolyline
 90
8
 70
1
 10
86242.18227784002
 20
36061.21148805951
 10
86242.18227784002
 20
36092.250026243484
 10
86226.66300874807
 20
36092.250026243484
 10
86211.1437396561
 20
36092.250026243484
 10
86195.62447056406
 20
36061.21148805951
 10
86211.1437396561
 20
36045.69221896753
 10
86226.66300874807
 20
36045.69221896753
 10
86242.18227784002
 20
36045.69221896753
  0
LWPOLYLINE
  5
CD6
330
1F
100
AcDbEntity
  8
PDF_형상
370
5
100
AcDbPolyline
 90
23
 70
0
 10
86102.50872667953
 20
36231.93146669445
 10
86102.50872667953
 20
36216.40831762355
 10
86102.50872667953
 20
36200.88891919892
 10
86086.9815682971
 20
36169.85038101496
 10
86071.46229920512
 20
36154.33111192297
 10
86071.46229920512
 20
36138.81184283099
 10
86040.4237610211
 20
36138.81184283099
 10
86024.90449192915
 20
36123.28856442744
 10
86009.38522283708
 20
36107.76929533546
 10
85993.8658244126
 20
36107.76929533546
 10
85978.34655532053
 20
36092.250026243484
 10
85978.34655532053
 20
36061.21148805951
 10
85978.34655532053
 20
36045.69221896753
 10
85993.8658244126
 20
36030.17294987554
 10
86009.38522283708
 20
36030.17294987554
 10
86024.90449192915
 20
36014.64967147199
 10
86040.4237610211
 20
35999.130402380026
 10
86071.46229920512
 20
35999.130402380026
 10
86071.46229920512
 20
35983.61113328805
 10
86086.9815682971
 20
35968.09186419605
 10
86102.50872667953
 20
35937.05319667946
 10
86102.50872667953
 20
35921.53004760853
 10
86102.50872667953
 20
35890.49150942457
  0
LWPOLYLINE
  5
CDC
330
1F
100
AcDbEntity
  8
PDF_형상
370
5
100
AcDbPolyline
 90
7
 70
0
 10
86055.94303011308
 20
35890.49150942457
 10
86040.4237610211
 20
35874.97211099996
 10
86024.90449192915
 20
35874.97211099996
 10
86024.90449192915
 20
35859.45284190798
 10
86024.90449192915
 20
35843.933572816
 10
86164.5859323801
 20
35843.933572816
 10
86288.74021444864
 20
35843.933572816
  0
LWPOLYLINE
  5
CDD
330
1F
100
AcDbEntity
  8
PDF_형상
370
5
100
AcDbPolyline
 90
33
 70
0
 10
86055.94303011308
 20
37163.124084015384
 10
86040.4237610211
 20
37101.04687831482
 10
85978.34655532053
 20
37070.004460151926
 10
85947.30801713663
 20
37038.96579263532
 10
85931.78874804456
 20
36992.40410538045
 10
85947.30801713663
 20
36930.32689967988
 10
85978.34655532053
 20
36899.28435218435
 10
86040.4237610211
 20
36868.245814000395
 10
86055.94303011308
 20
36806.16873763246
 10
86086.9815682971
 20
36806.16873763246
 10
86102.50872667953
 20
36821.68800672444
 10
86118.02799577151
 20
36821.68800672444
 10
86118.02799577151
 20
36837.20727581642
 10
86133.5473941962
 20
36852.7265449084
 10
86149.06666328815
 20
36883.76508309236
 10
86149.06666328815
 20
36899.28435218435
 10
86164.5859323801
 20
36914.8076305879
 10
86164.5859323801
 20
36945.84616877186
 10
86164.5859323801
 20
36992.40410538045
 10
86164.5859323801
 20
37023.44652354334
 10
86164.5859323801
 20
37054.48519105995
 10
86149.06666328815
 20
37085.523729243905
 10
86133.5473941962
 20
37116.56627673943
 10
86118.02799577151
 20
37147.604814923405
 10
86102.50872667953
 20
37163.124084015384
 10
86086.9815682971
 20
37163.124084015384
 10
86055.94303011308
 20
37163.124084015384
 10
86040.4237610211
 20
37178.64335310736
 10
86024.90449192915
 20
37178.64335310736
 10
86024.90449192915
 20
37194.16663151091
 10
86024.90449192915
 20
37209.68590060289
 10
86164.5859323801
 20
37209.68590060289
 10
86288.74021444864
 20
37209.68590060289
  0
LWPOLYLINE
  5
CDF
330
1F
100
AcDbEntity
  8
PDF_형상
370
5
100
AcDbPolyline
 90
3
 70
0
 10
86180.10520147208
 20
36961.36543786384
 10
86180.10520147208
 20
37007.92725445136
 10
86180.10520147208
 20
36961.36543786384
  0
LWPOLYLINE
  5
CE0
330
1F
100
AcDbEntity
  8
PDF_형상
370
5
100
AcDbPolyline
 90
2
 70
0
 10
86195.62447056406
 20
36992.40410538045
 10
86180.10520147208
 20
36992.40410538045
  0
LWPOLYLINE
  5
CE1
330
1F
100
AcDbEntity
  8
PDF_형상
370
5
100
AcDbPolyline
 90
2
 70
0
 10
86195.62447056406
 20
36976.88470695583
 10
86180.10520147208
 20
36976.88470695583
  0
LWPOLYLINE
  5
CE2
330
1F
100
AcDbEntity
  8
PDF_형상
370
5
100
AcDbPolyline
 90
2
 70
0
 10
86288.74021444864
 20
37007.92725445136
 10
86242.18227784002
 20
37007.92725445136
  0
LWPOLYLINE
  5
CE3
330
1F
100
AcDbEntity
  8
PDF_형상
370
5
100
AcDbPolyline
 90
2
 70
0
 10
86288.74021444864
 20
36976.88470695583
 10
86242.18227784002
 20
36976.88470695583
  0
LWPOLYLINE
  5
CE4
330
1F
100
AcDbEntity
  8
PDF_형상
370
5
100
AcDbPolyline
 90
5
 70
0
 10
86288.74021444864
 20
37070.004460151926
 10
86273.22094535657
 20
37070.004460151926
 10
86273.22094535657
 20
37023.44652354334
 10
86257.70154693197
 20
37007.92725445136
 10
86226.66300874807
 20
37007.92725445136
  0
LWPOLYLINE
  5
CE5
330
1F
100
AcDbEntity
  8
PDF_형상
370
5
100
AcDbPolyline
 90
5
 70
0
 10
86288.74021444864
 20
36899.28435218435
 10
86273.22094535657
 20
36899.28435218435
 10
86273.22094535657
 20
36945.84616877186
 10
86257.70154693197
 20
36961.36543786384
 10
86226.66300874807
 20
36961.36543786384
  0
LWPOLYLINE
  5
CE6
330
1F
100
AcDbEntity
  8
PDF_형상
370
5
100
AcDbPolyline
 90
8
 70
1
 10
86242.18227784002
 20
36992.40410538045
 10
86242.18227784002
 20
37007.92725445136
 10
86226.66300874807
 20
37007.92725445136
 10
86211.1437396561
 20
37007.92725445136
 10
86195.62447056406
 20
36992.40410538045
 10
86211.1437396561
 20
36961.36543786384
 10
86226.66300874807
 20
36961.36543786384
 10
86242.18227784002
 20
36961.36543786384
  0
LWPOLYLINE
  5
CE7
330
1F
100
AcDbEntity
  8
PDF_형상
370
5
100
AcDbPolyline
 90
22
 70
0
 10
86102.50872667953
 20
37163.124084015384
 10
86102.50872667953
 20
37132.085545831425
 10
86102.50872667953
 20
37116.56627673943
 10
86086.9815682971
 20
37085.523729243905
 10
86071.46229920512
 20
37070.004460151926
 10
86040.4237610211
 20
37054.48519105995
 10
86024.90449192915
 20
37038.96579263532
 10
86009.38522283708
 20
37023.44652354334
 10
85993.8658244126
 20
37023.44652354334
 10
85978.34655532053
 20
37007.92725445136
 10
85978.34655532053
 20
36992.40410538045
 10
85978.34655532053
 20
36961.36543786384
 10
85993.8658244126
 20
36945.84616877186
 10
86009.38522283708
 20
36945.84616877186
 10
86024.90449192915
 20
36930.32689967988
 10
86040.4237610211
 20
36914.8076305879
 10
86071.46229920512
 20
36914.8076305879
 10
86071.46229920512
 20
36899.28435218435
 10
86086.9815682971
 20
36883.76508309236
 10
86102.50872667953
 20
36852.7265449084
 10
86102.50872667953
 20
36837.20727581642
 10
86102.50872667953
 20
36821.68800672444
  0
LWPOLYLINE
  5
CED
330
1F
100
AcDbEntity
  8
PDF_형상
370
5
100
AcDbPolyline
 90
7
 70
0
 10
86055.94303011308
 20
36806.16873763246
 10
86040.4237610211
 20
36806.16873763246
 10
86024.90449192915
 20
36790.6454592289
 10
86024.90449192915
 20
36775.12619013692
 10
86024.90449192915
 20
36759.60692104494
 10
86164.5859323801
 20
36759.60692104494
 10
86288.74021444864
 20
36759.60692104494
  0
LWPOLYLINE
  5
CEE
330
1F
100
AcDbEntity
  8
PDF_형상
370
5
100
AcDbPolyline
 90
4
 70
0
 10
84146.99209890475
 20
35797.37175622848
 10
84146.99209890475
 20
35890.49150942457
 10
83790.04063250076
 20
35890.49150942457
 10
83790.04063250076
 20
35797.37175622848
  0
LWPOLYLINE
  5
CEF
330
1F
100
AcDbEntity
  8
PDF_형상
370
5
100
AcDbPolyline
 90
4
 70
0
 10
84146.99209890475
 20
37861.519517000816
 10
84146.99209890475
 20
37970.16241926782
 10
83790.04063250076
 20
37970.16241926782
 10
83790.04063250076
 20
37861.519517000816
  0
LWPOLYLINE
  5
CF0
330
1F
100
AcDbEntity
  8
PDF_형상
370
5
100
AcDbPolyline
 90
4
 70
0
 10
84146.99209890475
 20
36821.68800672444
 10
84146.99209890475
 20
36930.32689967988
 10
83790.04063250076
 20
36930.32689967988
 10
83790.04063250076
 20
36821.68800672444
  0
LWPOLYLINE
  5
CFD
330
1F
100
AcDbEntity
  8
PDF_형상
370
5
100
AcDbPolyline
 90
13
 70
0
 10
84426.35497980677
 20
35409.37386235002
 10
84472.9129164153
 20
35409.37386235002
 10
84472.9129164153
 20
35688.73286327304
 10
84472.9129164153
 20
35797.37175622848
 10
84472.9129164153
 20
36045.69221896753
 10
84426.35497980677
 20
36045.69221896753
 10
84193.55792480386
 20
36076.730757151505
 10
83991.79927865234
 20
36200.88891919892
 10
84193.55792480386
 20
36076.730757151505
 10
84426.35497980677
 20
36045.69221896753
 10
84426.35497980677
 20
35797.37175622848
 10
84426.35497980677
 20
36045.69221896753
 10
84472.9129164153
 20
36045.69221896753
  0
LWPOLYLINE
  5
D06
330
1F
100
AcDbEntity
  8
PDF_형상
370
5
100
AcDbPolyline
 90
12
 70
0
 10
84426.35497980677
 20
38870.31636907216
 10
84426.35497980677
 20
38761.67747611671
 10
84457.39364732335
 20
38746.15820702472
 10
83991.79927865234
 20
38280.559958374804
 10
84457.39364732335
 20
38746.15820702472
 10
84426.35497980677
 20
38761.67747611671
 10
83976.28000956036
 20
38311.59849655876
 10
83991.79927865234
 20
38280.559958374804
 10
83976.28000956036
 20
38311.59849655876
 10
84426.35497980677
 20
38761.67747611671
 10
84472.9129164153
 20
38761.67747611671
 10
84472.9129164153
 20
38870.31636907216
  0
LWPOLYLINE
  5
D0B
330
1F
100
AcDbEntity
  8
PDF_형상
370
5
100
AcDbPolyline
 90
19
 70
0
 10
83122.67985772043
 20
36821.68800672444
 10
84426.35497980677
 20
36821.68800672444
 10
84426.35497980677
 20
37070.004460151926
 10
84193.55792480386
 20
37116.56627673943
 10
83991.79927865234
 20
37240.72443878686
 10
83976.28000956036
 20
37271.76297697082
 10
83991.79927865234
 20
37240.72443878686
 10
84457.39364732335
 20
37706.32268743679
 10
84426.35497980677
 20
37721.84195652877
 10
83976.28000956036
 20
37271.76297697082
 10
84426.35497980677
 20
37721.84195652877
 10
84472.9129164153
 20
37721.84195652877
 10
84472.9129164153
 20
38109.83985040722
 10
84426.35497980677
 20
38109.83985040722
 10
84193.55792480386
 20
38156.397787015805
 10
83991.79927865234
 20
38280.559958374804
 10
84193.55792480386
 20
38156.397787015805
 10
84426.35497980677
 20
38109.83985040722
 10
84472.9129164153
 20
38109.83985040722
  0
LWPOLYLINE
  5
D0C
330
1F
100
AcDbEntity
  8
PDF_형상
370
5
100
AcDbPolyline
 90
3
 70
0
 10
83122.67985772043
 20
37861.519517000816
 10
84426.35497980677
 20
37861.519517000816
 10
84426.35497980677
 20
38109.83985040722
  0
LWPOLYLINE
  5
D0F
330
1F
100
AcDbEntity
  8
PDF_형상
370
5
100
AcDbPolyline
 90
8
 70
0
 10
84472.9129164153
 20
34462.658095958184
 10
84472.9129164153
 20
34773.059515044086
 10
84426.35497980677
 20
34773.059515044086
 10
84193.55792480386
 20
34804.098182560694
 10
83991.79927865234
 20
34928.25634460811
 10
84457.39364732335
 20
35393.85459325804
 10
84426.35497980677
 20
35409.37386235002
 10
84426.35497980677
 20
35688.73286327304
  0
LWPOLYLINE
  5
D10
330
1F
100
AcDbEntity
  8
PDF_형상
370
5
100
AcDbPolyline
 90
3
 70
0
 10
84426.35497980677
 20
34462.658095958184
 10
84426.35497980677
 20
34773.059515044086
 10
84472.9129164153
 20
34773.059515044086
  0
LWPOLYLINE
  5
D11
330
1F
100
AcDbEntity
  8
PDF_형상
370
5
100
AcDbPolyline
 90
8
 70
0
 10
84472.9129164153
 20
35409.37386235002
 10
84426.35497980677
 20
35409.37386235002
 10
83976.28000956036
 20
34959.29488279207
 10
83991.79927865234
 20
34928.25634460811
 10
83976.28000956036
 20
34959.29488279207
 10
84426.35497980677
 20
35409.37386235002
 10
84457.39364732335
 20
35393.85459325804
 10
83991.79927865234
 20
34928.25634460811
  0
LWPOLYLINE
  5
D19
330
1F
100
AcDbEntity
  8
PDF_형상
370
5
100
AcDbPolyline
 90
2
 70
0
 10
84472.9129164153
 20
35797.37175622848
 10
83122.67985772043
 20
35797.37175622848
  0
LWPOLYLINE
  5
D1C
330
1F
100
AcDbEntity
  8
PDF_형상
370
5
100
AcDbPolyline
 90
2
 70
0
 10
83122.67985772043
 20
35688.73286327304
 10
84472.9129164153
 20
35688.73286327304
  0
LWPOLYLINE
  5
D1D
330
1F
100
AcDbEntity
  8
PDF_형상
370
5
100
AcDbPolyline
 90
4
 70
1
 10
83634.83992295786
 20
36713.048984436355
 10
83634.83992295786
 20
36790.6454592289
 10
83510.67775159887
 20
36790.6454592289
 10
83510.67775159887
 20
36713.048984436355
  0
LWPOLYLINE
  5
D1E
330
1F
100
AcDbEntity
  8
PDF_형상
370
5
100
AcDbPolyline
 90
8
 70
0
 10
83945.23358208586
 20
36790.6454592289
 10
83945.23358208586
 20
36744.08765195296
 10
83914.1949145693
 20
36666.487297181484
 10
83852.11783820136
 20
36635.448629664876
 10
83448.60067523089
 20
36635.448629664876
 10
83370.99631114789
 20
36666.487297181484
 10
83355.4770420559
 20
36744.08765195296
 10
83355.4770420559
 20
36790.6454592289
  0
LWPOLYLINE
  5
D1F
330
1F
100
AcDbEntity
  8
PDF_형상
370
5
100
AcDbPolyline
 90
8
 70
0
 10
83402.04273862239
 20
36790.6454592289
 10
83402.04273862239
 20
36744.08765195296
 10
83417.56213704699
 20
36713.048984436355
 10
83448.60067523089
 20
36697.52583536544
 10
83852.11783820136
 20
36697.52583536544
 10
83883.15637638535
 20
36713.048984436355
 10
83898.67564547733
 20
36744.08765195296
 10
83898.67564547733
 20
36790.6454592289
  0
CIRCLE
  5
D22
330
1F
100
AcDbEntity
  8
PDF_형상
370
5
100
AcDbCircle
 10
84801.30068986745
 20
32848.58937941047
 30
0.0
 40
230.33009906134254
  0
CIRCLE
  5
D23
330
1F
100
AcDbEntity
  8
PDF_형상
370
5
100
AcDbCircle
 10
85649.72762647613
 20
32848.589379410325
 30
0.0
 40
235.49542500200783
  0
LWPOLYLINE
  5
D24
330
1F
100
AcDbEntity
  8
PDF_형상
370
5
100
AcDbPolyline
 90
2
 70
0
 10
85652.4258671426
 20
32910.66652044436
 10
85652.4258671426
 20
32848.58944407643
  0
LWPOLYLINE
  5
D25
330
1F
100
AcDbEntity
  8
PDF_형상
370
5
100
AcDbPolyline
 90
17
 70
0
 10
85667.94513623467
 20
32724.427272717447
 10
85714.51083280116
 20
32739.95042178836
 10
85776.58803850164
 20
32770.98895997232
 10
85823.14584577763
 20
32817.546896580905
 10
85838.66511486958
 20
32879.62798226039
 10
85823.14584577763
 20
32941.709067939904
 10
85776.58803850164
 20
32988.26687521584
 10
85714.51083280116
 20
33019.3054133998
 10
85652.4258671426
 20
33034.82869180335
 10
85574.82939235009
 20
33019.3054133998
 10
85512.74442669166
 20
32988.26687521584
 10
85481.7057591751
 20
32941.709067939904
 10
85466.18649008316
 20
32879.62798226039
 10
85481.7057591751
 20
32817.546896580905
 10
85512.74442669166
 20
32770.98895997232
 10
85574.82939235009
 20
32739.95042178836
 10
85636.90659805066
 20
32724.427272717447
  0
LWPOLYLINE
  5
D26
330
1F
100
AcDbEntity
  8
PDF_형상
370
5
100
AcDbPolyline
 90
6
 70
1
 10
85667.94513623467
 20
32879.62798226039
 10
85652.4258671426
 20
32895.147251352384
 10
85636.90659805066
 20
32895.147251352384
 10
85636.90659805066
 20
32879.62798226039
 10
85636.90659805066
 20
32864.10871316841
 10
85652.4258671426
 20
32864.10871316841
  0
LWPOLYLINE
  5
D27
330
1F
100
AcDbEntity
  8
PDF_형상
370
5
100
AcDbPolyline
 90
17
 70
0
 10
84814.35287368517
 20
32724.427272717447
 10
84876.43007938574
 20
32739.95042178836
 10
84938.51504504417
 20
32770.98895997232
 10
84969.55371256084
 20
32817.546896580905
 10
84985.07298165279
 20
32879.62798226039
 10
84969.55371256084
 20
32941.709067939904
 10
84938.51504504417
 20
32988.26687521584
 10
84876.43007938574
 20
33019.3054133998
 10
84798.83360459322
 20
33034.82869180335
 10
84736.74863893479
 20
33019.3054133998
 10
84674.67143323422
 20
32988.26687521584
 10
84628.11362595826
 20
32941.709067939904
 10
84612.59435686628
 20
32879.62798226039
 10
84628.11362595826
 20
32817.546896580905
 10
84674.67143323422
 20
32770.98895997232
 10
84736.74863893479
 20
32739.95042178836
 10
84783.31433550124
 20
32724.427272717447
  0
LWPOLYLINE
  5
D28
330
1F
100
AcDbEntity
  8
PDF_형상
370
5
100
AcDbPolyline
 90
2
 70
0
 10
84798.83360459322
 20
32910.66652044436
 10
84798.83360459322
 20
32848.58944407643
  0
LWPOLYLINE
  5
D29
330
1F
100
AcDbEntity
  8
PDF_형상
370
5
100
AcDbPolyline
 90
4
 70
0
 10
83386.52346953041
 20
37535.60270880184
 10
83370.99631114789
 20
37535.60270880184
 10
83370.99631114789
 20
37225.20516969487
 10
83386.52346953041
 20
37225.20516969487
  0
LWPOLYLINE
  5
D2A
330
1F
100
AcDbEntity
  8
PDF_형상
370
5
100
AcDbPolyline
 90
4
 70
1
 10
83386.52346953041
 20
37318.32479355834
 10
83355.4770420559
 20
37318.32479355834
 10
83355.4770420559
 20
37287.2822460628
 10
83386.52346953041
 20
37287.2822460628
  0
LWPOLYLINE
  5
D2B
330
1F
100
AcDbEntity
  8
PDF_형상
370
5
100
AcDbPolyline
 90
4
 70
1
 10
83386.52346953041
 20
37442.483084938394
 10
83386.52346953041
 20
37458.002354030374
 10
83355.4770420559
 20
37458.002354030374
 10
83355.4770420559
 20
37442.483084938394
  0
LWPOLYLINE
  5
D2F
330
1F
100
AcDbEntity
  8
PDF_형상
370
5
100
AcDbPolyline
 90
2
 70
0
 10
83339.95777296396
 20
37225.20516969487
 10
83339.95777296396
 20
37535.60270880184
  0
LWPOLYLINE
  5
D30
330
1F
100
AcDbEntity
  8
PDF_형상
370
5
100
AcDbPolyline
 90
21
 70
1
 10
83339.95777296396
 20
37225.20516969487
 10
83464.11994432287
 20
37194.16663151091
 10
83572.75495729943
 20
37178.64335310736
 10
83712.43639775038
 20
37194.16663151091
 10
83805.56003092548
 20
37240.72443878686
 10
83867.63710729334
 20
37302.80552446636
 10
83898.67564547733
 20
37380.40199925891
 10
83883.15637638535
 20
37442.483084938394
 10
83805.56003092548
 20
37520.08343970986
 10
83712.43639775038
 20
37566.641246985826
 10
83572.75495729943
 20
37582.16452538936
 10
83464.11994432287
 20
37566.641246985826
 10
83339.95777296396
 20
37535.60270880184
 10
83324.43850387189
 20
37613.20306357333
 10
83293.39996568799
 20
37644.241601757305
 10
83122.67985772043
 20
37644.241601757305
 10
83122.67985772043
 20
37628.722332665326
 10
83122.67985772043
 20
37132.085545831425
 10
83122.67985772043
 20
37116.56627673943
 10
83293.39996568799
 20
37116.56627673943
 10
83324.43850387189
 20
37147.604814923405
  0
LWPOLYLINE
  5
D31
330
1F
100
AcDbEntity
  8
PDF_형상
370
5
100
AcDbPolyline
 90
91
 70
1
 10
83402.04273862239
 20
37287.2822460628
 10
83402.04273862239
 20
37271.76297697082
 10
83417.56213704699
 20
37271.76297697082
 10
83433.08140613894
 20
37256.24370787884
 10
83448.60067523089
 20
37240.72443878686
 10
83464.11994432287
 20
37240.72443878686
 10
83464.11994432287
 20
37225.20516969487
 10
83479.6392134149
 20
37225.20516969487
 10
83495.15848250689
 20
37225.20516969487
 10
83495.15848250689
 20
37209.68590060289
 10
83510.67775159887
 20
37209.68590060289
 10
83526.19702069082
 20
37209.68590060289
 10
83541.71628978285
 20
37194.16663151091
 10
83557.23568820748
 20
37194.16663151091
 10
83572.75495729943
 20
37194.16663151091
 10
83588.28211568187
 20
37194.16663151091
 10
83603.8013847739
 20
37194.16663151091
 10
83619.32065386589
 20
37194.16663151091
 10
83634.83992295786
 20
37194.16663151091
 10
83650.35919204981
 20
37194.16663151091
 10
83665.87846114185
 20
37194.16663151091
 10
83681.39785956648
 20
37194.16663151091
 10
83696.91712865843
 20
37209.68590060289
 10
83712.43639775038
 20
37209.68590060289
 10
83727.95566684236
 20
37209.68590060289
 10
83743.4749359344
 20
37209.68590060289
 10
83758.99420502635
 20
37225.20516969487
 10
83774.52136340881
 20
37225.20516969487
 10
83774.52136340881
 20
37240.72443878686
 10
83790.04063250076
 20
37240.72443878686
 10
83805.56003092548
 20
37256.24370787884
 10
83821.07930001731
 20
37256.24370787884
 10
83821.07930001731
 20
37271.76297697082
 10
83836.59856910938
 20
37271.76297697082
 10
83836.59856910938
 20
37287.2822460628
 10
83852.11783820136
 20
37302.80552446636
 10
83867.63710729334
 20
37318.32479355834
 10
83867.63710729334
 20
37333.84406265032
 10
83867.63710729334
 20
37349.3633317423
 10
83883.15637638535
 20
37364.88260083428
 10
83883.15637638535
 20
37380.40199925891
 10
83883.15637638535
 20
37395.92514832982
 10
83867.63710729334
 20
37395.92514832982
 10
83867.63710729334
 20
37411.444417421786
 10
83867.63710729334
 20
37426.96368651378
 10
83867.63710729334
 20
37442.483084938394
 10
83852.11783820136
 20
37442.483084938394
 10
83852.11783820136
 20
37458.002354030374
 10
83836.59856910938
 20
37473.52162312237
 10
83821.07930001731
 20
37489.044772193265
 10
83805.56003092548
 20
37504.56417061788
 10
83790.04063250076
 20
37504.56417061788
 10
83790.04063250076
 20
37520.08343970986
 10
83774.52136340881
 20
37520.08343970986
 10
83758.99420502635
 20
37535.60270880184
 10
83743.4749359344
 20
37535.60270880184
 10
83727.95566684236
 20
37551.12197789385
 10
83712.43639775038
 20
37551.12197789385
 10
83696.91712865843
 20
37551.12197789385
 10
83681.39785956648
 20
37566.641246985826
 10
83665.87846114185
 20
37566.641246985826
 10
83650.35919204981
 20
37566.641246985826
 10
83634.83992295786
 20
37566.641246985826
 10
83619.32065386589
 20
37566.641246985826
 10
83603.8013847739
 20
37566.641246985826
 10
83588.28211568187
 20
37566.641246985826
 10
83572.75495729943
 20
37566.641246985826
 10
83557.23568820748
 20
37566.641246985826
 10
83541.71628978285
 20
37551.12197789385
 10
83526.19702069082
 20
37551.12197789385
 10
83510.67775159887
 20
37551.12197789385
 10
83495.15848250689
 20
37551.12197789385
 10
83495.15848250689
 20
37535.60270880184
 10
83479.6392134149
 20
37535.60270880184
 10
83464.11994432287
 20
37535.60270880184
 10
83464.11994432287
 20
37520.08343970986
 10
83448.60067523089
 20
37520.08343970986
 10
83433.08140613894
 20
37504.56417061788
 10
83417.56213704699
 20
37489.044772193265
 10
83402.04273862239
 20
37473.52162312237
 10
83386.52346953041
 20
37458.002354030374
 10
83386.52346953041
 20
37442.483084938394
 10
83386.52346953041
 20
37426.96368651378
 10
83386.52346953041
 20
37411.444417421786
 10
83386.52346953041
 20
37395.92514832982
 10
83386.52346953041
 20
37380.40199925891
 10
83386.52346953041
 20
37364.88260083428
 10
83386.52346953041
 20
37349.3633317423
 10
83386.52346953041
 20
37333.84406265032
 10
83386.52346953041
 20
37318.32479355834
 10
83386.52346953041
 20
37302.80552446636
  0
LWPOLYLINE
  5
D32
330
1F
100
AcDbEntity
  8
PDF_형상
370
5
100
AcDbPolyline
 90
6
 70
1
 10
83339.95777296396
 20
34990.3374302876
 10
83324.43850387189
 20
35005.85669937959
 10
83308.91923477994
 20
34990.3374302876
 10
83308.91923477994
 20
34974.81816119562
 10
83324.43850387189
 20
34974.81816119562
 10
83339.95777296396
 20
34974.81816119562
  0
LWPOLYLINE
  5
D33
330
1F
100
AcDbEntity
  8
PDF_형상
370
5
100
AcDbPolyline
 90
2
 70
0
 10
83355.4770420559
 20
34990.3374302876
 10
83293.39996568799
 20
34990.3374302876
  0
LWPOLYLINE
  5
D34
330
1F
100
AcDbEntity
  8
PDF_형상
370
5
100
AcDbPolyline
 90
2
 70
0
 10
83324.43850387189
 20
34959.29488279207
 10
83324.43850387189
 20
35021.375968471584
  0
LWPOLYLINE
  5
D35
330
1F
100
AcDbEntity
  8
PDF_형상
370
5
100
AcDbPolyline
 90
8
 70
1
 10
83138.19912681241
 20
34990.3374302876
 10
83138.19912681241
 20
34974.81816119562
 10
83153.71839590439
 20
34974.81816119562
 10
83262.36129817141
 20
34974.81816119562
 10
83277.88056726339
 20
34974.81816119562
 10
83277.88056726339
 20
34990.3374302876
 10
83262.36129817141
 20
34990.3374302876
 10
83153.71839590439
 20
35005.85669937959
  0
LWPOLYLINE
  5
D38
330
1F
100
AcDbEntity
  8
PDF_형상
370
5
100
AcDbPolyline
 90
8
 70
1
 10
83200.28422180346
 20
35021.375968471584
 10
83200.28422180346
 20
35036.89523756356
 10
83184.75706342094
 20
35052.41463598816
 10
83169.23779432899
 20
35036.89523756356
 10
83153.71839590439
 20
35021.375968471584
 10
83169.23779432899
 20
35005.85669937959
 10
83184.75706342094
 20
35005.85669937959
 10
83200.28422180346
 20
35005.85669937959
  0
LWPOLYLINE
  5
D39
330
1F
100
AcDbEntity
  8
PDF_형상
370
5
100
AcDbPolyline
 90
13
 70
0
 10
83231.32275998742
 20
34990.3374302876
 10
83231.32275998742
 20
35192.09607643914
 10
83495.15848250689
 20
35192.09607643914
 10
83510.67775159887
 20
35176.57680734716
 10
83526.19702069082
 20
35130.01499075964
 10
83526.19702069082
 20
35067.937785059075
 10
83541.71628978285
 20
34990.3374302876
 10
83526.19702069082
 20
34897.21780642414
 10
83526.19702069082
 20
34850.65598983662
 10
83510.67775159887
 20
34788.5789134687
 10
83495.15848250689
 20
34788.5789134687
 10
83231.32275998742
 20
34788.5789134687
 10
83231.32275998742
 20
34974.81816119562
  0
LWPOLYLINE
  5
D3B
330
1F
100
AcDbEntity
  8
PDF_형상
370
5
100
AcDbPolyline
 90
8
 70
1
 10
83200.28422180346
 20
34943.77561370009
 10
83200.28422180346
 20
34959.29488279207
 10
83184.75706342094
 20
34974.81816119562
 10
83169.23779432899
 20
34959.29488279207
 10
83153.71839590439
 20
34943.77561370009
 10
83169.23779432899
 20
34928.25634460811
 10
83184.75706342094
 20
34928.25634460811
 10
83200.28422180346
 20
34928.25634460811
  0
LWPOLYLINE
  5
D3C
330
1F
100
AcDbEntity
  8
PDF_형상
370
5
100
AcDbPolyline
 90
8
 70
1
 10
83526.19702069082
 20
34710.978429364586
 10
83557.23568820748
 20
34726.4978277892
 10
83572.75495729943
 20
34757.53636597316
 10
83572.75495729943
 20
35207.61534553112
 10
83557.23568820748
 20
35254.17716211864
 10
83526.19702069082
 20
35269.69643121062
 10
83122.67985772043
 20
35269.69643121062
 10
83122.67985772043
 20
34710.978429364586
  0
LWPOLYLINE
  5
D45
330
1F
100
AcDbEntity
  8
PDF_형상
370
5
100
AcDbPolyline
 90
2
 70
0
 10
85683.46440532665
 20
32879.62798226039
 10
85621.3873289587
 20
32879.62798226039
  0
LWPOLYLINE
  5
D47
330
1F
100
AcDbEntity
  8
PDF_형상
370
5
100
AcDbPolyline
 90
8
 70
1
 10
83774.52136340881
 20
36759.60692104494
 10
83758.99420502635
 20
36790.6454592289
 10
83743.4749359344
 20
36790.6454592289
 10
83727.95566684236
 20
36790.6454592289
 10
83712.43639775038
 20
36759.60692104494
 10
83727.95566684236
 20
36744.08765195296
 10
83743.4749359344
 20
36728.56838286098
 10
83758.99420502635
 20
36744.08765195296
  0
CIRCLE
  5
D4C
330
1F
100
AcDbEntity
  8
PDF_형상
370
5
100
AcDbCircle
 10
85653.53504224644
 20
32848.5893794097
 30
0.0
 40
216.1686108070985
  0
LWPOLYLINE
  5
D50
330
1F
100
AcDbEntity
  8
PDF_형상
370
5
100
AcDbPolyline
 90
6
 70
0
 10
83402.04273862239
 20
36433.69011284598
 10
83386.52346953041
 20
36433.69011284598
 10
83386.52346953041
 20
36418.170843754
 10
83386.52346953041
 20
36123.28856442744
 10
83386.52346953041
 20
36107.76929533546
 10
83402.04273862239
 20
36107.76929533546
  0
LWPOLYLINE
  5
D51
330
1F
100
AcDbEntity
  8
PDF_형상
370
5
100
AcDbPolyline
 90
4
 70
1
 10
83402.04273862239
 20
36200.88891919892
 10
83370.99631114789
 20
36200.88891919892
 10
83370.99631114789
 20
36185.36965010694
 10
83402.04273862239
 20
36185.36965010694
  0
LWPOLYLINE
  5
D52
330
1F
100
AcDbEntity
  8
PDF_형상
370
5
100
AcDbPolyline
 90
4
 70
1
 10
83402.04273862239
 20
36340.57048898252
 10
83402.04273862239
 20
36356.0897580745
 10
83370.99631114789
 20
36356.0897580745
 10
83370.99631114789
 20
36340.57048898252
  0
LWPOLYLINE
  5
D56
330
1F
100
AcDbEntity
  8
PDF_형상
370
5
100
AcDbPolyline
 90
3
 70
0
 10
83355.4770420559
 20
36123.28856442744
 10
83339.95777296396
 20
36107.76929533546
 10
83355.4770420559
 20
36418.170843754
  0
LWPOLYLINE
  5
D57
330
1F
100
AcDbEntity
  8
PDF_형상
370
5
100
AcDbPolyline
 90
20
 70
1
 10
83355.4770420559
 20
36123.28856442744
 10
83479.6392134149
 20
36076.730757151505
 10
83588.28211568187
 20
36061.21148805951
 10
83712.43639775038
 20
36076.730757151505
 10
83821.07930001731
 20
36123.28856442744
 10
83883.15637638535
 20
36200.88891919892
 10
83898.67564547733
 20
36262.97000487841
 10
83883.15637638535
 20
36340.57048898252
 10
83821.07930001731
 20
36418.170843754
 10
83712.43639775038
 20
36449.20938193796
 10
83588.28211568187
 20
36464.72865102995
 10
83479.6392134149
 20
36464.72865102995
 10
83355.4770420559
 20
36418.170843754
 10
83339.95777296396
 20
36418.170843754
 10
83339.95777296396
 20
36511.286458305905
 10
83293.39996568799
 20
36526.80973670944
 10
83138.19912681241
 20
36526.80973670944
 10
83138.19912681241
 20
36014.64967147199
 10
83293.39996568799
 20
36014.64967147199
 10
83339.95777296396
 20
36030.17294987554
  0
LWPOLYLINE
  5
D58
330
1F
100
AcDbEntity
  8
PDF_형상
370
5
100
AcDbPolyline
 90
105
 70
1
 10
83402.04273862239
 20
36185.36965010694
 10
83417.56213704699
 20
36169.85038101496
 10
83433.08140613894
 20
36154.33111192297
 10
83448.60067523089
 20
36154.33111192297
 10
83448.60067523089
 20
36138.81184283099
 10
83464.11994432287
 20
36138.81184283099
 10
83464.11994432287
 20
36123.28856442744
 10
83479.6392134149
 20
36123.28856442744
 10
83495.15848250689
 20
36123.28856442744
 10
83495.15848250689
 20
36107.76929533546
 10
83510.67775159887
 20
36107.76929533546
 10
83526.19702069082
 20
36107.76929533546
 10
83526.19702069082
 20
36092.250026243484
 10
83541.71628978285
 20
36092.250026243484
 10
83557.23568820748
 20
36092.250026243484
 10
83572.75495729943
 20
36092.250026243484
 10
83588.28211568187
 20
36092.250026243484
 10
83588.28211568187
 20
36076.730757151505
 10
83603.8013847739
 20
36076.730757151505
 10
83619.32065386589
 20
36076.730757151505
 10
83634.83992295786
 20
36076.730757151505
 10
83650.35919204981
 20
36076.730757151505
 10
83650.35919204981
 20
36092.250026243484
 10
83665.87846114185
 20
36092.250026243484
 10
83681.39785956648
 20
36092.250026243484
 10
83696.91712865843
 20
36092.250026243484
 10
83712.43639775038
 20
36092.250026243484
 10
83727.95566684236
 20
36092.250026243484
 10
83743.4749359344
 20
36107.76929533546
 10
83758.99420502635
 20
36107.76929533546
 10
83774.52136340881
 20
36107.76929533546
 10
83774.52136340881
 20
36123.28856442744
 10
83790.04063250076
 20
36123.28856442744
 10
83805.56003092548
 20
36138.81184283099
 10
83821.07930001731
 20
36138.81184283099
 10
83821.07930001731
 20
36154.33111192297
 10
83836.59856910938
 20
36154.33111192297
 10
83836.59856910938
 20
36169.85038101496
 10
83852.11783820136
 20
36169.85038101496
 10
83852.11783820136
 20
36185.36965010694
 10
83867.63710729334
 20
36185.36965010694
 10
83867.63710729334
 20
36200.88891919892
 10
83883.15637638535
 20
36216.40831762355
 10
83883.15637638535
 20
36231.93146669445
 10
83883.15637638535
 20
36247.45073578641
 10
83883.15637638535
 20
36262.97000487841
 10
83883.15637638535
 20
36278.489403303036
 10
83883.15637638535
 20
36294.008672395015
 10
83883.15637638535
 20
36309.527941486995
 10
83883.15637638535
 20
36325.05109055789
 10
83867.63710729334
 20
36325.05109055789
 10
83867.63710729334
 20
36340.57048898252
 10
83852.11783820136
 20
36356.0897580745
 10
83852.11783820136
 20
36371.60902716648
 10
83836.59856910938
 20
36371.60902716648
 10
83836.59856910938
 20
36387.128296258474
 10
83821.07930001731
 20
36387.128296258474
 10
83821.07930001731
 20
36402.64756535045
 10
83805.56003092548
 20
36402.64756535045
 10
83790.04063250076
 20
36402.64756535045
 10
83790.04063250076
 20
36418.170843754
 10
83774.52136340881
 20
36418.170843754
 10
83758.99420502635
 20
36433.69011284598
 10
83743.4749359344
 20
36433.69011284598
 10
83727.95566684236
 20
36433.69011284598
 10
83712.43639775038
 20
36449.20938193796
 10
83696.91712865843
 20
36449.20938193796
 10
83681.39785956648
 20
36449.20938193796
 10
83665.87846114185
 20
36449.20938193796
 10
83650.35919204981
 20
36464.72865102995
 10
83634.83992295786
 20
36464.72865102995
 10
83619.32065386589
 20
36464.72865102995
 10
83603.8013847739
 20
36464.72865102995
 10
83588.28211568187
 20
36464.72865102995
 10
83588.28211568187
 20
36449.20938193796
 10
83572.75495729943
 20
36449.20938193796
 10
83557.23568820748
 20
36449.20938193796
 10
83541.71628978285
 20
36449.20938193796
 10
83526.19702069082
 20
36449.20938193796
 10
83526.19702069082
 20
36433.69011284598
 10
83510.67775159887
 20
36433.69011284598
 10
83495.15848250689
 20
36433.69011284598
 10
83495.15848250689
 20
36418.170843754
 10
83479.6392134149
 20
36418.170843754
 10
83464.11994432287
 20
36418.170843754
 10
83464.11994432287
 20
36402.64756535045
 10
83448.60067523089
 20
36402.64756535045
 10
83448.60067523089
 20
36387.128296258474
 10
83433.08140613894
 20
36387.128296258474
 10
83433.08140613894
 20
36371.60902716648
 10
83417.56213704699
 20
36371.60902716648
 10
83417.56213704699
 20
36356.0897580745
 10
83402.04273862239
 20
36356.0897580745
 10
83402.04273862239
 20
36340.57048898252
 10
83402.04273862239
 20
36325.05109055789
 10
83402.04273862239
 20
36309.527941486995
 10
83386.52346953041
 20
36309.527941486995
 10
83386.52346953041
 20
36294.008672395015
 10
83386.52346953041
 20
36278.489403303036
 10
83386.52346953041
 20
36262.97000487841
 10
83386.52346953041
 20
36247.45073578641
 10
83386.52346953041
 20
36231.93146669445
 10
83402.04273862239
 20
36231.93146669445
 10
83402.04273862239
 20
36216.40831762355
 10
83402.04273862239
 20
36200.88891919892
  0
LWPOLYLINE
  5
D59
330
1F
100
AcDbEntity
  8
PDF_형상
370
5
100
AcDbPolyline
 90
23
 70
0
 10
83122.67985772043
 20
37830.48097881686
 10
84426.35497980677
 20
37830.48097881686
 10
84426.35497980677
 20
37721.84195652877
 10
84457.39364732335
 20
37706.32268743679
 10
83991.79927865234
 20
37240.72443878686
 10
84193.55792480386
 20
37116.56627673943
 10
84426.35497980677
 20
37070.004460151926
 10
84472.9129164153
 20
37070.004460151926
 10
84472.9129164153
 20
36697.52583536544
 10
84426.35497980677
 20
36697.52583536544
 10
84457.39364732335
 20
36666.487297181484
 10
83991.79927865234
 20
36200.88891919892
 10
83976.28000956036
 20
36231.93146669445
 10
83991.79927865234
 20
36200.88891919892
 10
84457.39364732335
 20
36666.487297181484
 10
84426.35497980677
 20
36697.52583536544
 10
84426.35497980677
 20
36790.6454592289
 10
83122.67985772043
 20
36790.6454592289
 10
84426.35497980677
 20
36790.6454592289
 10
84426.35497980677
 20
36697.52583536544
 10
83976.28000956036
 20
36231.93146669445
 10
84426.35497980677
 20
36697.52583536544
 10
84472.9129164153
 20
36697.52583536544
  0
CIRCLE
  5
D5C
330
1F
100
AcDbEntity
  8
PDF_형상
370
5
100
AcDbCircle
 10
84799.94020889622
 20
32848.5893794097
 30
0.0
 40
216.1713109405136
  0
LWPOLYLINE
  5
D5D
330
1F
100
AcDbEntity
  8
PDF_형상
370
5
100
AcDbPolyline
 90
2
 70
0
 10
84829.87214277712
 20
32879.62798226039
 10
84767.79506640926
 20
32879.62798226039
  0
LWPOLYLINE
  5
D5E
330
1F
100
AcDbEntity
  8
PDF_형상
370
5
100
AcDbPolyline
 90
8
 70
1
 10
84814.35287368517
 20
32879.62798226039
 10
84814.35287368517
 20
32895.147251352384
 10
84798.83360459322
 20
32895.147251352384
 10
84783.31433550124
 20
32895.147251352384
 10
84783.31433550124
 20
32879.62798226039
 10
84783.31433550124
 20
32864.10871316841
 10
84798.83360459322
 20
32864.10871316841
 10
84814.35287368517
 20
32864.10871316841
  0
LWPOLYLINE
  5
D5F
330
1F
100
AcDbEntity
  8
PDF_형상
370
5
100
AcDbPolyline
 90
4
 70
0
 10
83386.52346953041
 20
38606.47676657377
 10
83370.99631114789
 20
38606.47676657377
 10
83370.99631114789
 20
38296.079227466784
 10
83386.52346953041
 20
38296.079227466784
  0
LWPOLYLINE
  5
D60
330
1F
100
AcDbEntity
  8
PDF_형상
370
5
100
AcDbPolyline
 90
4
 70
1
 10
83386.52346953041
 20
38389.19885133024
 10
83355.4770420559
 20
38389.19885133024
 10
83355.4770420559
 20
38373.67958223826
 10
83386.52346953041
 20
38373.67958223826
  0
LWPOLYLINE
  5
D61
330
1F
100
AcDbEntity
  8
PDF_형상
370
5
100
AcDbPolyline
 90
4
 70
1
 10
83386.52346953041
 20
38513.35701337766
 10
83386.52346953041
 20
38544.39568089427
 10
83355.4770420559
 20
38544.39568089427
 10
83355.4770420559
 20
38513.35701337766
  0
LWPOLYLINE
  5
D65
330
1F
100
AcDbEntity
  8
PDF_형상
370
5
100
AcDbPolyline
 90
2
 70
0
 10
83339.95777296396
 20
38296.079227466784
 10
83339.95777296396
 20
38606.47676657377
  0
LWPOLYLINE
  5
D66
330
1F
100
AcDbEntity
  8
PDF_형상
370
5
100
AcDbPolyline
 90
21
 70
1
 10
83339.95777296396
 20
38296.079227466784
 10
83464.11994432287
 20
38265.040559950176
 10
83572.75495729943
 20
38249.51741087926
 10
83712.43639775038
 20
38265.040559950176
 10
83805.56003092548
 20
38311.59849655876
 10
83867.63710729334
 20
38373.67958223826
 10
83898.67564547733
 20
38451.275927698174
 10
83883.15637638535
 20
38513.35701337766
 10
83805.56003092548
 20
38590.95736814914
 10
83712.43639775038
 20
38637.515304757726
 10
83572.75495729943
 20
38653.03845382864
 10
83464.11994432287
 20
38637.515304757726
 10
83339.95777296396
 20
38606.47676657377
 10
83324.43850387189
 20
38684.07712134523
 10
83293.39996568799
 20
38715.115659529205
 10
83122.67985772043
 20
38715.115659529205
 10
83122.67985772043
 20
38699.59639043721
 10
83122.67985772043
 20
38202.959474270676
 10
83122.67985772043
 20
38187.4402051787
 10
83293.39996568799
 20
38187.4402051787
 10
83324.43850387189
 20
38218.478872695305
  0
LWPOLYLINE
  5
D67
330
1F
100
AcDbEntity
  8
PDF_형상
370
5
100
AcDbPolyline
 90
95
 70
1
 10
83402.04273862239
 20
38358.16031314628
 10
83417.56213704699
 20
38342.63703474272
 10
83433.08140613894
 20
38327.11776565074
 10
83448.60067523089
 20
38311.59849655876
 10
83464.11994432287
 20
38311.59849655876
 10
83479.6392134149
 20
38296.079227466784
 10
83495.15848250689
 20
38296.079227466784
 10
83510.67775159887
 20
38280.559958374804
 10
83526.19702069082
 20
38280.559958374804
 10
83541.71628978285
 20
38280.559958374804
 10
83557.23568820748
 20
38265.040559950176
 10
83572.75495729943
 20
38265.040559950176
 10
83588.28211568187
 20
38265.040559950176
 10
83603.8013847739
 20
38265.040559950176
 10
83619.32065386589
 20
38265.040559950176
 10
83634.83992295786
 20
38265.040559950176
 10
83650.35919204981
 20
38265.040559950176
 10
83665.87846114185
 20
38265.040559950176
 10
83681.39785956648
 20
38265.040559950176
 10
83681.39785956648
 20
38280.559958374804
 10
83696.91712865843
 20
38280.559958374804
 10
83712.43639775038
 20
38280.559958374804
 10
83727.95566684236
 20
38280.559958374804
 10
83743.4749359344
 20
38280.559958374804
 10
83743.4749359344
 20
38296.079227466784
 10
83758.99420502635
 20
38296.079227466784
 10
83774.52136340881
 20
38296.079227466784
 10
83774.52136340881
 20
38311.59849655876
 10
83790.04063250076
 20
38311.59849655876
 10
83790.04063250076
 20
38327.11776565074
 10
83805.56003092548
 20
38327.11776565074
 10
83821.07930001731
 20
38342.63703474272
 10
83836.59856910938
 20
38342.63703474272
 10
83836.59856910938
 20
38358.16031314628
 10
83852.11783820136
 20
38373.67958223826
 10
83867.63710729334
 20
38389.19885133024
 10
83867.63710729334
 20
38404.71812042222
 10
83867.63710729334
 20
38420.2373895142
 10
83883.15637638535
 20
38435.75665860618
 10
83883.15637638535
 20
38451.275927698174
 10
83883.15637638535
 20
38466.79920610172
 10
83867.63710729334
 20
38466.79920610172
 10
83867.63710729334
 20
38482.3184751937
 10
83867.63710729334
 20
38497.83774428568
 10
83867.63710729334
 20
38513.35701337766
 10
83852.11783820136
 20
38528.87628246964
 10
83852.11783820136
 20
38544.39568089427
 10
83836.59856910938
 20
38544.39568089427
 10
83821.07930001731
 20
38559.91882996518
 10
83821.07930001731
 20
38575.43809905716
 10
83805.56003092548
 20
38575.43809905716
 10
83790.04063250076
 20
38590.95736814914
 10
83774.52136340881
 20
38590.95736814914
 10
83774.52136340881
 20
38606.47676657377
 10
83758.99420502635
 20
38606.47676657377
 10
83743.4749359344
 20
38606.47676657377
 10
83743.4749359344
 20
38621.99603566575
 10
83727.95566684236
 20
38621.99603566575
 10
83712.43639775038
 20
38621.99603566575
 10
83696.91712865843
 20
38621.99603566575
 10
83696.91712865843
 20
38637.515304757726
 10
83681.39785956648
 20
38637.515304757726
 10
83665.87846114185
 20
38637.515304757726
 10
83650.35919204981
 20
38637.515304757726
 10
83634.83992295786
 20
38637.515304757726
 10
83619.32065386589
 20
38637.515304757726
 10
83603.8013847739
 20
38637.515304757726
 10
83588.28211568187
 20
38637.515304757726
 10
83572.75495729943
 20
38637.515304757726
 10
83557.23568820748
 20
38637.515304757726
 10
83541.71628978285
 20
38637.515304757726
 10
83526.19702069082
 20
38621.99603566575
 10
83510.67775159887
 20
38621.99603566575
 10
83495.15848250689
 20
38621.99603566575
 10
83495.15848250689
 20
38606.47676657377
 10
83479.6392134149
 20
38606.47676657377
 10
83464.11994432287
 20
38606.47676657377
 10
83464.11994432287
 20
38590.95736814914
 10
83448.60067523089
 20
38590.95736814914
 10
83433.08140613894
 20
38575.43809905716
 10
83417.56213704699
 20
38575.43809905716
 10
83417.56213704699
 20
38559.91882996518
 10
83402.04273862239
 20
38559.91882996518
 10
83402.04273862239
 20
38544.39568089427
 10
83386.52346953041
 20
38528.87628246964
 10
83386.52346953041
 20
38513.35701337766
 10
83386.52346953041
 20
38497.83774428568
 10
83386.52346953041
 20
38482.3184751937
 10
83386.52346953041
 20
38466.79920610172
 10
83386.52346953041
 20
38451.275927698174
 10
83386.52346953041
 20
38435.75665860618
 10
83386.52346953041
 20
38420.2373895142
 10
83386.52346953041
 20
38404.71812042222
 10
83386.52346953041
 20
38389.19885133024
 10
83386.52346953041
 20
38373.67958223826
  0
LWPOLYLINE
  5
D72
330
1F
100
AcDbEntity
  8
PDF_형상
370
5
100
AcDbPolyline
 90
2
 70
0
 10
86288.74021444864
 20
33158.98685385078
 10
84224.59646298787
 20
33158.98685385078
  0
LWPOLYLINE
  5
D74
330
1F
100
AcDbEntity
  8
PDF_형상
370
5
100
AcDbPolyline
 90
4
 70
1
 10
82517.4041779311
 20
30474.040264218194
 10
82827.80559701695
 20
30474.040264218194
 10
82827.80559701695
 20
30179.161994203205
 10
82517.4041779311
 20
30179.161994203205
  0
LWPOLYLINE
  5
D75
330
1F
100
AcDbEntity
  8
PDF_형상
370
5
100
AcDbPolyline
 90
5
 70
1
 10
82765.7205020259
 20
30256.762348974684
 10
82750.20123293395
 20
30256.762348974684
 10
82734.68196384197
 20
30256.762348974684
 10
82734.68196384197
 20
30241.24307988269
 10
82750.20123293395
 20
30241.24307988269
  0
LWPOLYLINE
  5
D76
330
1F
100
AcDbEntity
  8
PDF_형상
370
5
100
AcDbPolyline
 90
4
 70
1
 10
82703.64342565795
 20
30256.762348974684
 10
82688.12415656597
 20
30256.762348974684
 10
82688.12415656597
 20
30241.24307988269
 10
82703.64342565795
 20
30241.24307988269
  0
LWPOLYLINE
  5
D77
330
1F
100
AcDbEntity
  8
PDF_형상
370
5
100
AcDbPolyline
 90
4
 70
1
 10
82657.08561838207
 20
30256.762348974684
 10
82641.56634929
 20
30256.762348974684
 10
82641.56634929
 20
30241.24307988269
 10
82657.08561838207
 20
30241.24307988269
  0
LWPOLYLINE
  5
D78
330
1F
100
AcDbEntity
  8
PDF_형상
370
5
100
AcDbPolyline
 90
4
 70
1
 10
82610.52768177346
 20
30256.762348974684
 10
82595.00052339099
 20
30256.762348974684
 10
82595.00052339099
 20
30241.24307988269
 10
82610.52768177346
 20
30241.24307988269
  0
LWPOLYLINE
  5
D79
330
1F
100
AcDbEntity
  8
PDF_형상
370
5
100
AcDbPolyline
 90
4
 70
1
 10
82563.96198520697
 20
30256.762348974684
 10
82548.44271611502
 20
30256.762348974684
 10
82548.44271611502
 20
30241.24307988269
 10
82563.96198520697
 20
30241.24307988269
  0
LWPOLYLINE
  5
D7A
330
1F
100
AcDbEntity
  8
PDF_형상
370
5
100
AcDbPolyline
 90
6
 70
1
 10
82765.7205020259
 20
30303.322225572723
 10
82750.20123293395
 20
30303.322225572723
 10
82750.20123293395
 20
30318.841494664703
 10
82734.68196384197
 20
30303.322225572723
 10
82734.68196384197
 20
30287.802827148094
 10
82750.20123293395
 20
30287.802827148094
  0
LWPOLYLINE
  5
D7B
330
1F
100
AcDbEntity
  8
PDF_형상
370
5
100
AcDbPolyline
 90
5
 70
1
 10
82703.64342565795
 20
30303.322225572723
 10
82703.64342565795
 20
30318.841494664703
 10
82688.12415656597
 20
30303.322225572723
 10
82688.12415656597
 20
30287.802827148094
 10
82703.64342565795
 20
30287.802827148094
  0
LWPOLYLINE
  5
D7C
330
1F
100
AcDbEntity
  8
PDF_형상
370
5
100
AcDbPolyline
 90
5
 70
1
 10
82657.08561838207
 20
30303.322225572723
 10
82657.08561838207
 20
30318.841494664703
 10
82641.56634929
 20
30303.322225572723
 10
82641.56634929
 20
30287.802827148094
 10
82657.08561838207
 20
30287.802827148094
  0
LWPOLYLINE
  5
D7D
330
1F
100
AcDbEntity
  8
PDF_형상
370
5
100
AcDbPolyline
 90
5
 70
1
 10
82610.52768177346
 20
30303.322225572723
 10
82595.00052339099
 20
30318.841494664703
 10
82595.00052339099
 20
30303.322225572723
 10
82595.00052339099
 20
30287.802827148094
 10
82610.52768177346
 20
30287.802827148094
  0
LWPOLYLINE
  5
D7E
330
1F
100
AcDbEntity
  8
PDF_형상
370
5
100
AcDbPolyline
 90
5
 70
1
 10
82563.96198520697
 20
30303.322225572723
 10
82548.44271611502
 20
30318.841494664703
 10
82548.44271611502
 20
30303.322225572723
 10
82548.44271611502
 20
30287.802827148094
 10
82563.96198520697
 20
30287.802827148094
  0
LWPOLYLINE
  5
D7F
330
1F
100
AcDbEntity
  8
PDF_형상
370
5
100
AcDbPolyline
 90
6
 70
1
 10
82765.7205020259
 20
30349.881972838128
 10
82750.20123293395
 20
30349.881972838128
 10
82750.20123293395
 20
30365.40124193012
 10
82734.68196384197
 20
30349.881972838128
 10
82734.68196384197
 20
30334.36270374615
 10
82750.20123293395
 20
30334.36270374615
  0
LWPOLYLINE
  5
D80
330
1F
100
AcDbEntity
  8
PDF_형상
370
5
100
AcDbPolyline
 90
5
 70
1
 10
82703.64342565795
 20
30349.881972838128
 10
82703.64342565795
 20
30365.40124193012
 10
82688.12415656597
 20
30349.881972838128
 10
82688.12415656597
 20
30334.36270374615
 10
82703.64342565795
 20
30334.36270374615
  0
LWPOLYLINE
  5
D81
330
1F
100
AcDbEntity
  8
PDF_형상
370
5
100
AcDbPolyline
 90
5
 70
1
 10
82657.08561838207
 20
30349.881972838128
 10
82657.08561838207
 20
30365.40124193012
 10
82641.56634929
 20
30349.881972838128
 10
82641.56634929
 20
30334.36270374615
 10
82657.08561838207
 20
30334.36270374615
  0
LWPOLYLINE
  5
D82
330
1F
100
AcDbEntity
  8
PDF_형상
370
5
100
AcDbPolyline
 90
5
 70
1
 10
82610.52768177346
 20
30349.881972838128
 10
82595.00052339099
 20
30365.40124193012
 10
82595.00052339099
 20
30349.881972838128
 10
82595.00052339099
 20
30334.36270374615
 10
82610.52768177346
 20
30334.36270374615
  0
LWPOLYLINE
  5
D83
330
1F
100
AcDbEntity
  8
PDF_형상
370
5
100
AcDbPolyline
 90
5
 70
1
 10
82563.96198520697
 20
30349.881972838128
 10
82548.44271611502
 20
30365.40124193012
 10
82548.44271611502
 20
30349.881972838128
 10
82548.44271611502
 20
30334.36270374615
 10
82563.96198520697
 20
30334.36270374615
  0
LWPOLYLINE
  5
D84
330
1F
100
AcDbEntity
  8
PDF_형상
370
5
100
AcDbPolyline
 90
6
 70
1
 10
82765.7205020259
 20
30396.44184943618
 10
82750.20123293395
 20
30411.96111852816
 10
82734.68196384197
 20
30411.96111852816
 10
82734.68196384197
 20
30396.44184943618
 10
82734.68196384197
 20
30380.922580344202
 10
82750.20123293395
 20
30380.922580344202
  0
LWPOLYLINE
  5
D85
330
1F
100
AcDbEntity
  8
PDF_형상
370
5
100
AcDbPolyline
 90
6
 70
1
 10
82703.64342565795
 20
30396.44184943618
 10
82703.64342565795
 20
30411.96111852816
 10
82688.12415656597
 20
30411.96111852816
 10
82688.12415656597
 20
30396.44184943618
 10
82688.12415656597
 20
30380.922580344202
 10
82703.64342565795
 20
30380.922580344202
  0
LWPOLYLINE
  5
D86
330
1F
100
AcDbEntity
  8
PDF_형상
370
5
100
AcDbPolyline
 90
6
 70
1
 10
82657.08561838207
 20
30396.44184943618
 10
82657.08561838207
 20
30411.96111852816
 10
82641.56634929
 20
30411.96111852816
 10
82641.56634929
 20
30396.44184943618
 10
82641.56634929
 20
30380.922580344202
 10
82657.08561838207
 20
30380.922580344202
  0
LWPOLYLINE
  5
D87
330
1F
100
AcDbEntity
  8
PDF_형상
370
5
100
AcDbPolyline
 90
6
 70
1
 10
82610.52768177346
 20
30396.44184943618
 10
82610.52768177346
 20
30411.96111852816
 10
82595.00052339099
 20
30411.96111852816
 10
82595.00052339099
 20
30396.44184943618
 10
82595.00052339099
 20
30380.922580344202
 10
82610.52768177346
 20
30380.922580344202
  0
LWPOLYLINE
  5
D88
330
1F
100
AcDbEntity
  8
PDF_형상
370
5
100
AcDbPolyline
 90
6
 70
1
 10
82563.96198520697
 20
30396.44184943618
 10
82563.96198520697
 20
30411.96111852816
 10
82548.44271611502
 20
30411.96111852816
 10
82548.44271611502
 20
30396.44184943618
 10
82548.44271611502
 20
30380.922580344202
 10
82563.96198520697
 20
30380.922580344202
  0
LWPOLYLINE
  5
D89
330
1F
100
AcDbEntity
  8
PDF_형상
370
5
100
AcDbPolyline
 90
6
 70
1
 10
82765.7205020259
 20
30443.001596701586
 10
82750.20123293395
 20
30458.520995126215
 10
82734.68196384197
 20
30458.520995126215
 10
82734.68196384197
 20
30443.001596701586
 10
82750.20123293395
 20
30427.482327609607
 10
82750.20123293395
 20
30443.001596701586
  0
LWPOLYLINE
  5
D8A
330
1F
100
AcDbEntity
  8
PDF_형상
370
5
100
AcDbPolyline
 90
5
 70
1
 10
82703.64342565795
 20
30443.001596701586
 10
82703.64342565795
 20
30458.520995126215
 10
82688.12415656597
 20
30458.520995126215
 10
82688.12415656597
 20
30443.001596701586
 10
82703.64342565795
 20
30427.482327609607
  0
LWPOLYLINE
  5
D8B
330
1F
100
AcDbEntity
  8
PDF_형상
370
5
100
AcDbPolyline
 90
5
 70
1
 10
82657.08561838207
 20
30443.001596701586
 10
82657.08561838207
 20
30458.520995126215
 10
82641.56634929
 20
30458.520995126215
 10
82641.56634929
 20
30443.001596701586
 10
82657.08561838207
 20
30427.482327609607
  0
LWPOLYLINE
  5
D8C
330
1F
100
AcDbEntity
  8
PDF_형상
370
5
100
AcDbPolyline
 90
5
 70
1
 10
82610.52768177346
 20
30443.001596701586
 10
82610.52768177346
 20
30458.520995126215
 10
82595.00052339099
 20
30458.520995126215
 10
82595.00052339099
 20
30443.001596701586
 10
82595.00052339099
 20
30427.482327609607
  0
LWPOLYLINE
  5
D8D
330
1F
100
AcDbEntity
  8
PDF_형상
370
5
100
AcDbPolyline
 90
5
 70
1
 10
82563.96198520697
 20
30443.001596701586
 10
82563.96198520697
 20
30458.520995126215
 10
82548.44271611502
 20
30458.520995126215
 10
82548.44271611502
 20
30443.001596701586
 10
82548.44271611502
 20
30427.482327609607
  0
LWPOLYLINE
  5
D90
330
1F
100
AcDbEntity
  8
PDF_형상
370
5
100
AcDbPolyline
 90
5
 70
1
 10
82765.7205020259
 20
30210.202472376615
 10
82750.20123293395
 20
30210.202472376615
 10
82734.68196384197
 20
30210.202472376615
 10
82734.68196384197
 20
30194.683203284636
 10
82750.20123293395
 20
30194.683203284636
  0
LWPOLYLINE
  5
D91
330
1F
100
AcDbEntity
  8
PDF_형상
370
5
100
AcDbPolyline
 90
4
 70
1
 10
82703.64342565795
 20
30210.202472376615
 10
82688.12415656597
 20
30210.202472376615
 10
82688.12415656597
 20
30194.683203284636
 10
82703.64342565795
 20
30194.683203284636
  0
LWPOLYLINE
  5
D92
330
1F
100
AcDbEntity
  8
PDF_형상
370
5
100
AcDbPolyline
 90
4
 70
1
 10
82657.08561838207
 20
30210.202472376615
 10
82641.56634929
 20
30210.202472376615
 10
82641.56634929
 20
30194.683203284636
 10
82657.08561838207
 20
30194.683203284636
  0
LWPOLYLINE
  5
D93
330
1F
100
AcDbEntity
  8
PDF_형상
370
5
100
AcDbPolyline
 90
4
 70
1
 10
82610.52768177346
 20
30210.202472376615
 10
82595.00052339099
 20
30210.202472376615
 10
82595.00052339099
 20
30194.683203284636
 10
82610.52768177346
 20
30194.683203284636
  0
LWPOLYLINE
  5
D94
330
1F
100
AcDbEntity
  8
PDF_형상
370
5
100
AcDbPolyline
 90
4
 70
1
 10
82563.96198520697
 20
30210.202472376615
 10
82548.44271611502
 20
30210.202472376615
 10
82548.44271611502
 20
30194.683203284636
 10
82563.96198520697
 20
30194.683203284636
  0
LWPOLYLINE
  5
D95
330
1F
100
AcDbEntity
  8
PDF_형상
370
5
100
AcDbPolyline
 90
5
 70
1
 10
82812.28632792497
 20
30256.762348974684
 10
82796.75916954257
 20
30256.762348974684
 10
82781.2399004505
 20
30256.762348974684
 10
82781.2399004505
 20
30241.24307988269
 10
82796.75916954257
 20
30241.24307988269
  0
LWPOLYLINE
  5
D96
330
1F
100
AcDbEntity
  8
PDF_형상
370
5
100
AcDbPolyline
 90
6
 70
1
 10
82812.28632792497
 20
30303.322225572723
 10
82796.75916954257
 20
30303.322225572723
 10
82796.75916954257
 20
30318.841494664703
 10
82781.2399004505
 20
30303.322225572723
 10
82781.2399004505
 20
30287.802827148094
 10
82796.75916954257
 20
30287.802827148094
  0
LWPOLYLINE
  5
D97
330
1F
100
AcDbEntity
  8
PDF_형상
370
5
100
AcDbPolyline
 90
6
 70
1
 10
82812.28632792497
 20
30349.881972838128
 10
82796.75916954257
 20
30349.881972838128
 10
82796.75916954257
 20
30365.40124193012
 10
82781.2399004505
 20
30349.881972838128
 10
82781.2399004505
 20
30334.36270374615
 10
82796.75916954257
 20
30334.36270374615
  0
LWPOLYLINE
  5
D98
330
1F
100
AcDbEntity
  8
PDF_형상
370
5
100
AcDbPolyline
 90
6
 70
1
 10
82812.28632792497
 20
30396.44184943618
 10
82796.75916954257
 20
30411.96111852816
 10
82781.2399004505
 20
30411.96111852816
 10
82781.2399004505
 20
30396.44184943618
 10
82781.2399004505
 20
30380.922580344202
 10
82796.75916954257
 20
30380.922580344202
  0
LWPOLYLINE
  5
D99
330
1F
100
AcDbEntity
  8
PDF_형상
370
5
100
AcDbPolyline
 90
6
 70
1
 10
82812.28632792497
 20
30443.001596701586
 10
82796.75916954257
 20
30458.520995126215
 10
82781.2399004505
 20
30458.520995126215
 10
82781.2399004505
 20
30443.001596701586
 10
82796.75916954257
 20
30427.482327609607
 10
82796.75916954257
 20
30443.001596701586
  0
LWPOLYLINE
  5
D9A
330
1F
100
AcDbEntity
  8
PDF_형상
370
5
100
AcDbPolyline
 90
5
 70
1
 10
82812.28632792497
 20
30210.202472376615
 10
82796.75916954257
 20
30210.202472376615
 10
82781.2399004505
 20
30210.202472376615
 10
82781.2399004505
 20
30194.683203284636
 10
82796.75916954257
 20
30194.683203284636
  0
LWPOLYLINE
  5
D9B
330
1F
100
AcDbEntity
  8
PDF_형상
370
5
100
AcDbPolyline
 90
4
 70
1
 10
82827.80559701695
 20
30474.040264218194
 10
83122.67985772043
 20
30474.040264218194
 10
83122.67985772043
 20
30179.161994203205
 10
82827.80559701695
 20
30179.161994203205
  0
LWPOLYLINE
  5
D9C
330
1F
100
AcDbEntity
  8
PDF_형상
370
5
100
AcDbPolyline
 90
5
 70
1
 10
83060.6027813524
 20
30256.762348974684
 10
83045.08351226045
 20
30256.762348974684
 10
83029.5642431685
 20
30256.762348974684
 10
83045.08351226045
 20
30241.24307988269
 10
83060.6027813524
 20
30241.24307988269
  0
LWPOLYLINE
  5
D9D
330
1F
100
AcDbEntity
  8
PDF_형상
370
5
100
AcDbPolyline
 90
6
 70
1
 10
83014.0448447439
 20
30256.762348974684
 10
82998.52557565195
 20
30256.762348974684
 10
82982.99841726937
 20
30256.762348974684
 10
82982.99841726937
 20
30241.24307988269
 10
82998.52557565195
 20
30241.24307988269
 10
83014.0448447439
 20
30241.24307988269
  0
LWPOLYLINE
  5
D9E
330
1F
100
AcDbEntity
  8
PDF_형상
370
5
100
AcDbPolyline
 90
5
 70
1
 10
82967.47914817742
 20
30256.762348974684
 10
82951.95987908547
 20
30256.762348974684
 10
82936.44060999351
 20
30256.762348974684
 10
82936.44060999351
 20
30241.24307988269
 10
82951.95987908547
 20
30241.24307988269
  0
LWPOLYLINE
  5
D9F
330
1F
100
AcDbEntity
  8
PDF_형상
370
5
100
AcDbPolyline
 90
5
 70
1
 10
82920.92134090145
 20
30256.762348974684
 10
82905.4020718095
 20
30256.762348974684
 10
82889.8826733849
 20
30256.762348974684
 10
82889.8826733849
 20
30241.24307988269
 10
82905.4020718095
 20
30241.24307988269
  0
LWPOLYLINE
  5
DA0
330
1F
100
AcDbEntity
  8
PDF_형상
370
5
100
AcDbPolyline
 90
4
 70
1
 10
82858.84413520097
 20
30256.762348974684
 10
82843.32486610899
 20
30256.762348974684
 10
82843.32486610899
 20
30241.24307988269
 10
82858.84413520097
 20
30241.24307988269
  0
LWPOLYLINE
  5
DA1
330
1F
100
AcDbEntity
  8
PDF_형상
370
5
100
AcDbPolyline
 90
6
 70
1
 10
83060.6027813524
 20
30303.322225572723
 10
83045.08351226045
 20
30318.841494664703
 10
83045.08351226045
 20
30303.322225572723
 10
83029.5642431685
 20
30303.322225572723
 10
83045.08351226045
 20
30287.802827148094
 10
83060.6027813524
 20
30287.802827148094
  0
LWPOLYLINE
  5
DA2
330
1F
100
AcDbEntity
  8
PDF_형상
370
5
100
AcDbPolyline
 90
6
 70
1
 10
83014.0448447439
 20
30303.322225572723
 10
82998.52557565195
 20
30318.841494664703
 10
82982.99841726937
 20
30303.322225572723
 10
82982.99841726937
 20
30287.802827148094
 10
82998.52557565195
 20
30287.802827148094
 10
83014.0448447439
 20
30287.802827148094
  0
LWPOLYLINE
  5
DA3
330
1F
100
AcDbEntity
  8
PDF_형상
370
5
100
AcDbPolyline
 90
6
 70
1
 10
82967.47914817742
 20
30303.322225572723
 10
82951.95987908547
 20
30303.322225572723
 10
82951.95987908547
 20
30318.841494664703
 10
82936.44060999351
 20
30303.322225572723
 10
82936.44060999351
 20
30287.802827148094
 10
82951.95987908547
 20
30287.802827148094
  0
LWPOLYLINE
  5
DA4
330
1F
100
AcDbEntity
  8
PDF_형상
370
5
100
AcDbPolyline
 90
6
 70
1
 10
82920.92134090145
 20
30303.322225572723
 10
82905.4020718095
 20
30303.322225572723
 10
82905.4020718095
 20
30318.841494664703
 10
82889.8826733849
 20
30303.322225572723
 10
82889.8826733849
 20
30287.802827148094
 10
82905.4020718095
 20
30287.802827148094
  0
LWPOLYLINE
  5
DA5
330
1F
100
AcDbEntity
  8
PDF_형상
370
5
100
AcDbPolyline
 90
5
 70
1
 10
82858.84413520097
 20
30303.322225572723
 10
82858.84413520097
 20
30318.841494664703
 10
82843.32486610899
 20
30303.322225572723
 10
82843.32486610899
 20
30287.802827148094
 10
82858.84413520097
 20
30287.802827148094
  0
LWPOLYLINE
  5
DA6
330
1F
100
AcDbEntity
  8
PDF_형상
370
5
100
AcDbPolyline
 90
6
 70
1
 10
83060.6027813524
 20
30349.881972838128
 10
83045.08351226045
 20
30365.40124193012
 10
83045.08351226045
 20
30349.881972838128
 10
83029.5642431685
 20
30349.881972838128
 10
83045.08351226045
 20
30334.36270374615
 10
83060.6027813524
 20
30334.36270374615
  0
LWPOLYLINE
  5
DA7
330
1F
100
AcDbEntity
  8
PDF_형상
370
5
100
AcDbPolyline
 90
6
 70
1
 10
83014.0448447439
 20
30349.881972838128
 10
82998.52557565195
 20
30365.40124193012
 10
82982.99841726937
 20
30349.881972838128
 10
82982.99841726937
 20
30334.36270374615
 10
82998.52557565195
 20
30334.36270374615
 10
83014.0448447439
 20
30334.36270374615
  0
LWPOLYLINE
  5
DA8
330
1F
100
AcDbEntity
  8
PDF_형상
370
5
100
AcDbPolyline
 90
6
 70
1
 10
82967.47914817742
 20
30349.881972838128
 10
82951.95987908547
 20
30349.881972838128
 10
82951.95987908547
 20
30365.40124193012
 10
82936.44060999351
 20
30349.881972838128
 10
82936.44060999351
 20
30334.36270374615
 10
82951.95987908547
 20
30334.36270374615
  0
LWPOLYLINE
  5
DA9
330
1F
100
AcDbEntity
  8
PDF_형상
370
5
100
AcDbPolyline
 90
6
 70
1
 10
82920.92134090145
 20
30349.881972838128
 10
82905.4020718095
 20
30349.881972838128
 10
82905.4020718095
 20
30365.40124193012
 10
82889.8826733849
 20
30349.881972838128
 10
82889.8826733849
 20
30334.36270374615
 10
82905.4020718095
 20
30334.36270374615
  0
LWPOLYLINE
  5
DAA
330
1F
100
AcDbEntity
  8
PDF_형상
370
5
100
AcDbPolyline
 90
5
 70
1
 10
82858.84413520097
 20
30349.881972838128
 10
82858.84413520097
 20
30365.40124193012
 10
82843.32486610899
 20
30349.881972838128
 10
82843.32486610899
 20
30334.36270374615
 10
82858.84413520097
 20
30334.36270374615
  0
LWPOLYLINE
  5
DAB
330
1F
100
AcDbEntity
  8
PDF_형상
370
5
100
AcDbPolyline
 90
6
 70
1
 10
83060.6027813524
 20
30396.44184943618
 10
83060.6027813524
 20
30411.96111852816
 10
83045.08351226045
 20
30411.96111852816
 10
83029.5642431685
 20
30396.44184943618
 10
83045.08351226045
 20
30380.922580344202
 10
83060.6027813524
 20
30380.922580344202
  0
LWPOLYLINE
  5
DAC
330
1F
100
AcDbEntity
  8
PDF_형상
370
5
100
AcDbPolyline
 90
8
 70
1
 10
83014.0448447439
 20
30396.44184943618
 10
83014.0448447439
 20
30411.96111852816
 10
82998.52557565195
 20
30411.96111852816
 10
82982.99841726937
 20
30411.96111852816
 10
82982.99841726937
 20
30396.44184943618
 10
82982.99841726937
 20
30380.922580344202
 10
82998.52557565195
 20
30380.922580344202
 10
83014.0448447439
 20
30380.922580344202
  0
LWPOLYLINE
  5
DAD
330
1F
100
AcDbEntity
  8
PDF_형상
370
5
100
AcDbPolyline
 90
6
 70
1
 10
82967.47914817742
 20
30396.44184943618
 10
82951.95987908547
 20
30411.96111852816
 10
82936.44060999351
 20
30411.96111852816
 10
82936.44060999351
 20
30396.44184943618
 10
82936.44060999351
 20
30380.922580344202
 10
82951.95987908547
 20
30380.922580344202
  0
LWPOLYLINE
  5
DAE
330
1F
100
AcDbEntity
  8
PDF_형상
370
5
100
AcDbPolyline
 90
6
 70
1
 10
82920.92134090145
 20
30396.44184943618
 10
82905.4020718095
 20
30411.96111852816
 10
82889.8826733849
 20
30411.96111852816
 10
82889.8826733849
 20
30396.44184943618
 10
82889.8826733849
 20
30380.922580344202
 10
82905.4020718095
 20
30380.922580344202
  0
LWPOLYLINE
  5
DAF
330
1F
100
AcDbEntity
  8
PDF_형상
370
5
100
AcDbPolyline
 90
6
 70
1
 10
82858.84413520097
 20
30396.44184943618
 10
82858.84413520097
 20
30411.96111852816
 10
82843.32486610899
 20
30411.96111852816
 10
82843.32486610899
 20
30396.44184943618
 10
82843.32486610899
 20
30380.922580344202
 10
82858.84413520097
 20
30380.922580344202
  0
LWPOLYLINE
  5
DB0
330
1F
100
AcDbEntity
  8
PDF_형상
370
5
100
AcDbPolyline
 90
6
 70
1
 10
83060.6027813524
 20
30443.001596701586
 10
83060.6027813524
 20
30458.520995126215
 10
83045.08351226045
 20
30458.520995126215
 10
83029.5642431685
 20
30443.001596701586
 10
83045.08351226045
 20
30443.001596701586
 10
83045.08351226045
 20
30427.482327609607
  0
LWPOLYLINE
  5
DB1
330
1F
100
AcDbEntity
  8
PDF_형상
370
5
100
AcDbPolyline
 90
6
 70
1
 10
83014.0448447439
 20
30443.001596701586
 10
83014.0448447439
 20
30458.520995126215
 10
82998.52557565195
 20
30458.520995126215
 10
82982.99841726937
 20
30458.520995126215
 10
82982.99841726937
 20
30443.001596701586
 10
82998.52557565195
 20
30427.482327609607
  0
LWPOLYLINE
  5
DB2
330
1F
100
AcDbEntity
  8
PDF_형상
370
5
100
AcDbPolyline
 90
6
 70
1
 10
82967.47914817742
 20
30443.001596701586
 10
82951.95987908547
 20
30458.520995126215
 10
82936.44060999351
 20
30458.520995126215
 10
82936.44060999351
 20
30443.001596701586
 10
82951.95987908547
 20
30427.482327609607
 10
82951.95987908547
 20
30443.001596701586
  0
LWPOLYLINE
  5
DB3
330
1F
100
AcDbEntity
  8
PDF_형상
370
5
100
AcDbPolyline
 90
6
 70
1
 10
82920.92134090145
 20
30443.001596701586
 10
82905.4020718095
 20
30458.520995126215
 10
82889.8826733849
 20
30458.520995126215
 10
82889.8826733849
 20
30443.001596701586
 10
82905.4020718095
 20
30427.482327609607
 10
82905.4020718095
 20
30443.001596701586
  0
LWPOLYLINE
  5
DB4
330
1F
100
AcDbEntity
  8
PDF_형상
370
5
100
AcDbPolyline
 90
5
 70
1
 10
82858.84413520097
 20
30443.001596701586
 10
82858.84413520097
 20
30458.520995126215
 10
82843.32486610899
 20
30458.520995126215
 10
82843.32486610899
 20
30443.001596701586
 10
82858.84413520097
 20
30427.482327609607
  0
LWPOLYLINE
  5
DB7
330
1F
100
AcDbEntity
  8
PDF_형상
370
5
100
AcDbPolyline
 90
5
 70
1
 10
83060.6027813524
 20
30210.202472376615
 10
83045.08351226045
 20
30210.202472376615
 10
83029.5642431685
 20
30210.202472376615
 10
83045.08351226045
 20
30194.683203284636
 10
83060.6027813524
 20
30194.683203284636
  0
LWPOLYLINE
  5
DB8
330
1F
100
AcDbEntity
  8
PDF_형상
370
5
100
AcDbPolyline
 90
6
 70
1
 10
83014.0448447439
 20
30210.202472376615
 10
82998.52557565195
 20
30210.202472376615
 10
82982.99841726937
 20
30210.202472376615
 10
82982.99841726937
 20
30194.683203284636
 10
82998.52557565195
 20
30194.683203284636
 10
83014.0448447439
 20
30194.683203284636
  0
LWPOLYLINE
  5
DB9
330
1F
100
AcDbEntity
  8
PDF_형상
370
5
100
AcDbPolyline
 90
5
 70
1
 10
82967.47914817742
 20
30210.202472376615
 10
82951.95987908547
 20
30210.202472376615
 10
82936.44060999351
 20
30210.202472376615
 10
82936.44060999351
 20
30194.683203284636
 10
82951.95987908547
 20
30194.683203284636
  0
LWPOLYLINE
  5
DBA
330
1F
100
AcDbEntity
  8
PDF_형상
370
5
100
AcDbPolyline
 90
5
 70
1
 10
82920.92134090145
 20
30210.202472376615
 10
82905.4020718095
 20
30210.202472376615
 10
82889.8826733849
 20
30210.202472376615
 10
82889.8826733849
 20
30194.683203284636
 10
82905.4020718095
 20
30194.683203284636
  0
LWPOLYLINE
  5
DBB
330
1F
100
AcDbEntity
  8
PDF_형상
370
5
100
AcDbPolyline
 90
4
 70
1
 10
82858.84413520097
 20
30210.202472376615
 10
82843.32486610899
 20
30210.202472376615
 10
82843.32486610899
 20
30194.683203284636
 10
82858.84413520097
 20
30194.683203284636
  0
LWPOLYLINE
  5
DBC
330
1F
100
AcDbEntity
  8
PDF_형상
370
5
100
AcDbPolyline
 90
5
 70
1
 10
83107.1605886284
 20
30256.762348974684
 10
83091.64131953644
 20
30256.762348974684
 10
83076.12205044446
 20
30256.762348974684
 10
83091.64131953644
 20
30241.24307988269
 10
83107.1605886284
 20
30241.24307988269
  0
LWPOLYLINE
  5
DBD
330
1F
100
AcDbEntity
  8
PDF_형상
370
5
100
AcDbPolyline
 90
6
 70
1
 10
83107.1605886284
 20
30303.322225572723
 10
83091.64131953644
 20
30318.841494664703
 10
83091.64131953644
 20
30303.322225572723
 10
83076.12205044446
 20
30303.322225572723
 10
83091.64131953644
 20
30287.802827148094
 10
83107.1605886284
 20
30287.802827148094
  0
LWPOLYLINE
  5
DBE
330
1F
100
AcDbEntity
  8
PDF_형상
370
5
100
AcDbPolyline
 90
6
 70
1
 10
83107.1605886284
 20
30349.881972838128
 10
83091.64131953644
 20
30365.40124193012
 10
83091.64131953644
 20
30349.881972838128
 10
83076.12205044446
 20
30349.881972838128
 10
83091.64131953644
 20
30334.36270374615
 10
83107.1605886284
 20
30334.36270374615
  0
LWPOLYLINE
  5
DBF
330
1F
100
AcDbEntity
  8
PDF_형상
370
5
100
AcDbPolyline
 90
6
 70
1
 10
83107.1605886284
 20
30396.44184943618
 10
83107.1605886284
 20
30411.96111852816
 10
83091.64131953644
 20
30411.96111852816
 10
83076.12205044446
 20
30396.44184943618
 10
83091.64131953644
 20
30380.922580344202
 10
83107.1605886284
 20
30380.922580344202
  0
LWPOLYLINE
  5
DC0
330
1F
100
AcDbEntity
  8
PDF_형상
370
5
100
AcDbPolyline
 90
6
 70
1
 10
83107.1605886284
 20
30443.001596701586
 10
83107.1605886284
 20
30458.520995126215
 10
83091.64131953644
 20
30458.520995126215
 10
83076.12205044446
 20
30443.001596701586
 10
83091.64131953644
 20
30443.001596701586
 10
83091.64131953644
 20
30427.482327609607
  0
LWPOLYLINE
  5
DC1
330
1F
100
AcDbEntity
  8
PDF_형상
370
5
100
AcDbPolyline
 90
5
 70
1
 10
83107.1605886284
 20
30210.202472376615
 10
83091.64131953644
 20
30210.202472376615
 10
83076.12205044446
 20
30210.202472376615
 10
83091.64131953644
 20
30194.683203284636
 10
83107.1605886284
 20
30194.683203284636
  0
LWPOLYLINE
  5
DC2
330
1F
100
AcDbEntity
  8
PDF_형상
370
5
100
AcDbPolyline
 90
3
 70
0
 10
82719.1626947499
 20
30768.92047422265
 10
82920.92134090145
 20
30768.92047422265
 10
82719.1626947499
 20
30768.92047422265
  0
LWPOLYLINE
  5
DC3
330
1F
100
AcDbEntity
  8
PDF_형상
370
5
100
AcDbPolyline
 90
4
 70
1
 10
54550.51715116574
 20
72796.8492351537
 10
54550.51715116574
 20
72098.45781147984
 10
53852.11783820139
 20
72098.45781147984
 10
53852.11783820139
 20
72796.8492351537
  0
LWPOLYLINE
  5
DC4
330
1F
100
AcDbEntity
  8
PDF_형상
370
5
100
AcDbPolyline
 90
4
 70
1
 10
49553.10246735443
 20
75854.27457890537
 10
48854.707034368985
 20
75854.27457890537
 10
48854.707034368985
 20
76552.67389186975
 10
49553.10246735443
 20
76552.67389186975
  0
LWPOLYLINE
  5
DC5
330
1F
100
AcDbEntity
  8
PDF_형상
370
5
100
AcDbPolyline
 90
4
 70
1
 10
62357.03296534343
 20
79610.09134633094
 10
63055.43227830778
 20
79610.09134633094
 10
63055.43227830778
 20
80308.49065929532
 10
62357.03296534343
 20
80308.49065929532
  0
LWPOLYLINE
  5
DC6
330
1F
100
AcDbEntity
  8
PDF_형상
370
5
100
AcDbPolyline
 90
4
 70
1
 10
62357.03296534343
 20
42113.97708057182
 10
63055.43227830778
 20
42113.97708057182
 10
63055.43227830778
 20
42812.37251355727
 10
62357.03296534343
 20
42812.37251355727
  0
LWPOLYLINE
  5
DC7
330
1F
100
AcDbEntity
  8
PDF_형상
370
5
100
AcDbPolyline
 90
4
 70
1
 10
49553.10246735443
 20
79610.09134633094
 10
48854.707034368985
 20
79610.09134633094
 10
48854.707034368985
 20
80308.49065929532
 10
49553.10246735443
 20
80308.49065929532
  0
LWPOLYLINE
  5
DC8
330
1F
100
AcDbEntity
  8
PDF_형상
370
5
100
AcDbPolyline
 90
4
 70
1
 10
44353.93301737048
 20
84095.35385419536
 10
45052.328450355926
 20
84095.35385419536
 10
45052.328450355926
 20
84793.74540720182
 10
44353.93301737048
 20
84793.74540720182
  0
LWPOLYLINE
  5
DC9
330
1F
100
AcDbEntity
  8
PDF_형상
370
5
100
AcDbPolyline
 90
4
 70
1
 10
107333.74998772754
 20
61513.87177449457
 10
107333.74998772754
 20
60908.595965372595
 10
108032.14943002451
 20
60908.595965372595
 10
108032.14943002451
 20
61513.87177449457
  0
LWPOLYLINE
  5
DCA
330
1F
100
AcDbEntity
  8
PDF_형상
370
5
100
AcDbPolyline
 90
4
 70
1
 10
53852.11783820139
 20
42113.97708057182
 10
54550.51715116574
 20
42113.97708057182
 10
54550.51715116574
 20
42812.37251355727
 10
53852.11783820139
 20
42812.37251355727
  0
LWPOLYLINE
  5
DCB
330
1F
100
AcDbEntity
  8
PDF_형상
370
5
100
AcDbPolyline
 90
4
 70
1
 10
107333.74998772754
 20
75900.83238618134
 10
108032.14943002451
 20
75900.83238618134
 10
108032.14943002451
 20
76506.10819530333
 10
107333.74998772754
 20
76506.10819530333
  0
LWPOLYLINE
  5
DCC
330
1F
100
AcDbEntity
  8
PDF_형상
370
5
100
AcDbPolyline
 90
4
 70
1
 10
107333.74998772754
 20
54002.23423033188
 10
107333.74998772754
 20
53412.47781963452
 10
108032.14943002451
 20
53412.47781963452
 10
108032.14943002451
 20
54002.23423033188
  0
LWPOLYLINE
  5
DCD
330
1F
100
AcDbEntity
  8
PDF_형상
370
5
100
AcDbPolyline
 90
4
 70
1
 10
108730.54085369843
 20
21162.090811135284
 10
109537.57517963926
 20
21162.090811135284
 10
109537.57517963926
 20
20370.57575428638
 10
108730.54085369843
 20
20370.57575428638
  0
LWPOLYLINE
  5
DCE
330
1F
100
AcDbEntity
  8
PDF_형상
370
5
100
AcDbPolyline
 90
4
 70
1
 10
99030.59350673707
 20
72750.29142787776
 10
98332.20208306321
 20
72750.29142787776
 10
98332.20208306321
 20
72160.53488784778
 10
99030.59350673707
 20
72160.53488784778
  0
LWPOLYLINE
  5
DCF
330
1F
100
AcDbEntity
  8
PDF_형상
370
5
100
AcDbPolyline
 90
4
 70
1
 10
107333.74998772754
 20
46506.11608459382
 10
108032.14943002451
 20
46506.11608459382
 10
108032.14943002451
 20
45916.35566458491
 10
107333.74998772754
 20
45916.35566458491
  0
LWPOLYLINE
  5
DD0
330
1F
100
AcDbEntity
  8
PDF_형상
370
5
100
AcDbPolyline
 90
4
 70
1
 10
107333.74998772754
 20
69009.99392954417
 10
107333.74998772754
 20
68404.71812042221
 10
108032.14943002451
 20
68404.71812042221
 10
108032.14943002451
 20
69009.99392954417
  0
LWPOLYLINE
  5
DD1
330
1F
100
AcDbEntity
  8
PDF_형상
370
5
100
AcDbPolyline
 90
4
 70
1
 10
108032.14943002451
 20
50308.49466860688
 10
107333.74998772754
 20
50308.49466860688
 10
107333.74998772754
 20
49610.09923562146
 10
108032.14943002451
 20
49610.09923562146
  0
LWPOLYLINE
  5
DD2
330
1F
100
AcDbEntity
  8
PDF_형상
370
5
100
AcDbPolyline
 90
4
 70
1
 10
49553.10246735443
 20
60862.03815809664
 10
48854.707034368985
 20
60862.03815809664
 10
48854.707034368985
 20
61560.433591082074
 10
49553.10246735443
 20
61560.433591082074
  0
LWPOLYLINE
  5
DD3
330
1F
100
AcDbEntity
  8
PDF_형상
370
5
100
AcDbPolyline
 90
4
 70
1
 10
108032.14943002451
 20
65300.73496939458
 10
107333.74998772754
 20
65300.73496939458
 10
107333.74998772754
 20
64602.335656430216
 10
108032.14943002451
 20
64602.335656430216
  0
LWPOLYLINE
  5
DD4
330
1F
100
AcDbEntity
  8
PDF_형상
370
5
100
AcDbPolyline
 90
4
 70
1
 10
49553.10246735443
 20
57106.21738135952
 10
48854.707034368985
 20
57106.21738135952
 10
48854.707034368985
 20
57804.61281434495
 10
49553.10246735443
 20
57804.61281434495
  0
LWPOLYLINE
  5
DD5
330
1F
100
AcDbEntity
  8
PDF_형상
370
5
100
AcDbPolyline
 90
4
 70
1
 10
49553.10246735443
 20
83350.39673395504
 10
48854.707034368985
 20
83350.39673395504
 10
48854.707034368985
 20
84048.78815762888
 10
49553.10246735443
 20
84048.78815762888
  0
LWPOLYLINE
  5
DD6
330
1F
100
AcDbEntity
  8
PDF_형상
370
5
100
AcDbPolyline
 90
4
 70
1
 10
58151.13320904835
 20
87106.21350138055
 10
58756.41690746082
 20
87106.21350138055
 10
58756.41690746082
 20
87804.61281434496
 10
58151.13320904835
 20
87804.61281434496
  0
LWPOLYLINE
  5
DD7
330
1F
100
AcDbEntity
  8
PDF_형상
370
5
100
AcDbPolyline
 90
4
 70
1
 10
53852.11783820139
 20
87106.21350138055
 10
54550.51715116574
 20
87106.21350138055
 10
54550.51715116574
 20
87804.61281434496
 10
53852.11783820139
 20
87804.61281434496
  0
LWPOLYLINE
  5
DD8
330
1F
100
AcDbEntity
  8
PDF_형상
370
5
100
AcDbPolyline
 90
4
 70
1
 10
99030.59350673707
 20
64602.335656430216
 10
99030.59350673707
 20
65300.73496939458
 10
98332.20208306321
 20
65300.73496939458
 10
98332.20208306321
 20
64602.335656430216
  0
LWPOLYLINE
  5
DD9
330
1F
100
AcDbEntity
  8
PDF_형상
370
5
100
AcDbPolyline
 90
4
 70
1
 10
90091.12267844057
 20
87106.21350138055
 10
89284.08835249969
 20
87106.21350138055
 10
89284.08835249969
 20
87804.61281434496
 10
90091.12267844057
 20
87804.61281434496
  0
LWPOLYLINE
  5
DDA
330
1F
100
AcDbEntity
  8
PDF_형상
370
5
100
AcDbPolyline
 90
4
 70
1
 10
99030.59350673707
 20
87106.21350138055
 10
99030.59350673707
 20
87804.61281434496
 10
98332.20208306321
 20
87804.61281434496
 10
98332.20208306321
 20
87106.21350138055
  0
LWPOLYLINE
  5
DDB
330
1F
100
AcDbEntity
  8
PDF_형상
370
5
100
AcDbPolyline
 90
4
 70
1
 10
99030.59350673707
 20
79610.09134633094
 10
99030.59350673707
 20
80308.49065929532
 10
98332.20208306321
 20
80308.49065929532
 10
98332.20208306321
 20
79610.09134633094
  0
LWPOLYLINE
  5
DDC
330
1F
100
AcDbEntity
  8
PDF_형상
370
5
100
AcDbPolyline
 90
4
 70
1
 10
80298.05958759469
 20
87804.61281434496
 10
81089.57477377627
 20
87804.61281434496
 10
81089.57477377627
 20
87106.21350138055
 10
80298.05958759469
 20
87106.21350138055
  0
LWPOLYLINE
  5
DDD
330
1F
100
AcDbEntity
  8
PDF_형상
370
5
100
AcDbPolyline
 90
4
 70
1
 10
99030.59350673707
 20
57106.21738135952
 10
99030.59350673707
 20
57804.61281434495
 10
98332.20208306321
 20
57804.61281434495
 10
98332.20208306321
 20
57106.21738135952
  0
LWPOLYLINE
  5
DDE
330
1F
100
AcDbEntity
  8
PDF_형상
370
5
100
AcDbPolyline
 90
4
 70
1
 10
99030.59350673707
 20
49610.09923562146
 10
99030.59350673707
 20
50308.49466860688
 10
98332.20208306321
 20
50308.49466860688
 10
98332.20208306321
 20
49610.09923562146
  0
LWPOLYLINE
  5
DDF
330
1F
100
AcDbEntity
  8
PDF_형상
370
5
100
AcDbPolyline
 90
4
 70
1
 10
48854.707034368985
 20
39056.5557461317
 10
49661.74136030987
 20
39056.5557461317
 10
49661.74136030987
 20
38265.040559950176
 10
48854.707034368985
 20
38265.040559950176
  0
LWPOLYLINE
  5
DE0
330
1F
100
AcDbEntity
  8
PDF_형상
370
5
100
AcDbPolyline
 90
4
 70
1
 10
53852.11783820139
 20
38358.16031314628
 10
53852.11783820139
 20
39056.5557461317
 10
54457.39364732335
 20
39056.5557461317
 10
54457.39364732335
 20
38358.16031314628
  0
LWPOLYLINE
  5
DE1
330
1F
100
AcDbEntity
  8
PDF_형상
370
5
100
AcDbPolyline
 90
4
 70
1
 10
48854.707034368985
 20
30411.96111852816
 10
49661.74136030987
 20
30411.96111852816
 10
49661.74136030987
 20
29620.44606167927
 10
48854.707034368985
 20
29620.44606167927
  0
LWPOLYLINE
  5
DE2
330
1F
100
AcDbEntity
  8
PDF_형상
370
5
100
AcDbPolyline
 90
4
 70
1
 10
49553.10246735443
 20
33919.4633725157
 10
48854.707034368985
 20
33919.4633725157
 10
48854.707034368985
 20
34509.219912545705
 10
49553.10246735443
 20
34509.219912545705
  0
LWPOLYLINE
  5
DE3
330
1F
100
AcDbEntity
  8
PDF_형상
370
5
100
AcDbPolyline
 90
4
 70
1
 10
49553.10246735443
 20
24917.91145853977
 10
48854.707034368985
 20
24917.91145853977
 10
48854.707034368985
 20
25523.187267661742
 10
49553.10246735443
 20
25523.187267661742
  0
LWPOLYLINE
  5
DE4
330
1F
100
AcDbEntity
  8
PDF_형상
370
5
100
AcDbPolyline
 90
4
 70
1
 10
108032.14943002451
 20
72160.53488784778
 10
107333.74998772754
 20
72160.53488784778
 10
107333.74998772754
 20
72750.29142787776
 10
108032.14943002451
 20
72750.29142787776
  0
LWPOLYLINE
  5
DE5
330
1F
100
AcDbEntity
  8
PDF_형상
370
5
100
AcDbPolyline
 90
4
 70
1
 10
56304.267372831106
 20
21162.090811135284
 10
57111.30169877199
 20
21162.090811135284
 10
57111.30169877199
 20
20370.57575428638
 10
56304.267372831106
 20
20370.57575428638
  0
LWPOLYLINE
  5
DE6
330
1F
100
AcDbEntity
  8
PDF_형상
370
5
100
AcDbPolyline
 90
4
 70
1
 10
63800.38952788075
 20
21162.090811135284
 10
64607.42385382163
 20
21162.090811135284
 10
64607.42385382163
 20
20370.57575428638
 10
63800.38952788075
 20
20370.57575428638
  0
LWPOLYLINE
  5
DE7
330
1F
100
AcDbEntity
  8
PDF_형상
370
5
100
AcDbPolyline
 90
4
 70
1
 10
60758.48345322102
 20
20370.57575428638
 10
60153.207773431684
 20
20370.57575428638
 10
60153.207773431684
 20
21068.97312726129
 10
60758.48345322102
 20
21068.97312726129
  0
LWPOLYLINE
  5
DE8
330
1F
100
AcDbEntity
  8
PDF_형상
370
5
100
AcDbPolyline
 90
4
 70
1
 10
53262.36129817141
 20
20370.57575428638
 10
52657.08561838207
 20
20370.57575428638
 10
52657.08561838207
 20
21068.97312726129
 10
53262.36129817141
 20
21068.97312726129
  0
LWPOLYLINE
  5
DE9
330
1F
100
AcDbEntity
  8
PDF_형상
370
5
100
AcDbPolyline
 90
4
 70
1
 10
78792.62594868946
 20
21162.090811135284
 10
79599.66027463034
 20
21162.090811135284
 10
79599.66027463034
 20
20370.57575428638
 10
78792.62594868946
 20
20370.57575428638
  0
LWPOLYLINE
  5
DEA
330
1F
100
AcDbEntity
  8
PDF_형상
370
5
100
AcDbPolyline
 90
4
 70
1
 10
68254.60560827066
 20
20370.57575428638
 10
67649.32203919081
 20
20370.57575428638
 10
67649.32203919081
 20
21068.97312726129
 10
68254.60560827066
 20
21068.97312726129
  0
LWPOLYLINE
  5
DEB
330
1F
100
AcDbEntity
  8
PDF_형상
370
5
100
AcDbPolyline
 90
4
 70
1
 10
86288.74021444864
 20
21162.090811135284
 10
87095.78242968001
 20
21162.090811135284
 10
87095.78242968001
 20
20370.57575428638
 10
86288.74021444864
 20
20370.57575428638
  0
LWPOLYLINE
  5
DEC
330
1F
100
AcDbEntity
  8
PDF_형상
370
5
100
AcDbPolyline
 90
4
 70
1
 10
48854.707034368985
 20
21162.090811135284
 10
49661.74136030987
 20
21162.090811135284
 10
49661.74136030987
 20
20370.57575428638
 10
48854.707034368985
 20
20370.57575428638
  0
LWPOLYLINE
  5
DED
330
1F
100
AcDbEntity
  8
PDF_형상
370
5
100
AcDbPolyline
 90
4
 70
1
 10
71296.50379363987
 20
21162.090811135284
 10
72103.53811958076
 20
21162.090811135284
 10
72103.53811958076
 20
20370.57575428638
 10
71296.50379363987
 20
20370.57575428638
  0
LWPOLYLINE
  5
DEE
330
1F
100
AcDbEntity
  8
PDF_형상
370
5
100
AcDbPolyline
 90
4
 70
1
 10
83246.84202907937
 20
20370.57575428638
 10
82641.56634929
 20
20370.57575428638
 10
82641.56634929
 20
21068.97312726129
 10
83246.84202907937
 20
21068.97312726129
  0
LWPOLYLINE
  5
DEF
330
1F
100
AcDbEntity
  8
PDF_형상
370
5
100
AcDbPolyline
 90
4
 70
1
 10
90742.95629483856
 20
20370.57575428638
 10
90137.68048571654
 20
20370.57575428638
 10
90137.68048571654
 20
21068.97312726129
 10
90742.95629483856
 20
21068.97312726129
  0
LWPOLYLINE
  5
DF0
330
1F
100
AcDbEntity
  8
PDF_형상
370
5
100
AcDbPolyline
 90
4
 70
1
 10
101280.98452454786
 20
21162.090811135284
 10
102088.01885048869
 20
21162.090811135284
 10
102088.01885048869
 20
20370.57575428638
 10
101280.98452454786
 20
20370.57575428638
  0
LWPOLYLINE
  5
DF1
330
1F
100
AcDbEntity
  8
PDF_형상
370
5
100
AcDbPolyline
 90
4
 70
1
 10
75750.71987402979
 20
20370.57575428638
 10
75145.44419424042
 20
20370.57575428638
 10
75145.44419424042
 20
21068.97312726129
 10
75750.71987402979
 20
21068.97312726129
  0
LWPOLYLINE
  5
DF2
330
1F
100
AcDbEntity
  8
PDF_형상
370
5
100
AcDbPolyline
 90
4
 70
1
 10
98239.07844988814
 20
20370.57575428638
 10
97633.80264076624
 20
20370.57575428638
 10
97633.80264076624
 20
21068.97312726129
 10
98239.07844988814
 20
21068.97312726129
  0
LWPOLYLINE
  5
DF3
330
1F
100
AcDbEntity
  8
PDF_형상
370
5
100
AcDbPolyline
 90
4
 70
1
 10
105735.20060493778
 20
20370.57575428638
 10
105129.92479581582
 20
20370.57575428638
 10
105129.92479581582
 20
21068.97312726129
 10
105735.20060493778
 20
21068.97312726129
  0
LWPOLYLINE
  5
DF4
330
1F
100
AcDbEntity
  8
PDF_형상
370
5
100
AcDbPolyline
 90
8
 70
1
 10
70799.8708867849
 20
55290.386203347305
 10
70815.39015587686
 20
55243.82826673872
 10
70846.42869406087
 20
55228.305117667805
 10
70877.46736157742
 20
55243.82826673872
 10
70892.98663066943
 20
55290.386203347305
 10
70877.46736157742
 20
55321.424741531264
 10
70846.42869406087
 20
55336.947890602176
 10
70815.39015587686
 20
55321.424741531264
  0
LWPOLYLINE
  5
DF5
330
1F
100
AcDbEntity
  8
PDF_형상
370
5
100
AcDbPolyline
 90
8
 70
1
 10
67447.5633930393
 20
53707.355960316876
 10
67463.08266213127
 20
53676.313542153985
 10
67494.12908960575
 20
53660.794143729385
 10
67540.6870262143
 20
53676.313542153985
 10
67556.20629530631
 20
53707.355960316876
 10
67540.6870262143
 20
53738.394627833484
 10
67494.12908960575
 20
53753.91389692546
 10
67463.08266213127
 20
53738.394627833484
  0
LWPOLYLINE
  5
DF6
330
1F
100
AcDbEntity
  8
PDF_형상
370
5
100
AcDbPolyline
 90
8
 70
1
 10
63008.86658174136
 20
40593.02792322091
 10
63008.86658174136
 20
40546.46623596602
 10
63055.43227830778
 20
40530.94683754141
 10
63086.47081649174
 20
40546.46623596602
 10
63101.99008558372
 20
40593.02792322091
 10
63086.47081649174
 20
40624.0665907375
 10
63055.43227830778
 20
40639.585859829494
 10
63008.86658174136
 20
40624.0665907375
  0
LWPOLYLINE
  5
DF7
330
1F
100
AcDbEntity
  8
PDF_형상
370
5
100
AcDbPolyline
 90
4
 70
0
 10
70194.59507766295
 20
58627.1664093778
 10
70179.06791928045
 20
58627.1664093778
 10
70179.06791928045
 20
60225.71980147914
 10
70194.59507766295
 20
60225.71980147914
  0
LWPOLYLINE
  5
DF8
330
1F
100
AcDbEntity
  8
PDF_형상
370
5
100
AcDbPolyline
 90
8
 70
0
 10
70179.06791928045
 20
58689.2474950573
 10
69403.07213152353
 20
58689.2474950573
 10
69403.07213152353
 20
58658.20895687333
 10
70225.63374517953
 20
58658.20895687333
 10
70225.63374517953
 20
60210.20053238715
 10
69403.07213152353
 20
60210.20053238715
 10
69403.07213152353
 20
60179.15798489162
 10
70179.06791928045
 20
60179.15798489162
  0
LWPOLYLINE
  5
DFA
330
1F
100
AcDbEntity
  8
PDF_형상
370
5
100
AcDbPolyline
 90
4
 70
0
 10
70194.59507766295
 20
52807.19800120098
 10
70179.06791928045
 20
52807.19800120098
 10
70179.06791928045
 20
54607.51003945387
 10
70194.59507766295
 20
54607.51003945387
  0
LWPOLYLINE
  5
DFB
330
1F
100
AcDbEntity
  8
PDF_형상
370
5
100
AcDbPolyline
 90
8
 70
0
 10
70179.06791928045
 20
52869.27908688048
 10
69309.95638763903
 20
52869.27908688048
 10
69309.95638763903
 20
52838.24054869652
 10
70225.63374517953
 20
52838.24054869652
 10
70225.63374517953
 20
54591.990770361874
 10
69309.95638763903
 20
54591.990770361874
 10
69309.95638763903
 20
54545.42895377435
 10
70179.06791928045
 20
54545.42895377435
  0
LWPOLYLINE
  5
DFD
330
1F
100
AcDbEntity
  8
PDF_형상
370
5
100
AcDbPolyline
 90
4
 70
0
 10
67820.04201782575
 20
38808.23528339266
 10
67820.04201782575
 20
38792.716014300684
 10
64824.70176906513
 20
38792.716014300684
 10
64824.70176906513
 20
38808.23528339266
  0
LWPOLYLINE
  5
DFF
330
1F
100
AcDbEntity
  8
PDF_형상
370
5
100
AcDbPolyline
 90
8
 70
0
 10
64917.81738361703
 20
38792.716014300684
 10
64917.81738361703
 20
37318.32479355834
 10
64855.740307249114
 20
37318.32479355834
 10
64855.740307249114
 20
38839.27382157662
 10
67804.52274873377
 20
38839.27382157662
 10
67804.52274873377
 20
37318.32479355834
 10
67726.92627394122
 20
37318.32479355834
 10
67726.92627394122
 20
38792.716014300684
  0
LWPOLYLINE
  5
E00
330
1F
100
AcDbEntity
  8
PDF_형상
370
5
100
AcDbPolyline
 90
4
 70
0
 10
80235.97462193626
 20
30955.1577819601
 10
80235.97462193626
 20
30970.67899104156
 10
82036.2905401681
 20
30970.67899104156
 10
82036.2905401681
 20
30955.1577819601
  0
LWPOLYLINE
  5
E04
330
1F
100
AcDbEntity
  8
PDF_형상
370
5
100
AcDbPolyline
 90
4
 70
0
 10
67121.65059415191
 20
30893.078636270082
 10
67121.65059415191
 20
30908.59790536206
 10
68099.4048987277
 20
30908.59790536206
 10
68099.4048987277
 20
30893.078636270082
  0
LWPOLYLINE
  5
E07
330
1F
100
AcDbEntity
  8
PDF_형상
370
5
100
AcDbPolyline
 90
11
 70
0
 10
62713.992191705285
 20
75326.59511524334
 10
62729.511590129914
 20
75326.59511524334
 10
62729.511590129914
 20
75264.51803887542
 10
63598.63088172923
 20
75264.51803887542
 10
63598.63088172923
 20
75311.07584615136
 10
62682.95365352133
 20
75311.07584615136
 10
62682.95365352133
 20
75295.55657705938
 10
62651.91511533734
 20
75295.55657705938
 10
62605.349418770915
 20
75311.07584615136
 10
62605.349418770915
 20
75326.59511524334
 10
62620.868687862894
 20
75326.59511524334
  0
LWPOLYLINE
  5
E08
330
1F
100
AcDbEntity
  8
PDF_형상
370
5
100
AcDbPolyline
 90
11
 70
0
 10
62713.992191705285
 20
73526.28721563466
 10
62729.511590129914
 20
73526.28721563466
 10
62729.511590129914
 20
73588.3642920026
 10
63598.63088172923
 20
73588.3642920026
 10
63598.63088172923
 20
73557.32575381864
 10
62682.95365352133
 20
73557.32575381864
 10
62682.95365352133
 20
73572.84502291062
 10
62651.91511533734
 20
73572.84502291062
 10
62605.349418770915
 20
73557.32575381864
 10
62605.349418770915
 20
73526.28721563466
 10
62620.868687862894
 20
73526.28721563466
  0
LWPOLYLINE
  5
E09
330
1F
100
AcDbEntity
  8
PDF_형상
370
5
100
AcDbPolyline
 90
11
 70
0
 10
90401.52422685917
 20
34819.61745165267
 10
90386.00482843454
 20
34819.61745165267
 10
90386.00482843454
 20
34866.17926824018
 10
89827.28695592108
 20
34866.17926824018
 10
89827.28695592108
 20
34850.65598983662
 10
90417.04349595115
 20
34850.65598983662
 10
90417.04349595115
 20
34866.17926824018
 10
90463.60130322711
 20
34866.17926824018
 10
90510.159110503
 20
34850.65598983662
 10
90510.159110503
 20
34819.61745165267
 10
90494.63984141102
 20
34819.61745165267
  0
LWPOLYLINE
  5
E0A
330
1F
100
AcDbEntity
  8
PDF_형상
370
5
100
AcDbPolyline
 90
11
 70
0
 10
90401.52422685917
 20
36325.05109055789
 10
90386.00482843454
 20
36325.05109055789
 10
90386.00482843454
 20
36262.97000487841
 10
89501.36626774327
 20
36262.97000487841
 10
89501.36626774327
 20
36294.008672395015
 10
90417.04349595115
 20
36294.008672395015
 10
90417.04349595115
 20
36278.489403303036
 10
90463.60130322711
 20
36278.489403303036
 10
90510.159110503
 20
36294.008672395015
 10
90510.159110503
 20
36325.05109055789
 10
90494.63984141102
 20
36325.05109055789
  0
LWPOLYLINE
  5
E0B
330
1F
100
AcDbEntity
  8
PDF_형상
370
5
100
AcDbPolyline
 90
4
 70
0
 10
89423.76979295076
 20
29729.08495463471
 10
89423.76979295076
 20
29760.125562140784
 10
87918.33602471287
 20
29760.125562140784
 10
87918.33602471287
 20
29729.08495463471
  0
LWPOLYLINE
  5
E0E
330
1F
100
AcDbEntity
  8
PDF_형상
370
5
100
AcDbPolyline
 90
3
 70
0
 10
105471.35699312783
 20
36914.8076305879
 10
105502.4034206023
 20
36914.8076305879
 10
105502.4034206023
 20
38404.71812042222
  0
LWPOLYLINE
  5
E0F
330
1F
100
AcDbEntity
  8
PDF_형상
370
5
100
AcDbPolyline
 90
7
 70
0
 10
105502.4034206023
 20
36992.40410538045
 10
106371.5149522437
 20
36992.40410538045
 10
106371.5149522437
 20
36945.84616877186
 10
105455.83772403588
 20
36945.84616877186
 10
105455.83772403588
 20
36961.36543786384
 10
105409.27991675992
 20
36961.36543786384
 10
105378.2412492433
 20
36945.84616877186
  0
LWPOLYLINE
  5
E10
330
1F
100
AcDbEntity
  8
PDF_형상
370
5
100
AcDbPolyline
 90
11
 70
0
 10
62465.67586761045
 20
47018.2721405197
 10
62481.19513670243
 20
47018.2721405197
 10
62481.19513670243
 20
47080.34934622027
 10
63365.82580810318
 20
47080.34934622027
 10
63365.82580810318
 20
47033.79140961168
 10
62450.15646918582
 20
47033.79140961168
 10
62450.15646918582
 20
47049.31067870366
 10
62403.59077261937
 20
47049.31067870366
 10
62357.03296534343
 20
47033.79140961168
 10
62357.03296534343
 20
47018.2721405197
 10
62372.55223443541
 20
47018.2721405197
  0
LWPOLYLINE
  5
E11
330
1F
100
AcDbEntity
  8
PDF_형상
370
5
100
AcDbPolyline
 90
4
 70
0
 10
74416.00621375947
 20
38978.9552620276
 10
74416.00621375947
 20
38994.474660452215
 10
72615.69818481819
 20
38994.474660452215
 10
72615.69818481819
 20
38978.9552620276
  0
LWPOLYLINE
  5
E12
330
1F
100
AcDbEntity
  8
PDF_형상
370
5
100
AcDbPolyline
 90
11
 70
0
 10
62434.63720009384
 20
62088.10891609995
 10
62450.15646918582
 20
62088.10891609995
 10
62450.15646918582
 20
62150.19000177942
 10
63334.78726991925
 20
62150.19000177942
 10
63334.78726991925
 20
62119.147454283906
 10
62419.11004171135
 20
62119.147454283906
 10
62419.11004171135
 20
62134.67073268744
 10
62372.55223443541
 20
62134.67073268744
 10
62325.99429782682
 20
62119.147454283906
 10
62325.99429782682
 20
62088.10891609995
 10
62341.51369625142
 20
62088.10891609995
  0
LWPOLYLINE
  5
E13
330
1F
100
AcDbEntity
  8
PDF_형상
370
5
100
AcDbPolyline
 90
11
 70
0
 10
62434.63720009384
 20
63888.420954352805
 10
62450.15646918582
 20
63888.420954352805
 10
62450.15646918582
 20
63826.339868673305
 10
63334.78726991925
 20
63826.339868673305
 10
63334.78726991925
 20
63872.901555928176
 10
62419.11004171135
 20
63872.901555928176
 10
62419.11004171135
 20
63857.378406857264
 10
62372.55223443541
 20
63857.378406857264
 10
62325.99429782682
 20
63872.901555928176
 10
62325.99429782682
 20
63888.420954352805
 10
62341.51369625142
 20
63888.420954352805
  0
LWPOLYLINE
  5
E14
330
1F
100
AcDbEntity
  8
PDF_형상
370
5
100
AcDbPolyline
 90
11
 70
0
 10
62155.274319191885
 20
49718.7381285769
 10
62155.274319191885
 20
49687.69558108136
 10
62093.19724282394
 20
49687.69558108136
 10
62093.19724282394
 20
48818.580169461005
 10
62124.23578100793
 20
48818.580169461005
 10
62124.23578100793
 20
49734.25739766888
 10
62108.71651191595
 20
49734.25739766888
 10
62108.71651191595
 20
49765.29593585284
 10
62124.23578100793
 20
49811.85775244036
 10
62155.274319191885
 20
49811.85775244036
 10
62155.274319191885
 20
49796.33460336945
  0
LWPOLYLINE
  5
E15
330
1F
100
AcDbEntity
  8
PDF_형상
370
5
100
AcDbPolyline
 90
11
 70
0
 10
60354.96629025061
 20
49718.7381285769
 10
60354.96629025061
 20
49687.69558108136
 10
60417.04349595115
 20
49687.69558108136
 10
60417.04349595115
 20
48818.580169461005
 10
60370.48555934259
 20
48818.580169461005
 10
60370.48555934259
 20
49734.25739766888
 10
60386.00482843457
 20
49734.25739766888
 10
60386.00482843457
 20
49765.29593585284
 10
60370.48555934259
 20
49811.85775244036
 10
60354.96629025061
 20
49811.85775244036
 10
60354.96629025061
 20
49796.33460336945
  0
LWPOLYLINE
  5
E16
330
1F
100
AcDbEntity
  8
PDF_형상
370
5
100
AcDbPolyline
 90
11
 70
0
 10
62465.67586761045
 20
48818.580169461005
 10
62481.19513670243
 20
48818.580169461005
 10
62481.19513670243
 20
48740.98369466846
 10
63365.82580810318
 20
48740.98369466846
 10
63365.82580810318
 20
48787.54163127705
 10
62450.15646918582
 20
48787.54163127705
 10
62450.15646918582
 20
48772.02236218507
 10
62403.59077261937
 20
48772.02236218507
 10
62357.03296534343
 20
48787.54163127705
 10
62357.03296534343
 20
48818.580169461005
 10
62372.55223443541
 20
48818.580169461005
  0
LWPOLYLINE
  5
E19
330
1F
100
AcDbEntity
  8
PDF_형상
370
5
100
AcDbPolyline
 90
11
 70
0
 10
62496.71440579438
 20
66014.64566216042
 10
62512.23367488639
 20
66014.64566216042
 10
62512.23367488639
 20
66092.25002624348
 10
63381.34520652781
 20
66092.25002624348
 10
63381.34520652781
 20
66045.68432967702
 10
62465.67586761045
 20
66045.68432967702
 10
62465.67586761045
 20
66061.21148805949
 10
62434.63720009384
 20
66061.21148805949
 10
62388.07150352739
 20
66045.68432967702
 10
62388.07150352739
 20
66014.64566216042
 10
62403.59077261937
 20
66014.64566216042
  0
LWPOLYLINE
  5
E1A
330
1F
100
AcDbEntity
  8
PDF_형상
370
5
100
AcDbPolyline
 90
11
 70
0
 10
62496.71440579438
 20
67814.96158039224
 10
62512.23367488639
 20
67814.96158039224
 10
62512.23367488639
 20
67752.8766147338
 10
63381.34520652781
 20
67752.8766147338
 10
63381.34520652781
 20
67799.44231130026
 10
62465.67586761045
 20
67799.44231130026
 10
62465.67586761045
 20
67783.91515291776
 10
62434.63720009384
 20
67783.91515291776
 10
62388.07150352739
 20
67799.44231130026
 10
62388.07150352739
 20
67814.96158039224
 10
62403.59077261937
 20
67814.96158039224
  0
LWPOLYLINE
  5
E1B
330
1F
100
AcDbEntity
  8
PDF_형상
370
5
100
AcDbPolyline
 90
11
 70
0
 10
58989.214091796326
 20
67814.96158039224
 10
59004.733360888305
 20
67814.96158039224
 10
59004.733360888305
 20
67752.8766147338
 10
59889.36416162171
 20
67752.8766147338
 10
59889.36416162171
 20
67799.44231130026
 10
58973.69482270435
 20
67799.44231130026
 10
58973.69482270435
 20
67783.91515291776
 10
58927.12899680527
 20
67783.91515291776
 10
58880.571189529306
 20
67799.44231130026
 10
58880.571189529306
 20
67814.96158039224
 10
58896.090458621315
 20
67814.96158039224
  0
LWPOLYLINE
  5
E1C
330
1F
100
AcDbEntity
  8
PDF_형상
370
5
100
AcDbPolyline
 90
11
 70
0
 10
58989.214091796326
 20
66014.64566216042
 10
59004.733360888305
 20
66014.64566216042
 10
59004.733360888305
 20
66092.25002624348
 10
59889.36416162171
 20
66092.25002624348
 10
59889.36416162171
 20
66045.68432967702
 10
58973.69482270435
 20
66045.68432967702
 10
58973.69482270435
 20
66061.21148805949
 10
58927.12899680527
 20
66061.21148805949
 10
58880.571189529306
 20
66045.68432967702
 10
58880.571189529306
 20
66014.64566216042
 10
58896.090458621315
 20
66014.64566216042
  0
LWPOLYLINE
  5
E1D
330
1F
100
AcDbEntity
  8
PDF_형상
370
5
100
AcDbPolyline
 90
4
 70
0
 10
76992.31791974818
 20
38994.474660452215
 10
76992.31791974818
 20
39009.993929544195
 10
77597.5937288702
 20
39009.993929544195
 10
77597.5937288702
 20
38994.474660452215
  0
LWPOLYLINE
  5
E21
330
1F
100
AcDbEntity
  8
PDF_형상
370
5
100
AcDbPolyline
 90
4
 70
0
 10
71901.77947342918
 20
38420.2373895142
 10
71917.29887185381
 20
38420.2373895142
 10
71917.29887185381
 20
37814.96158039223
 10
71901.77947342918
 20
37814.96158039223
  0
LWPOLYLINE
  5
E24
330
1F
100
AcDbEntity
  8
PDF_형상
370
5
100
AcDbPolyline
 90
4
 70
0
 10
67121.65059415191
 20
32212.271087458947
 10
67152.68913233584
 20
32212.271087458947
 10
67152.68913233584
 20
31622.514676761573
 10
67121.65059415191
 20
31622.514676761573
  0
LWPOLYLINE
  5
E27
330
1F
100
AcDbEntity
  8
PDF_형상
370
5
100
AcDbPolyline
 90
4
 70
0
 10
84069.39575344486
 20
31622.514676761573
 10
84053.87635502026
 20
31622.514676761573
 10
84053.87635502026
 20
32212.271087458947
 10
84069.39575344486
 20
32212.271087458947
  0
LWPOLYLINE
  5
E2A
330
1F
100
AcDbEntity
  8
PDF_형상
370
5
100
AcDbPolyline
 90
4
 70
1
 10
49553.10246735443
 20
72796.8492351537
 10
49553.10246735443
 20
72098.45781147984
 10
48854.707034368985
 20
72098.45781147984
 10
48854.707034368985
 20
72796.8492351537
  0
LWPOLYLINE
  5
E2B
330
1F
100
AcDbEntity
  8
PDF_형상
370
5
100
AcDbPolyline
 90
4
 70
1
 10
45052.328450355926
 20
90101.5537501412
 10
44353.93301737048
 20
90101.5537501412
 10
44353.93301737048
 20
90799.95306310555
 10
45052.328450355926
 20
90799.95306310555
  0
LWPOLYLINE
  5
E2C
330
1F
100
AcDbEntity
  8
PDF_형상
370
5
100
AcDbPolyline
 90
4
 70
1
 10
107333.74998772754
 20
83396.95454123095
 10
108032.14943002451
 20
83396.95454123095
 10
108032.14943002451
 20
84002.23035035291
 10
107333.74998772754
 20
84002.23035035291
  0
LWPOLYLINE
  5
E2D
330
1F
100
AcDbEntity
  8
PDF_형상
370
5
100
AcDbPolyline
 90
4
 70
1
 10
63055.43227830778
 20
72098.45781147984
 10
63055.43227830778
 20
72796.8492351537
 10
62357.03296534343
 20
72796.8492351537
 10
62357.03296534343
 20
72098.45781147984
  0
LWPOLYLINE
  5
E2E
330
1F
100
AcDbEntity
  8
PDF_형상
370
5
100
AcDbPolyline
 90
4
 70
1
 10
62357.03296534343
 20
87106.21350138055
 10
63055.43227830778
 20
87106.21350138055
 10
63055.43227830778
 20
87804.61281434496
 10
62357.03296534343
 20
87804.61281434496
  0
LWPOLYLINE
  5
E2F
330
1F
100
AcDbEntity
  8
PDF_형상
370
5
100
AcDbPolyline
 90
4
 70
1
 10
94483.26168246263
 20
87106.21350138055
 10
93893.50527176527
 20
87106.21350138055
 10
93893.50527176527
 20
87804.61281434496
 10
94483.26168246263
 20
87804.61281434496
  0
LWPOLYLINE
  5
E30
330
1F
100
AcDbEntity
  8
PDF_형상
370
5
100
AcDbPolyline
 90
4
 70
1
 10
62357.03296534343
 20
64602.335656430216
 10
63055.43227830778
 20
64602.335656430216
 10
63055.43227830778
 20
65300.73496939458
 10
62357.03296534343
 20
65300.73496939458
  0
LWPOLYLINE
  5
E31
330
1F
100
AcDbEntity
  8
PDF_형상
370
5
100
AcDbPolyline
 90
4
 70
1
 10
85497.2251575997
 20
87106.21350138055
 10
84891.94934847772
 20
87106.21350138055
 10
84891.94934847772
 20
87804.61281434496
 10
85497.2251575997
 20
87804.61281434496
  0
LWPOLYLINE
  5
E32
330
1F
100
AcDbEntity
  8
PDF_형상
370
5
100
AcDbPolyline
 90
4
 70
1
 10
93784.86236949822
 20
21162.090811135284
 10
94591.8966954391
 20
21162.090811135284
 10
94591.8966954391
 20
20370.57575428638
 10
93784.86236949822
 20
20370.57575428638
  0
LWPOLYLINE
  5
E33
330
1F
100
AcDbEntity
  8
PDF_형상
370
5
100
AcDbPolyline
 90
8
 70
1
 10
80127.33960895978
 20
33919.4633725157
 10
80142.85887805176
 20
33872.90155592819
 10
80173.89741623575
 20
33872.90155592819
 10
80204.93608375236
 20
33872.90155592819
 10
80220.4553528443
 20
33919.4633725157
 10
80204.93608375236
 20
33950.502040032305
 10
80173.89741623575
 20
33966.021309124284
 10
80142.85887805176
 20
33950.502040032305
  0
LWPOLYLINE
  5
E37
330
1F
100
AcDbEntity
  8
PDF_형상
370
5
100
AcDbPolyline
 90
5
 70
0
 10
84084.9150225368
 20
32181.23254927496
 10
84131.4728298128
 20
32181.23254927496
 10
84178.03852637926
 20
32196.751818366938
 10
84178.03852637926
 20
32212.271087458947
 10
84162.5192572873
 20
32212.271087458947
  0
LWPOLYLINE
  5
E38
330
1F
100
AcDbEntity
  8
PDF_형상
370
5
100
AcDbPolyline
 90
5
 70
0
 10
84084.9150225368
 20
31653.555154935
 10
84131.4728298128
 20
31653.555154935
 10
84178.03852637926
 20
31638.033945853553
 10
84178.03852637926
 20
31622.514676761573
 10
84162.5192572873
 20
31622.514676761573
  0
LWPOLYLINE
  5
E39
330
1F
100
AcDbEntity
  8
PDF_형상
370
5
100
AcDbPolyline
 90
5
 70
0
 10
67106.13119572728
 20
31653.555154935
 10
67059.56549916083
 20
31653.555154935
 10
67013.00769188486
 20
31638.033945853553
 10
67013.00769188486
 20
31622.514676761573
 10
67028.52696097687
 20
31622.514676761573
  0
LWPOLYLINE
  5
E3A
330
1F
100
AcDbEntity
  8
PDF_형상
370
5
100
AcDbPolyline
 90
5
 70
0
 10
67106.13119572728
 20
32181.23254927496
 10
67059.56549916083
 20
32181.23254927496
 10
67013.00769188486
 20
32196.751818366938
 10
67013.00769188486
 20
32212.271087458947
 10
67028.52696097687
 20
32212.271087458947
  0
LWPOLYLINE
  5
E3C
330
1F
100
AcDbEntity
  8
PDF_형상
370
5
100
AcDbPolyline
 90
5
 70
0
 10
71886.26020433723
 20
37861.519517000816
 10
71839.70239706126
 20
37861.519517000816
 10
71793.14458978533
 20
37846.000247908836
 10
71793.14458978533
 20
37814.96158039223
 10
71808.6638588773
 20
37814.96158039223
  0
LWPOLYLINE
  5
E3D
330
1F
100
AcDbEntity
  8
PDF_형상
370
5
100
AcDbPolyline
 90
5
 70
0
 10
71886.26020433723
 20
38373.67958223826
 10
71839.70239706126
 20
38373.67958223826
 10
71793.14458978533
 20
38389.19885133024
 10
71793.14458978533
 20
38420.2373895142
 10
71808.6638588773
 20
38420.2373895142
  0
LWPOLYLINE
  5
E3E
330
1F
100
AcDbEntity
  8
PDF_형상
370
5
100
AcDbPolyline
 90
4
 70
1
 10
86288.74021444864
 20
29620.44606167927
 10
86273.22094535657
 20
29635.96533077125
 10
85761.06876940966
 20
29341.08706075626
 10
85776.58803850164
 20
29310.04658258282
  0
LWPOLYLINE
  5
E3F
330
1F
100
AcDbEntity
  8
PDF_형상
370
5
100
AcDbPolyline
 90
4
 70
1
 10
84069.39575344486
 20
30023.963224649713
 10
84100.43429162887
 20
30023.963224649713
 10
83790.04063250076
 20
30551.640618989673
 10
83774.52136340881
 20
30536.12134989768
  0
LWPOLYLINE
  5
E40
330
1F
100
AcDbEntity
  8
PDF_형상
370
5
100
AcDbPolyline
 90
4
 70
1
 10
66795.72977664134
 20
29620.44606167927
 10
66780.21050754939
 20
29635.96533077125
 10
66268.05044231193
 20
29341.08706075626
 10
66283.5697114039
 20
29310.04658258282
  0
LWPOLYLINE
  5
E41
330
1F
100
AcDbEntity
  8
PDF_형상
370
5
100
AcDbPolyline
 90
4
 70
1
 10
66128.37689115146
 20
29341.08706075626
 10
65616.21682591403
 20
29635.96533077125
 10
65600.69755682202
 20
29620.44606167927
 10
66112.849732769
 20
29310.04658258282
  0
LWPOLYLINE
  5
E42
330
1F
100
AcDbEntity
  8
PDF_형상
370
5
100
AcDbPolyline
 90
4
 70
1
 10
48854.707034368985
 20
69056.55173682014
 10
49553.10246735443
 20
69056.55173682014
 10
49553.10246735443
 20
68358.15242385576
 10
48854.707034368985
 20
68358.15242385576
  0
LWPOLYLINE
  5
E44
330
1F
100
AcDbEntity
  8
PDF_형상
370
5
100
AcDbPolyline
 90
5
 70
0
 10
77551.02790297107
 20
38963.43599293561
 10
77551.02790297107
 20
38932.393574772716
 10
77566.55506135359
 20
38885.83563816414
 10
77597.5937288702
 20
38885.83563816414
 10
77597.5937288702
 20
38901.35490725612
  0
LWPOLYLINE
  5
E45
330
1F
100
AcDbEntity
  8
PDF_형상
370
5
100
AcDbPolyline
 90
5
 70
0
 10
77038.87572702415
 20
38963.43599293561
 10
77038.87572702415
 20
38932.393574772716
 10
77023.35645793217
 20
38885.83563816414
 10
76992.31791974818
 20
38885.83563816414
 10
76992.31791974818
 20
38901.35490725612
  0
LWPOLYLINE
  5
E46
330
1F
100
AcDbEntity
  8
PDF_형상
370
5
100
AcDbPolyline
 90
4
 70
1
 10
58197.69903494742
 20
42610.61386740572
 10
58709.85108156175
 20
42610.61386740572
 10
58709.85108156175
 20
42113.97708057182
 10
58197.69903494742
 20
42113.97708057182
  0
LWPOLYLINE
  5
E49
330
1F
100
AcDbEntity
  8
PDF_형상
370
5
100
AcDbPolyline
 90
11
 70
0
 10
59889.36416162171
 20
66092.25002624348
 10
59827.28695592114
 20
66340.56647967096
 10
59687.60551547019
 20
66573.36366400647
 10
59501.36626774327
 20
66744.0836426414
 10
59268.56908340777
 20
66868.24581400037
 10
59004.733360888305
 20
66914.80362127634
 10
59268.56908340777
 20
66976.88082697688
 10
59501.36626774327
 20
67101.04299833588
 10
59687.60551547019
 20
67271.76297697081
 10
59827.28695592114
 20
67504.56016130632
 10
59889.36416162171
 20
67752.8766147338
  0
LWPOLYLINE
  5
E4F
330
1F
100
AcDbEntity
  8
PDF_형상
370
5
100
AcDbPolyline
 90
11
 70
0
 10
63381.34520652781
 20
66092.25002624348
 10
63319.268000827244
 20
66340.56647967096
 10
63195.10582946827
 20
66573.36366400647
 10
62993.34731264935
 20
66744.0836426414
 10
62760.55012831387
 20
66868.24581400037
 10
62512.23367488639
 20
66914.80362127634
 10
62760.55012831387
 20
66976.88082697688
 10
62993.34731264935
 20
67101.04299833588
 10
63195.10582946827
 20
67271.76297697081
 10
63319.268000827244
 20
67504.56016130632
 10
63381.34520652781
 20
67752.8766147338
  0
LWPOLYLINE
  5
E53
330
1F
100
AcDbEntity
  8
PDF_형상
370
5
100
AcDbPolyline
 90
4
 70
1
 10
53852.11783820139
 20
72300.21632829873
 10
53852.11783820139
 20
72501.97497445028
 10
49553.10246735443
 20
72501.97497445028
 10
49553.10246735443
 20
72300.21632829873
  0
LWPOLYLINE
  5
E54
330
1F
100
AcDbEntity
  8
PDF_형상
370
5
100
AcDbPolyline
 90
4
 70
0
 10
62357.03296534343
 20
72501.97497445028
 10
54550.51715116574
 20
72501.97497445028
 10
54550.51715116574
 20
72300.21632829873
 10
62357.03296534343
 20
72300.21632829873
  0
LWPOLYLINE
  5
E55
330
1F
100
AcDbEntity
  8
PDF_형상
370
5
100
AcDbPolyline
 90
5
 70
0
 10
72662.25599209416
 20
38963.43599293561
 10
72662.25599209416
 20
38916.8741763481
 10
72646.73672300215
 20
38870.31636907216
 10
72615.69818481819
 20
38870.31636907216
 10
72615.69818481819
 20
38885.83563816414
  0
LWPOLYLINE
  5
E5B
330
1F
100
AcDbEntity
  8
PDF_형상
370
5
100
AcDbPolyline
 90
11
 70
0
 10
60417.04349595115
 20
48818.580169461005
 10
60665.35994937863
 20
48880.661255140505
 10
60898.16489367203
 20
49004.81941718792
 10
61084.40427073157
 20
49206.57806333945
 10
61193.03928370807
 20
49439.379127653876
 10
61255.11636007599
 20
49687.69558108136
 10
61301.68218597509
 20
49439.379127653876
 10
61425.83633871093
 20
49206.57806333945
 10
61612.075715770465
 20
49004.81941718792
 10
61829.35363101399
 20
48880.661255140505
 10
62093.19724282394
 20
48818.580169461005
  0
LWPOLYLINE
  5
E62
330
1F
100
AcDbEntity
  8
PDF_형상
370
5
100
AcDbPolyline
 90
11
 70
0
 10
63334.78726991925
 20
62150.19000177942
 10
63257.1909244593
 20
62414.02973361046
 10
63133.02875310033
 20
62631.30751952134
 10
62946.78937604079
 20
62817.546896580905
 10
62713.992191705285
 20
62941.70505862832
 10
62450.15646918582
 20
62988.26299523691
 10
62713.992191705285
 20
63050.34408091641
 10
62946.78937604079
 20
63158.98297387185
 10
63133.02875310033
 20
63345.222221598764
 10
63257.1909244593
 20
63578.02341524582
 10
63334.78726991925
 20
63826.339868673305
  0
LWPOLYLINE
  5
E64
330
1F
100
AcDbEntity
  8
PDF_형상
370
5
100
AcDbPolyline
 90
5
 70
0
 10
74384.9676755755
 20
38963.43599293561
 10
74384.9676755755
 20
38916.8741763481
 10
74400.48694466751
 20
38870.31636907216
 10
74416.00621375947
 20
38870.31636907216
 10
74416.00621375947
 20
38885.83563816414
  0
LWPOLYLINE
  5
E68
330
1F
100
AcDbEntity
  8
PDF_형상
370
5
100
AcDbPolyline
 90
7
 70
0
 10
105378.2412492433
 20
38389.19885133024
 10
105409.27991675992
 20
38373.67958223826
 10
105455.83772403588
 20
38373.67958223826
 10
105455.83772403588
 20
38389.19885133024
 10
106045.59413473318
 20
38389.19885133024
 10
106045.59413473318
 20
38373.67958223826
 10
105502.4034206023
 20
38373.67958223826
  0
LWPOLYLINE
  5
E69
330
1F
100
AcDbEntity
  8
PDF_형상
370
5
100
AcDbPolyline
 90
3
 70
0
 10
105378.2412492433
 20
38404.71812042222
 10
105378.2412492433
 20
36914.8076305879
 10
105393.76051833529
 20
36914.8076305879
  0
LWPOLYLINE
  5
E6B
330
1F
100
AcDbEntity
  8
PDF_형상
370
5
100
AcDbPolyline
 90
5
 70
0
 10
87964.8939613214
 20
29713.56568554273
 10
87964.8939613214
 20
29667.005808944676
 10
87949.37469222942
 20
29620.44606167927
 10
87918.33602471287
 20
29620.44606167927
 10
87918.33602471287
 20
29635.96533077125
  0
LWPOLYLINE
  5
E6C
330
1F
100
AcDbEntity
  8
PDF_형상
370
5
100
AcDbPolyline
 90
5
 70
0
 10
89377.20409638427
 20
29713.56568554273
 10
89377.20409638427
 20
29667.005808944676
 10
89392.72336547622
 20
29620.44606167927
 10
89423.76979295076
 20
29620.44606167927
 10
89423.76979295076
 20
29635.96533077125
  0
LWPOLYLINE
  5
E75
330
1F
100
AcDbEntity
  8
PDF_형상
370
5
100
AcDbPolyline
 90
11
 70
0
 10
63598.63088172923
 20
73588.3642920026
 10
63536.54591607077
 20
73852.20790381255
 10
63412.391634002284
 20
74069.48581905608
 10
63210.63298785077
 20
74255.725066783
 10
62993.34731264935
 20
74379.87934885148
 10
62729.511590129914
 20
74426.44517475058
 10
62993.34731264935
 20
74488.5222511185
 10
63210.63298785077
 20
74597.16515338552
 10
63412.391634002284
 20
74783.40440111244
 10
63536.54591607077
 20
75016.20158544791
 10
63598.63088172923
 20
75264.51803887542
  0
LWPOLYLINE
  5
E78
330
1F
100
AcDbEntity
  8
PDF_형상
370
5
100
AcDbPolyline
 90
5
 70
0
 10
70892.98663066943
 20
55290.386203347305
 10
70877.46736157742
 20
55305.905472439284
 10
70846.42869406087
 20
55321.424741531264
 10
70815.39015587686
 20
55305.905472439284
 10
70815.39015587686
 20
55290.386203347305
  0
LWPOLYLINE
  5
E79
330
1F
100
AcDbEntity
  8
PDF_형상
370
5
100
AcDbPolyline
 90
6
 70
1
 10
70598.11224063339
 20
58363.33068685834
 10
70644.67017724195
 20
58347.81141776636
 10
70846.42869406087
 20
58456.45044005445
 10
71048.18734021239
 20
58347.81141776636
 10
71094.74514748833
 20
58363.33068685834
 10
70846.42869406087
 20
58518.527516422364
  0
LWPOLYLINE
  5
E7D
330
1F
100
AcDbEntity
  8
PDF_형상
370
5
100
AcDbPolyline
 90
4
 70
1
 10
82005.24411269363
 20
30970.67899104156
 10
82796.75916954257
 20
31343.155675838563
 10
82781.2399004505
 20
31374.19615401199
 10
81989.72471426903
 20
31001.71765855814
  0
LWPOLYLINE
  5
E7E
330
1F
100
AcDbEntity
  8
PDF_형상
370
5
100
AcDbPolyline
 90
4
 70
1
 10
80251.49389102832
 20
30970.67899104156
 10
79459.97883417939
 20
31343.155675838563
 10
79475.49810327134
 20
31374.19615401199
 10
80267.01316012027
 20
31001.71765855814
  0
LWPOLYLINE
  5
E7F
330
1F
100
AcDbEntity
  8
PDF_형상
370
5
100
AcDbPolyline
 90
5
 70
0
 10
67556.20629530631
 20
53707.355960316876
 10
67540.6870262143
 20
53738.394627833484
 10
67494.12908960575
 20
53753.91389692546
 10
67463.08266213127
 20
53738.394627833484
 10
67447.5633930393
 20
53707.355960316876
  0
LWPOLYLINE
  5
E80
330
1F
100
AcDbEntity
  8
PDF_형상
370
5
100
AcDbPolyline
 90
5
 70
0
 10
68052.83920216125
 20
30877.559367178103
 10
68052.83920216125
 20
30830.99949058005
 10
68068.36636054375
 20
30784.43974331463
 10
68099.4048987277
 20
30784.43974331463
 10
68099.4048987277
 20
30799.959012406624
  0
LWPOLYLINE
  5
E81
330
1F
100
AcDbEntity
  8
PDF_형상
370
5
100
AcDbPolyline
 90
5
 70
0
 10
67168.20840142782
 20
30877.559367178103
 10
67168.20840142782
 20
30830.99949058005
 10
67152.68913233584
 20
30784.43974331463
 10
67121.65059415191
 20
30784.43974331463
 10
67121.65059415191
 20
30799.959012406624
  0
LWPOLYLINE
  5
E82
330
1F
100
AcDbEntity
  8
PDF_형상
370
5
100
AcDbPolyline
 90
4
 70
1
 10
53852.11783820139
 20
80308.49065929532
 10
54550.51715116574
 20
80308.49065929532
 10
54550.51715116574
 20
79610.09134633094
 10
53852.11783820139
 20
79610.09134633094
  0
LWPOLYLINE
  5
E83
330
1F
100
AcDbEntity
  8
PDF_형상
370
5
100
AcDbPolyline
 90
4
 70
1
 10
49553.10246735443
 20
65300.73496939458
 10
49553.10246735443
 20
64602.335656430216
 10
48854.707034368985
 20
64602.335656430216
 10
48854.707034368985
 20
65300.73496939458
  0
LWPOLYLINE
  5
E84
330
1F
100
AcDbEntity
  8
PDF_형상
370
5
100
AcDbPolyline
 90
4
 70
1
 10
90044.5648711647
 20
42113.97708057182
 10
90044.5648711647
 20
42812.37251355727
 10
89346.16542886764
 20
42812.37251355727
 10
89346.16542886764
 20
42113.97708057182
  0
LWPOLYLINE
  5
E85
330
1F
100
AcDbEntity
  8
PDF_형상
370
5
100
AcDbPolyline
 90
4
 70
1
 10
90044.5648711647
 20
64602.335656430216
 10
90044.5648711647
 20
65300.73496939458
 10
89346.16542886764
 20
65300.73496939458
 10
89346.16542886764
 20
64602.335656430216
  0
LWPOLYLINE
  5
E86
330
1F
100
AcDbEntity
  8
PDF_형상
370
5
100
AcDbPolyline
 90
4
 70
1
 10
90044.5648711647
 20
79610.09134633094
 10
90044.5648711647
 20
80308.49065929532
 10
89346.16542886764
 20
80308.49065929532
 10
89346.16542886764
 20
79610.09134633094
  0
LWPOLYLINE
  5
E87
330
1F
100
AcDbEntity
  8
PDF_형상
370
5
100
AcDbPolyline
 90
4
 70
1
 10
90044.5648711647
 20
72098.45781147984
 10
90044.5648711647
 20
72796.8492351537
 10
89346.16542886764
 20
72796.8492351537
 10
89346.16542886764
 20
72098.45781147984
  0
LWPOLYLINE
  5
E88
330
1F
100
AcDbEntity
  8
PDF_형상
370
5
100
AcDbPolyline
 90
4
 70
1
 10
90044.5648711647
 20
57106.21738135952
 10
90044.5648711647
 20
57804.61281434495
 10
89346.16542886764
 20
57804.61281434495
 10
89346.16542886764
 20
57106.21738135952
  0
LWPOLYLINE
  5
E89
330
1F
100
AcDbEntity
  8
PDF_형상
370
5
100
AcDbPolyline
 90
4
 70
1
 10
90044.5648711647
 20
49610.09923562146
 10
90044.5648711647
 20
50308.49466860688
 10
89346.16542886764
 20
50308.49466860688
 10
89346.16542886764
 20
49610.09923562146
  0
LWPOLYLINE
  5
E8A
330
1F
100
AcDbEntity
  8
PDF_형상
370
5
100
AcDbPolyline
 90
4
 70
1
 10
81043.00894787714
 20
49610.09923562146
 10
81043.00894787714
 20
50308.49466860688
 10
80344.6175242033
 20
50308.49466860688
 10
80344.6175242033
 20
49610.09923562146
  0
LWPOLYLINE
  5
E8B
330
1F
100
AcDbEntity
  8
PDF_형상
370
5
100
AcDbPolyline
 90
4
 70
1
 10
81043.00894787714
 20
57106.21738135952
 10
81043.00894787714
 20
57804.61281434495
 10
80344.6175242033
 20
57804.61281434495
 10
80344.6175242033
 20
57106.21738135952
  0
LWPOLYLINE
  5
E8C
330
1F
100
AcDbEntity
  8
PDF_형상
370
5
100
AcDbPolyline
 90
4
 70
1
 10
81043.00894787714
 20
42113.97708057182
 10
81043.00894787714
 20
42812.37251355727
 10
80344.6175242033
 20
42812.37251355727
 10
80344.6175242033
 20
42113.97708057182
  0
LWPOLYLINE
  5
E8D
330
1F
100
AcDbEntity
  8
PDF_형상
370
5
100
AcDbPolyline
 90
4
 70
1
 10
81043.00894787714
 20
72098.45781147984
 10
81043.00894787714
 20
72796.8492351537
 10
80344.6175242033
 20
72796.8492351537
 10
80344.6175242033
 20
72098.45781147984
  0
LWPOLYLINE
  5
E8E
330
1F
100
AcDbEntity
  8
PDF_형상
370
5
100
AcDbPolyline
 90
4
 70
1
 10
81043.00894787714
 20
79610.09134633094
 10
81043.00894787714
 20
80308.49065929532
 10
80344.6175242033
 20
80308.49065929532
 10
80344.6175242033
 20
79610.09134633094
  0
LWPOLYLINE
  5
E8F
330
1F
100
AcDbEntity
  8
PDF_형상
370
5
100
AcDbPolyline
 90
4
 70
1
 10
81043.00894787714
 20
64602.335656430216
 10
81043.00894787714
 20
65300.73496939458
 10
80344.6175242033
 20
65300.73496939458
 10
80344.6175242033
 20
64602.335656430216
  0
LWPOLYLINE
  5
E90
330
1F
100
AcDbEntity
  8
PDF_형상
370
5
100
AcDbPolyline
 90
4
 70
1
 10
99030.59350673707
 20
42113.97708057182
 10
99030.59350673707
 20
42812.37251355727
 10
98332.20208306321
 20
42812.37251355727
 10
98332.20208306321
 20
42113.97708057182
  0
LWPOLYLINE
  5
E91
330
1F
100
AcDbEntity
  8
PDF_형상
370
5
100
AcDbPolyline
 90
4
 70
1
 10
107333.74998772754
 20
87804.61281434496
 10
107333.74998772754
 20
87106.21350138055
 10
108032.14943002451
 20
87106.21350138055
 10
108032.14943002451
 20
87804.61281434496
  0
LWPOLYLINE
  5
E92
330
1F
100
AcDbEntity
  8
PDF_형상
370
5
100
AcDbPolyline
 90
5
 70
0
 10
107737.26728003063
 20
75900.83238618134
 10
107737.26728003063
 20
72750.29142787776
 10
108032.14943002451
 20
72750.29142787776
 10
108032.14943002451
 20
87804.61281434496
 10
80298.05958759469
 20
87804.61281434496
  0
LWPOLYLINE
  5
E93
330
1F
100
AcDbEntity
  8
PDF_형상
370
5
100
AcDbPolyline
 90
4
 70
1
 10
108032.14943002451
 20
72160.53488784778
 10
107535.50863387906
 20
72160.53488784778
 10
107535.50863387906
 20
69009.99392954417
 10
108032.14943002451
 20
69009.99392954417
  0
LWPOLYLINE
  5
E94
330
1F
100
AcDbEntity
  8
PDF_형상
370
5
100
AcDbPolyline
 90
4
 70
1
 10
107535.50863387906
 20
68404.71812042221
 10
107535.50863387906
 20
65300.73496939458
 10
108032.14943002451
 20
65300.73496939458
 10
108032.14943002451
 20
68404.71812042221
  0
LWPOLYLINE
  5
E95
330
1F
100
AcDbEntity
  8
PDF_형상
370
5
100
AcDbPolyline
 90
4
 70
1
 10
107535.50863387906
 20
64602.335656430216
 10
107535.50863387906
 20
61513.87177449457
 10
108032.14943002451
 20
61513.87177449457
 10
108032.14943002451
 20
64602.335656430216
  0
LWPOLYLINE
  5
E96
330
1F
100
AcDbEntity
  8
PDF_형상
370
5
100
AcDbPolyline
 90
4
 70
1
 10
107535.50863387906
 20
60908.595965372595
 10
107535.50863387906
 20
57804.61281434495
 10
108032.14943002451
 20
57804.61281434495
 10
108032.14943002451
 20
60908.595965372595
  0
LWPOLYLINE
  5
E97
330
1F
100
AcDbEntity
  8
PDF_형상
370
5
100
AcDbPolyline
 90
4
 70
1
 10
107535.50863387906
 20
57106.21738135952
 10
107535.50863387906
 20
54002.23423033188
 10
108032.14943002451
 20
54002.23423033188
 10
108032.14943002451
 20
57106.21738135952
  0
LWPOLYLINE
  5
E98
330
1F
100
AcDbEntity
  8
PDF_형상
370
5
100
AcDbPolyline
 90
4
 70
1
 10
107535.50863387906
 20
53412.47781963452
 10
107535.50863387906
 20
50308.49466860688
 10
108032.14943002451
 20
50308.49466860688
 10
108032.14943002451
 20
53412.47781963452
  0
LWPOLYLINE
  5
E99
330
1F
100
AcDbEntity
  8
PDF_형상
370
5
100
AcDbPolyline
 90
4
 70
1
 10
107535.50863387906
 20
49610.09923562146
 10
107535.50863387906
 20
46506.11608459382
 10
108032.14943002451
 20
46506.11608459382
 10
108032.14943002451
 20
49610.09923562146
  0
LWPOLYLINE
  5
E9A
330
1F
100
AcDbEntity
  8
PDF_형상
370
5
100
AcDbPolyline
 90
4
 70
1
 10
107535.50863387906
 20
45916.35566458491
 10
107535.50863387906
 20
42812.37251355727
 10
108032.14943002451
 20
42812.37251355727
 10
108032.14943002451
 20
45916.35566458491
  0
LWPOLYLINE
  5
E9B
330
1F
100
AcDbEntity
  8
PDF_형상
370
5
100
AcDbPolyline
 90
4
 70
0
 10
108032.14943002451
 20
39056.5557461317
 10
108032.14943002451
 20
42113.97708057182
 10
107535.50863387906
 20
42113.97708057182
 10
107535.50863387906
 20
39056.5557461317
  0
LWPOLYLINE
  5
E9C
330
1F
100
AcDbEntity
  8
PDF_형상
370
5
100
AcDbPolyline
 90
4
 70
1
 10
108032.14943002451
 20
80308.49065929532
 10
107333.74998772754
 20
80308.49065929532
 10
107333.74998772754
 20
79610.09134633094
 10
108032.14943002451
 20
79610.09134633094
  0
LWPOLYLINE
  5
E9D
330
1F
100
AcDbEntity
  8
PDF_형상
370
5
100
AcDbPolyline
 90
4
 70
1
 10
71793.14458978533
 20
64602.335656430216
 10
71793.14458978533
 20
65300.73496939458
 10
71094.74514748833
 20
65300.73496939458
 10
71094.74514748833
 20
64602.335656430216
  0
LWPOLYLINE
  5
E9E
330
1F
100
AcDbEntity
  8
PDF_형상
370
5
100
AcDbPolyline
 90
4
 70
1
 10
108032.14943002451
 20
57804.61281434495
 10
107333.74998772754
 20
57804.61281434495
 10
107333.74998772754
 20
57106.21738135952
 10
108032.14943002451
 20
57106.21738135952
  0
LWPOLYLINE
  5
E9F
330
1F
100
AcDbEntity
  8
PDF_형상
370
5
100
AcDbPolyline
 90
9
 70
0
 10
53852.11783820139
 20
38559.91882996518
 10
49661.74136030987
 20
38559.91882996518
 10
49661.74136030987
 20
39056.5557461317
 10
53852.11783820139
 20
39056.5557461317
 10
53852.11783820139
 20
49610.09923562146
 10
48947.82665823244
 20
49610.09923562146
 10
44866.08907329636
 20
46878.59070006872
 10
44866.08907329636
 20
20665.45389496875
 10
56304.267372831106
 20
20665.45389496875
  0
LWPOLYLINE
  5
EA0
330
1F
100
AcDbEntity
  8
PDF_형상
370
5
100
AcDbPolyline
 90
2
 70
0
 10
63055.43227830778
 20
87106.21350138055
 10
63055.43227830778
 20
92693.38472522187
  0
LWPOLYLINE
  5
EA1
330
1F
100
AcDbEntity
  8
PDF_형상
370
5
100
AcDbPolyline
 90
4
 70
1
 10
71793.14458978533
 20
42113.97708057182
 10
71793.14458978533
 20
42812.37251355727
 10
71094.74514748833
 20
42812.37251355727
 10
71094.74514748833
 20
42113.97708057182
  0
LWPOLYLINE
  5
EA2
330
1F
100
AcDbEntity
  8
PDF_형상
370
5
100
AcDbPolyline
 90
4
 70
1
 10
71793.14458978533
 20
79610.09134633094
 10
71793.14458978533
 20
80308.49065929532
 10
71094.74514748833
 20
80308.49065929532
 10
71094.74514748833
 20
79610.09134633094
  0
LWPOLYLINE
  5
EA3
330
1F
100
AcDbEntity
  8
PDF_형상
370
5
100
AcDbPolyline
 90
4
 70
1
 10
71793.14458978533
 20
72098.45781147984
 10
71793.14458978533
 20
72796.8492351537
 10
71094.74514748833
 20
72796.8492351537
 10
71094.74514748833
 20
72098.45781147984
  0
LWPOLYLINE
  5
EA4
330
1F
100
AcDbEntity
  8
PDF_형상
370
5
100
AcDbPolyline
 90
6
 70
0
 10
49351.343821202885
 20
29620.44606167927
 10
49351.343821202885
 20
25523.187267661742
 10
48854.707034368985
 20
25523.187267661742
 10
48854.707034368985
 20
38265.040559950176
 10
49351.343821202885
 20
38265.040559950176
 10
49351.343821202885
 20
34509.219912545705
  0
LWPOLYLINE
  5
EA5
330
1F
100
AcDbEntity
  8
PDF_형상
370
5
100
AcDbPolyline
 90
10
 70
0
 10
76588.79286748722
 20
38870.31636907216
 10
76588.79286748722
 20
35471.45494802952
 10
76790.55927359666
 20
35471.45494802952
 10
76790.55927359666
 20
36371.60902716648
 10
79196.1431116599
 20
36371.60902716648
 10
79196.1431116599
 20
31172.437637193092
 10
78994.38446550835
 20
31172.437637193092
 10
78994.38446550835
 20
30970.67899104156
 10
76790.55927359666
 20
30970.67899104156
 10
76790.55927359666
 20
31901.87354835195
  0
LWPOLYLINE
  5
EA6
330
1F
100
AcDbEntity
  8
PDF_형상
370
5
100
AcDbPolyline
 90
3
 70
0
 10
64607.42385382163
 20
30411.96111852816
 10
64607.42385382163
 20
31141.397029687017
 10
66981.96902436831
 20
31141.397029687017
  0
LWPOLYLINE
  5
EA8
330
1F
100
AcDbEntity
  8
PDF_형상
370
5
100
AcDbPolyline
 90
12
 70
0
 10
76588.79286748722
 20
36573.367543985405
 10
79196.1431116599
 20
36573.367543985405
 10
79196.1431116599
 20
38668.55785225325
 10
78994.38446550835
 20
38668.55785225325
 10
78994.38446550835
 20
38870.31636907216
 10
77597.5937288702
 20
38870.31636907216
 10
77597.5937288702
 20
39056.5557461317
 10
108730.54085369843
 20
39056.5557461317
 10
108730.54085369843
 20
38559.91882996518
 10
107535.50863387906
 20
38559.91882996518
 10
107535.50863387906
 20
38870.31636907216
 10
102088.01885048869
 20
38870.31636907216
  0
LWPOLYLINE
  5
EA9
330
1F
100
AcDbEntity
  8
PDF_형상
370
5
100
AcDbPolyline
 90
4
 70
1
 10
54550.51715116574
 20
65300.73496939458
 10
54550.51715116574
 20
64602.335656430216
 10
53852.11783820139
 20
64602.335656430216
 10
53852.11783820139
 20
65300.73496939458
  0
LWPOLYLINE
  5
EAA
330
1F
100
AcDbEntity
  8
PDF_형상
370
5
100
AcDbPolyline
 90
4
 70
1
 10
53852.11783820139
 20
57804.61281434495
 10
54550.51715116574
 20
57804.61281434495
 10
54550.51715116574
 20
57106.21738135952
 10
53852.11783820139
 20
57106.21738135952
  0
LWPOLYLINE
  5
EAB
330
1F
100
AcDbEntity
  8
PDF_형상
370
5
100
AcDbPolyline
 90
5
 70
0
 10
81989.72471426903
 20
30939.63851286812
 10
81989.72471426903
 20
30893.078636270082
 10
82005.24411269363
 20
30846.518889004663
 10
82036.2905401681
 20
30846.518889004663
 10
82036.2905401681
 20
30862.038158096642
  0
LWPOLYLINE
  5
EAC
330
1F
100
AcDbEntity
  8
PDF_형상
370
5
100
AcDbPolyline
 90
5
 70
0
 10
80267.01316012027
 20
30939.63851286812
 10
80267.01316012027
 20
30893.078636270082
 10
80251.49389102832
 20
30846.518889004663
 10
80235.97462193626
 20
30846.518889004663
 10
80235.97462193626
 20
30862.038158096642
  0
LWPOLYLINE
  5
EAF
330
1F
100
AcDbEntity
  8
PDF_형상
370
5
100
AcDbPolyline
 90
15
 70
0
 10
64917.81738361703
 20
37318.32479355834
 10
65228.21893203557
 20
37380.40199925891
 10
65523.09319273899
 20
37504.56417061788
 10
65771.41753545699
 20
37690.803418344796
 10
65988.69545070048
 20
37923.6006026803
 10
66159.41542933542
 20
38187.4402051787
 10
66268.05044231193
 20
38482.3184751937
 10
66330.13540797039
 20
38792.716014300684
 10
66376.69334457895
 20
38482.3184751937
 10
66485.32835755545
 20
38187.4402051787
 10
66656.04833619039
 20
37923.6006026803
 10
66873.32625143391
 20
37690.803418344796
 10
67137.16986324386
 20
37504.56417061788
 10
67416.5248548553
 20
37380.40199925891
 10
67726.92627394122
 20
37318.32479355834
  0
LWPOLYLINE
  5
EB0
330
1F
100
AcDbEntity
  8
PDF_형상
370
5
100
AcDbPolyline
 90
5
 70
0
 10
64871.259576341065
 20
38839.27382157662
 10
64871.259576341065
 20
38870.31636907216
 10
64855.740307249114
 20
38916.8741763481
 10
64824.70176906513
 20
38916.8741763481
 10
64824.70176906513
 20
38901.35490725612
  0
LWPOLYLINE
  5
EB1
330
1F
100
AcDbEntity
  8
PDF_형상
370
5
100
AcDbPolyline
 90
5
 70
0
 10
67789.00347964179
 20
38839.27382157662
 10
67789.00347964179
 20
38870.31636907216
 10
67804.52274873377
 20
38916.8741763481
 10
67820.04201782575
 20
38916.8741763481
 10
67820.04201782575
 20
38901.35490725612
  0
LWPOLYLINE
  5
EB4
330
1F
100
AcDbEntity
  8
PDF_형상
370
5
100
AcDbPolyline
 90
11
 70
0
 10
69309.95638763903
 20
54545.42895377435
 10
69372.03359333957
 20
54297.112500346884
 10
69496.19576469854
 20
54064.31143603245
 10
69682.43501242551
 20
53878.07606828446
 10
69915.23219676099
 20
53769.43316601744
 10
70179.06791928045
 20
53707.355960316876
 10
69915.23219676099
 20
53660.794143729385
 10
69682.43501242551
 20
53536.63598168195
 10
69496.19576469854
 20
53350.39673395502
 10
69372.03359333957
 20
53133.118818711526
 10
69309.95638763903
 20
52869.27908688048
  0
LWPOLYLINE
  5
EB5
330
1F
100
AcDbEntity
  8
PDF_형상
370
5
100
AcDbPolyline
 90
5
 70
0
 10
70225.63374517953
 20
54576.47150126988
 10
70256.67228336348
 20
54576.47150126988
 10
70303.23009063942
 20
54591.990770361874
 10
70303.23009063942
 20
54607.51003945387
 10
70287.71082154747
 20
54607.51003945387
  0
LWPOLYLINE
  5
EB6
330
1F
100
AcDbEntity
  8
PDF_형상
370
5
100
AcDbPolyline
 90
5
 70
0
 10
70225.63374517953
 20
52853.7598177885
 10
70256.67228336348
 20
52853.7598177885
 10
70303.23009063942
 20
52838.24054869652
 10
70303.23009063942
 20
52807.19800120098
 10
70287.71082154747
 20
52807.19800120098
  0
LWPOLYLINE
  5
EB9
330
1F
100
AcDbEntity
  8
PDF_형상
370
5
100
AcDbPolyline
 90
11
 70
0
 10
69403.07213152353
 20
60179.15798489162
 10
69465.15722651458
 20
59946.36092988877
 10
69573.79211015847
 20
59744.60228373722
 10
69744.51221812602
 20
59589.401574194264
 10
69946.27073494495
 20
59480.76255190619
 10
70179.06791928045
 20
59434.20474463024
 10
69946.27073494495
 20
59387.64292804273
 10
69744.51221812602
 20
59279.004035087295
 10
69573.79211015847
 20
59123.80720552327
 10
69465.15722651458
 20
58922.04868870436
 10
69403.07213152353
 20
58689.2474950573
  0
LWPOLYLINE
  5
EBA
330
1F
100
AcDbEntity
  8
PDF_형상
370
5
100
AcDbPolyline
 90
5
 70
0
 10
70225.63374517953
 20
60194.68126329517
 10
70256.67228336348
 20
60194.68126329517
 10
70303.23009063942
 20
60210.20053238715
 10
70303.23009063942
 20
60225.71980147914
 10
70287.71082154747
 20
60225.71980147914
  0
LWPOLYLINE
  5
EBB
330
1F
100
AcDbEntity
  8
PDF_형상
370
5
100
AcDbPolyline
 90
5
 70
0
 10
70225.63374517953
 20
58673.72822596532
 10
70256.67228336348
 20
58673.72822596532
 10
70303.23009063942
 20
58658.20895687333
 10
70303.23009063942
 20
58627.1664093778
 10
70287.71082154747
 20
58627.1664093778
  0
LWPOLYLINE
  5
EBC
330
1F
100
AcDbEntity
  8
PDF_형상
370
5
100
AcDbPolyline
 90
5
 70
0
 10
63101.99008558372
 20
40593.02792322091
 10
63086.47081649174
 20
40624.0665907375
 10
63055.43227830778
 20
40639.585859829494
 10
63008.86658174136
 20
40624.0665907375
 10
63008.86658174136
 20
40593.02792322091
  0
LWPOLYLINE
  5
EBD
330
1F
100
AcDbEntity
  8
PDF_형상
370
5
100
AcDbPolyline
 90
5
 70
0
 10
80173.89741623575
 20
33966.021309124284
 10
80142.85887805176
 20
33950.502040032305
 10
80127.33960895978
 20
33919.4633725157
 10
80142.85887805176
 20
33872.90155592819
 10
80173.89741623575
 20
33872.90155592819
  0
LWPOLYLINE
  5
EBE
330
1F
100
AcDbEntity
  8
PDF_형상
370
5
100
AcDbPolyline
 90
4
 70
1
 10
109537.57517963926
 20
24917.91145853977
 10
108839.18375596542
 20
24917.91145853977
 10
108839.18375596542
 20
25523.187267661742
 10
109537.57517963926
 20
25523.187267661742
  0
LWPOLYLINE
  5
EBF
330
1F
100
AcDbEntity
  8
PDF_형상
370
5
100
AcDbPolyline
 90
4
 70
1
 10
109537.57517963926
 20
33919.4633725157
 10
108839.18375596542
 20
33919.4633725157
 10
108839.18375596542
 20
34509.219912545705
 10
109537.57517963926
 20
34509.219912545705
  0
LWPOLYLINE
  5
EC0
330
1F
100
AcDbEntity
  8
PDF_형상
370
5
100
AcDbPolyline
 90
4
 70
1
 10
108730.54085369843
 20
29620.44606167927
 10
109537.57517963926
 20
29620.44606167927
 10
109537.57517963926
 20
30411.96111852816
 10
108730.54085369843
 20
30411.96111852816
  0
LWPOLYLINE
  5
EC1
330
1F
100
AcDbEntity
  8
PDF_형상
370
5
100
AcDbPolyline
 90
4
 70
1
 10
102088.01885048869
 20
29620.44606167927
 10
101280.98452454786
 20
29620.44606167927
 10
101280.98452454786
 20
30411.96111852816
 10
102088.01885048869
 20
30411.96111852816
  0
LWPOLYLINE
  5
EC2
330
1F
100
AcDbEntity
  8
PDF_형상
370
5
100
AcDbPolyline
 90
4
 70
1
 10
94591.8966954391
 20
29620.44606167927
 10
93784.86236949822
 20
29620.44606167927
 10
93784.86236949822
 20
30411.96111852816
 10
94591.8966954391
 20
30411.96111852816
  0
LWPOLYLINE
  5
EC3
330
1F
100
AcDbEntity
  8
PDF_형상
370
5
100
AcDbPolyline
 90
4
 70
1
 10
87095.78242968001
 20
29620.44606167927
 10
86288.74021444864
 20
29620.44606167927
 10
86288.74021444864
 20
30411.96111852816
 10
87095.78242968001
 20
30411.96111852816
  0
LWPOLYLINE
  5
EC4
330
1F
100
AcDbEntity
  8
PDF_형상
370
5
100
AcDbPolyline
 90
4
 70
1
 10
86288.74021444864
 20
38265.040559950176
 10
87095.78242968001
 20
38265.040559950176
 10
87095.78242968001
 20
39056.5557461317
 10
86288.74021444864
 20
39056.5557461317
  0
LWPOLYLINE
  5
EC5
330
1F
100
AcDbEntity
  8
PDF_형상
370
5
100
AcDbPolyline
 90
4
 70
1
 10
109227.18164984389
 20
38265.040559950176
 10
108730.54085369843
 20
38265.040559950176
 10
108730.54085369843
 20
38761.67747611671
 10
109227.18164984389
 20
38761.67747611671
  0
LWPOLYLINE
  5
EC6
330
1F
100
AcDbEntity
  8
PDF_형상
370
5
100
AcDbPolyline
 90
4
 70
1
 10
94591.8966954391
 20
38265.040559950176
 10
93784.86236949822
 20
38265.040559950176
 10
93784.86236949822
 20
39056.5557461317
 10
94591.8966954391
 20
39056.5557461317
  0
LWPOLYLINE
  5
EC7
330
1F
100
AcDbEntity
  8
PDF_형상
370
5
100
AcDbPolyline
 90
4
 70
1
 10
102088.01885048869
 20
38265.040559950176
 10
101280.98452454786
 20
38265.040559950176
 10
101280.98452454786
 20
39056.5557461317
 10
102088.01885048869
 20
39056.5557461317
  0
LWPOLYLINE
  5
EC8
330
1F
100
AcDbEntity
  8
PDF_형상
370
5
100
AcDbPolyline
 90
4
 70
1
 10
108032.14943002451
 20
42812.37251355727
 10
107333.74998772754
 20
42812.37251355727
 10
107333.74998772754
 20
42113.97708057182
 10
108032.14943002451
 20
42113.97708057182
  0
LWPOLYLINE
  5
EC9
330
1F
100
AcDbEntity
  8
PDF_형상
370
5
100
AcDbPolyline
 90
4
 70
1
 10
64607.42385382163
 20
38265.040559950176
 10
63800.38952788075
 20
38265.040559950176
 10
63800.38952788075
 20
39056.5557461317
 10
64607.42385382163
 20
39056.5557461317
  0
LWPOLYLINE
  5
ECA
330
1F
100
AcDbEntity
  8
PDF_형상
370
5
100
AcDbPolyline
 90
4
 70
1
 10
57111.30169877199
 20
38265.040559950176
 10
56304.267372831106
 20
38265.040559950176
 10
56304.267372831106
 20
39056.5557461317
 10
57111.30169877199
 20
39056.5557461317
  0
LWPOLYLINE
  5
ECB
330
1F
100
AcDbEntity
  8
PDF_형상
370
5
100
AcDbPolyline
 90
4
 70
1
 10
60758.48345322102
 20
38358.16031314628
 10
60153.207773431684
 20
38358.16031314628
 10
60153.207773431684
 20
39056.5557461317
 10
60758.48345322102
 20
39056.5557461317
  0
LWPOLYLINE
  5
ECC
330
1F
100
AcDbEntity
  8
PDF_형상
370
5
100
AcDbPolyline
 90
4
 70
1
 10
62946.78937604079
 20
49656.6570428974
 10
62357.03296534343
 20
49656.6570428974
 10
62357.03296534343
 20
50261.93285201939
 10
62946.78937604079
 20
50261.93285201939
  0
LWPOLYLINE
  5
ECD
330
1F
100
AcDbEntity
  8
PDF_형상
370
5
100
AcDbPolyline
 90
4
 70
1
 10
54550.51715116574
 20
49610.09923562146
 10
53852.11783820139
 20
49610.09923562146
 10
53852.11783820139
 20
50308.49466860688
 10
54550.51715116574
 20
50308.49466860688
  0
LWPOLYLINE
  5
ECE
330
1F
100
AcDbEntity
  8
PDF_형상
370
5
100
AcDbPolyline
 90
4
 70
1
 10
49553.10246735443
 20
49610.09923562146
 10
48854.707034368985
 20
49610.09923562146
 10
48854.707034368985
 20
50308.49466860688
 10
49553.10246735443
 20
50308.49466860688
  0
LWPOLYLINE
  5
ECF
330
1F
100
AcDbEntity
  8
PDF_형상
370
5
100
AcDbPolyline
 90
4
 70
1
 10
53852.11783820139
 20
45869.79772797632
 10
54550.51715116574
 20
45869.79772797632
 10
54550.51715116574
 20
46568.19316096175
 10
53852.11783820139
 20
46568.19316096175
  0
LWPOLYLINE
  5
ED0
330
1F
100
AcDbEntity
  8
PDF_형상
370
5
100
AcDbPolyline
 90
2
 70
0
 10
59020.252629980285
 20
3190.029401346321
 10
59020.252629980285
 20
132.6058682514631
  0
CIRCLE
  5
ED1
330
1F
100
AcDbEntity
  8
PDF_형상
370
5
100
AcDbCircle
 10
59016.71187632829
 20
3195.4262270981417
 30
0.0
 40
2160.814877822447
  0
LWPOLYLINE
  5
ED2
330
1F
100
AcDbEntity
  8
PDF_형상
370
5
100
AcDbPolyline
 90
2
 70
0
 10
55962.82728622861
 20
3190.029401346321
 10
80267.01316012027
 20
3190.029401346321
  0
MTEXT
  5
ED3
330
1F
100
AcDbEntity
  8
PDF_문자
100
AcDbMText
 10
44943.72107389347
 20
101262.53194633091
 30
0.0
 40
591.2118475342514
 41
0.0
 46
0.0
 71
4
 72
5
  1
2,500 2,000
  7
PDF 맑은 고딕
 11
9311.94945308291
 21
0.0
 31
0.0
  0
MTEXT
  5
ED4
330
1F
100
AcDbEntity
  8
PDF_문자
100
AcDbMText
 10
50685.9825471065
 20
101262.53194633091
 30
0.0
 40
591.2118475342514
 41
0.0
 46
0.0
 71
4
 72
5
  1
5,000
  7
PDF 맑은 고딕
 11
9311.94945308291
 21
0.0
 31
0.0
  0
MTEXT
  5
ED5
330
1F
100
AcDbEntity
  8
PDF_문자
100
AcDbMText
 10
57437.514542796285
 20
101262.53194633091
 30
0.0
 40
591.2118475342514
 41
0.0
 46
0.0
 71
4
 72
5
  1
8,500
  7
PDF 맑은 고딕
 11
9311.94945308291
 21
0.0
 31
0.0
  0
MTEXT
  5
ED6
330
1F
100
AcDbEntity
  8
PDF_문자
100
AcDbMText
 10
66066.12607104435
 20
101262.53194633091
 30
0.0
 40
591.2118475342514
 41
0.0
 46
0.0
 71
4
 72
5
  1
8,750
  7
PDF 맑은 고딕
 11
9311.94945308291
 21
0.0
 31
0.0
  0
MTEXT
  5
ED7
330
1F
100
AcDbEntity
  8
PDF_문자
100
AcDbMText
 10
75052.54945910936
 20
101262.53194633091
 30
0.0
 40
591.2118475342514
 41
0.0
 46
0.0
 71
4
 72
5
  1
9,250
  7
PDF 맑은 고딕
 11
9311.94945308291
 21
0.0
 31
0.0
  0
MTEXT
  5
ED8
330
1F
100
AcDbEntity
  8
PDF_문자
100
AcDbMText
 10
84177.97542923216
 20
101262.53194633091
 30
0.0
 40
591.2118475342514
 41
0.0
 46
0.0
 71
4
 72
5
  1
9,000
  7
PDF 맑은 고딕
 11
9311.94945308291
 21
0.0
 31
0.0
  0
MTEXT
  5
ED9
330
1F
100
AcDbEntity
  8
PDF_문자
100
AcDbMText
 10
93179.19976234563
 20
101262.53194633091
 30
0.0
 40
591.2118475342514
 41
0.0
 46
0.0
 71
4
 72
5
  1
9,000
  7
PDF 맑은 고딕
 11
9311.94945308291
 21
0.0
 31
0.0
  0
MTEXT
  5
EDA
330
1F
100
AcDbEntity
  8
PDF_문자
100
AcDbMText
 10
102181.24505454452
 20
101262.53194633091
 30
0.0
 40
591.2118475342514
 41
0.0
 46
0.0
 71
4
 72
5
  1
9,000
  7
PDF 맑은 고딕
 11
9311.94945308291
 21
0.0
 31
0.0
  0
MTEXT
  5
EDB
330
1F
100
AcDbEntity
  8
PDF_문자
100
AcDbMText
 10
45967.80438217473
 20
102860.76167417609
 30
0.0
 40
591.2118475342514
 41
0.0
 46
0.0
 71
4
 72
5
  1
4,500
  7
PDF 맑은 고딕
 11
9311.94945308291
 21
0.0
 31
0.0
  0
MTEXT
  5
EDC
330
1F
100
AcDbEntity
  8
PDF_문자
100
AcDbMText
 10
77194.47907582422
 20
102860.76167417609
 30
0.0
 40
591.2118475342514
 41
0.0
 46
0.0
 71
4
 72
5
  1
58,500
  7
PDF 맑은 고딕
 11
9311.94945308291
 21
0.0
 31
0.0
  0
MTEXT
  5
EDD
330
1F
100
AcDbEntity
  8
PDF_문자
100
AcDbMText
 10
99946.36550292528
 20
99663.4891532377
 30
0.0
 40
591.2118475342514
 41
0.0
 46
0.0
 71
4
 72
5
  1
4,500
  7
PDF 맑은 고딕
 11
9311.94945308291
 21
0.0
 31
0.0
  0
MTEXT
  5
EDE
330
1F
100
AcDbEntity
  8
PDF_문자
100
AcDbMText
 10
104431.76229797221
 20
99663.4891532377
 30
0.0
 40
591.2118475342514
 41
0.0
 46
0.0
 71
4
 72
5
  1
4,500
  7
PDF 맑은 고딕
 11
9311.94945308291
 21
0.0
 31
0.0
  0
MTEXT
  5
EDF
330
1F
100
AcDbEntity
  8
PDF_문자
100
AcDbMText
 10
48731.08161894274
 20
105423.72489411756
 30
0.0
 40
792.0010980380882
 41
0.0
 46
0.0
 71
4
 72
5
  1
X5
  7
PDF 맑은 고딕
 11
9311.94945308291
 21
0.0
 31
0.0
  0
MTEXT
  5
EE0
330
1F
100
AcDbEntity
  8
PDF_문자
100
AcDbMText
 10
52098.53343258907
 20
105423.72489411756
 30
0.0
 40
792.0010980380882
 41
0.0
 46
0.0
 71
4
 72
5
  1
X5-
  7
PDF 맑은 고딕
 11
9311.94945308291
 21
0.0
 31
0.0
  0
MTEXT
  5
EE1
330
1F
100
AcDbEntity
  8
PDF_문자
100
AcDbMText
 10
53421.91158434366
 20
105280.51094982869
 30
0.0
 40
490.81722228233355
 41
0.0
 46
0.0
 71
4
 72
5
  1
1
  7
PDF 맑은 고딕
 11
9311.94945308291
 21
0.0
 31
0.0
  0
MTEXT
  5
EE2
330
1F
100
AcDbEntity
  8
PDF_문자
100
AcDbMText
 10
1423.9487925499707
 20
75140.64004919777
 30
0.0
 40
591.2118475342514
 41
0.0
 46
0.0
 71
4
 72
5
  1
7,500
  7
PDF 맑은 고딕
 11
9.31194945308291e-13
 21
9311.94945308291
 31
0.0
  0
MTEXT
  5
EE3
330
1F
100
AcDbEntity
  8
PDF_문자
100
AcDbMText
 10
1423.9487925499707
 20
82636.58853628908
 30
0.0
 40
591.2118475342514
 41
0.0
 46
0.0
 71
4
 72
5
  1
7,500
  7
PDF 맑은 고딕
 11
9.31194945308291e-13
 21
9311.94945308291
 31
0.0
  0
MTEXT
  5
EE4
330
1F
100
AcDbEntity
  8
PDF_문자
100
AcDbMText
 10
-2738.229898176942
 20
86951.2416292569
 30
0.0
 40
792.0010980380882
 41
0.0
 46
0.0
 71
4
 72
5
  1
Y10
  7
PDF 맑은 고딕
 11
9.31194945308291e-13
 21
9311.94945308291
 31
0.0
  0
MTEXT
  5
EE5
330
1F
100
AcDbEntity
  8
PDF_문자
100
AcDbMText
 10
-174.27698837657226
 20
61777.40354588006
 30
0.0
 40
591.2118475342514
 41
0.0
 46
0.0
 71
4
 72
5
  1
48,800
  7
PDF 맑은 고딕
 11
9.31194945308291e-13
 21
9311.94945308291
 31
0.0
  0
MTEXT
  5
EE6
330
1F
100
AcDbEntity
  8
PDF_문자
100
AcDbMText
 10
1423.9487925499707
 20
24328.095800361938
 30
0.0
 40
591.2118475342514
 41
0.0
 46
0.0
 71
4
 72
5
  1
9,250
  7
PDF 맑은 고딕
 11
9.31194945308291e-13
 21
9311.94945308291
 31
0.0
  0
MTEXT
  5
EE7
330
1F
100
AcDbEntity
  8
PDF_문자
100
AcDbMText
 10
1423.9487925499707
 20
33283.255645565914
 30
0.0
 40
591.2118475342514
 41
0.0
 46
0.0
 71
4
 72
5
  1
8,650
  7
PDF 맑은 고딕
 11
9.31194945308291e-13
 21
9311.94945308291
 31
0.0
  0
MTEXT
  5
EE8
330
1F
100
AcDbEntity
  8
PDF_문자
100
AcDbMText
 10
1423.9487925499707
 20
39491.0838054674
 30
0.0
 40
591.2118475342514
 41
0.0
 46
0.0
 71
4
 72
5
  1
3,800
  7
PDF 맑은 고딕
 11
9.31194945308291e-13
 21
9311.94945308291
 31
0.0
  0
MTEXT
  5
EE9
330
1F
100
AcDbEntity
  8
PDF_문자
100
AcDbMText
 10
1423.9487925499707
 20
45156.021194828594
 30
0.0
 40
591.2118475342514
 41
0.0
 46
0.0
 71
4
 72
5
  1
7,500
  7
PDF 맑은 고딕
 11
9.31194945308291e-13
 21
9311.94945308291
 31
0.0
  0
MTEXT
  5
EEA
330
1F
100
AcDbEntity
  8
PDF_문자
100
AcDbMText
 10
1423.9487925499707
 20
52651.973628838554
 30
0.0
 40
591.2118475342514
 41
0.0
 46
0.0
 71
4
 72
5
  1
7,500
  7
PDF 맑은 고딕
 11
9.31194945308291e-13
 21
9311.94945308291
 31
0.0
  0
MTEXT
  5
EEB
330
1F
100
AcDbEntity
  8
PDF_문자
100
AcDbMText
 10
1423.9487925499707
 20
60147.922115929854
 30
0.0
 40
591.2118475342514
 41
0.0
 46
0.0
 71
4
 72
5
  1
7,500
  7
PDF 맑은 고딕
 11
9.31194945308291e-13
 21
9311.94945308291
 31
0.0
  0
MTEXT
  5
EEC
330
1F
100
AcDbEntity
  8
PDF_문자
100
AcDbMText
 10
1423.9487925499707
 20
67643.87060302115
 30
0.0
 40
591.2118475342514
 41
0.0
 46
0.0
 71
4
 72
5
  1
7,500
  7
PDF 맑은 고딕
 11
9.31194945308291e-13
 21
9311.94945308291
 31
0.0
  0
MTEXT
  5
EED
330
1F
100
AcDbEntity
  8
PDF_문자
100
AcDbMText
 10
60587.67664237514
 20
105423.72489411756
 30
0.0
 40
792.0010980380882
 41
0.0
 46
0.0
 71
4
 72
5
  1
X6-
  7
PDF 맑은 고딕
 11
9311.94945308291
 21
0.0
 31
0.0
  0
MTEXT
  5
EEE
330
1F
100
AcDbEntity
  8
PDF_문자
100
AcDbMText
 10
61927.134540830375
 20
105280.51094982869
 30
0.0
 40
490.81722228233355
 41
0.0
 46
0.0
 71
4
 72
5
  1
1
  7
PDF 맑은 고딕
 11
9311.94945308291
 21
0.0
 31
0.0
  0
MTEXT
  5
EEF
330
1F
100
AcDbEntity
  8
PDF_문자
100
AcDbMText
 10
68114.85315005934
 20
105423.72489411756
 30
0.0
 40
792.0010980380882
 41
0.0
 46
0.0
 71
4
 72
5
  1
X7-
  7
PDF 맑은 고딕
 11
9311.94945308291
 21
0.0
 31
0.0
  0
MTEXT
  5
EF0
330
1F
100
AcDbEntity
  8
PDF_문자
100
AcDbMText
 10
69438.77597659173
 20
105280.51094982869
 30
0.0
 40
490.81722228233355
 41
0.0
 46
0.0
 71
4
 72
5
  1
1
  7
PDF 맑은 고딕
 11
9311.94945308291
 21
0.0
 31
0.0
  0
MTEXT
  5
EF1
330
1F
100
AcDbEntity
  8
PDF_문자
100
AcDbMText
 10
81648.5531242299
 20
105423.72489411756
 30
0.0
 40
792.0010980380882
 41
0.0
 46
0.0
 71
4
 72
5
  1
X9-
  7
PDF 맑은 고딕
 11
9311.94945308291
 21
0.0
 31
0.0
  0
MTEXT
  5
EF2
330
1F
100
AcDbEntity
  8
PDF_문자
100
AcDbMText
 10
82972.02600203281
 20
105280.51094982869
 30
0.0
 40
490.81722228233355
 41
0.0
 46
0.0
 71
4
 72
5
  1
1
  7
PDF 맑은 고딕
 11
9311.94945308291
 21
0.0
 31
0.0
  0
MTEXT
  5
EF3
330
1F
100
AcDbEntity
  8
PDF_문자
100
AcDbMText
 10
89206.58664215113
 20
105423.72489411756
 30
0.0
 40
792.0010980380882
 41
0.0
 46
0.0
 71
4
 72
5
  1
X10-
  7
PDF 맑은 고딕
 11
9311.94945308291
 21
0.0
 31
0.0
  0
MTEXT
  5
EF4
330
1F
100
AcDbEntity
  8
PDF_문자
100
AcDbMText
 10
90898.15704984996
 20
105280.51094982869
 30
0.0
 40
490.81722228233355
 41
0.0
 46
0.0
 71
4
 72
5
  1
1
  7
PDF 맑은 고딕
 11
9311.94945308291
 21
0.0
 31
0.0
  0
MTEXT
  5
EF5
330
1F
100
AcDbEntity
  8
PDF_문자
100
AcDbMText
 10
98208.11883492161
 20
105423.72489411756
 30
0.0
 40
792.0010980380882
 41
0.0
 46
0.0
 71
4
 72
5
  1
X11-
  7
PDF 맑은 고딕
 11
9311.94945308291
 21
0.0
 31
0.0
  0
MTEXT
  5
EF6
330
1F
100
AcDbEntity
  8
PDF_문자
100
AcDbMText
 10
99899.83922553032
 20
105280.51094982869
 30
0.0
 40
490.81722228233355
 41
0.0
 46
0.0
 71
4
 72
5
  1
1
  7
PDF 맑은 고딕
 11
9311.94945308291
 21
0.0
 31
0.0
  0
MTEXT
  5
EF7
330
1F
100
AcDbEntity
  8
PDF_문자
100
AcDbMText
 10
105579.92883570243
 20
105423.72489411756
 30
0.0
 40
792.0010980380882
 41
0.0
 46
0.0
 71
4
 72
5
  1
X12-
  7
PDF 맑은 고딕
 11
9311.94945308291
 21
0.0
 31
0.0
  0
MTEXT
  5
EF8
330
1F
100
AcDbEntity
  8
PDF_문자
100
AcDbMText
 10
107271.49134956392
 20
105280.51094982869
 30
0.0
 40
490.81722228233355
 41
0.0
 46
0.0
 71
4
 72
5
  1
1
  7
PDF 맑은 고딕
 11
9311.94945308291
 21
0.0
 31
0.0
  0
MTEXT
  5
EF9
330
1F
100
AcDbEntity
  8
PDF_문자
100
AcDbMText
 10
1423.9487925499707
 20
89092.82391712794
 30
0.0
 40
591.2118475342514
 41
0.0
 46
0.0
 71
4
 72
5
  1
5,450
  7
PDF 맑은 고딕
 11
9.31194945308291e-13
 21
9311.94945308291
 31
0.0
  0
MTEXT
  5
EFA
330
1F
100
AcDbEntity
  8
PDF_문자
100
AcDbMText
 10
-2738.229898176942
 20
20277.72443526079
 30
0.0
 40
792.0010980380882
 41
0.0
 46
0.0
 71
4
 72
5
  1
Y1
  7
PDF 맑은 고딕
 11
9.31194945308291e-13
 21
9311.94945308291
 31
0.0
  0
MTEXT
  5
EFB
330
1F
100
AcDbEntity
  8
PDF_문자
100
AcDbMText
 10
-2738.229898176942
 20
29527.19021872711
 30
0.0
 40
792.0010980380882
 41
0.0
 46
0.0
 71
4
 72
5
  1
Y2
  7
PDF 맑은 고딕
 11
9.31194945308291e-13
 21
9311.94945308291
 31
0.0
  0
MTEXT
  5
EFC
330
1F
100
AcDbEntity
  8
PDF_문자
100
AcDbMText
 10
-2738.229898176942
 20
38171.70388233523
 30
0.0
 40
792.0010980380882
 41
0.0
 46
0.0
 71
4
 72
5
  1
Y3
  7
PDF 맑은 고딕
 11
9.31194945308291e-13
 21
9311.94945308291
 31
0.0
  0
MTEXT
  5
EFD
330
1F
100
AcDbEntity
  8
PDF_문자
100
AcDbMText
 10
-2738.229898176942
 20
41974.41004721076
 30
0.0
 40
792.0010980380882
 41
0.0
 46
0.0
 71
4
 72
5
  1
Y4
  7
PDF 맑은 고딕
 11
9.31194945308291e-13
 21
9311.94945308291
 31
0.0
  0
MTEXT
  5
EFE
330
1F
100
AcDbEntity
  8
PDF_문자
100
AcDbMText
 10
-2738.229898176942
 20
49470.72954465793
 30
0.0
 40
792.0010980380882
 41
0.0
 46
0.0
 71
4
 72
5
  1
Y5
  7
PDF 맑은 고딕
 11
9.31194945308291e-13
 21
9311.94945308291
 31
0.0
  0
MTEXT
  5
EFF
330
1F
100
AcDbEntity
  8
PDF_문자
100
AcDbMText
 10
-2738.229898176942
 20
56967.052989023774
 30
0.0
 40
792.0010980380882
 41
0.0
 46
0.0
 71
4
 72
5
  1
Y6
  7
PDF 맑은 고딕
 11
9.31194945308291e-13
 21
9311.94945308291
 31
0.0
  0
MTEXT
  5
F00
330
1F
100
AcDbEntity
  8
PDF_문자
100
AcDbMText
 10
-2738.229898176942
 20
64462.27129615936
 30
0.0
 40
792.0010980380882
 41
0.0
 46
0.0
 71
4
 72
5
  1
Y7
  7
PDF 맑은 고딕
 11
9.31194945308291e-13
 21
9311.94945308291
 31
0.0
  0
MTEXT
  5
F01
330
1F
100
AcDbEntity
  8
PDF_문자
100
AcDbMText
 10
-2738.229898176942
 20
71958.59474052521
 30
0.0
 40
792.0010980380882
 41
0.0
 46
0.0
 71
4
 72
5
  1
Y8
  7
PDF 맑은 고딕
 11
9.31194945308291e-13
 21
9311.94945308291
 31
0.0
  0
MTEXT
  5
F02
330
1F
100
AcDbEntity
  8
PDF_문자
100
AcDbMText
 10
-2738.229898176942
 20
79454.91423797238
 30
0.0
 40
792.0010980380882
 41
0.0
 46
0.0
 71
4
 72
5
  1
Y9
  7
PDF 맑은 고딕
 11
9.31194945308291e-13
 21
9311.94945308291
 31
0.0
  0
MTEXT
  5
F03
330
1F
100
AcDbEntity
  8
PDF_문자
100
AcDbMText
 10
-174.27698837657226
 20
28393.986449711236
 30
0.0
 40
591.2118475342514
 41
0.0
 46
0.0
 71
4
 72
5
  1
17,900
  7
PDF 맑은 고딕
 11
9.31194945308291e-13
 21
9311.94945308291
 31
0.0
  0
MTEXT
  5
F04
330
1F
100
AcDbEntity
  8
PDF_문자
100
AcDbMText
 10
124372.97688880072
 20
22807.190156368575
 30
0.0
 40
591.2118475342514
 41
0.0
 46
0.0
 71
4
 72
5
  1
2,800
  7
PDF 맑은 고딕
 11
9.31194945308291e-13
 21
9311.94945308291
 31
0.0
  0
MTEXT
  5
F05
330
1F
100
AcDbEntity
  8
PDF_문자
100
AcDbMText
 10
125971.21056356466
 20
28393.986449711236
 30
0.0
 40
591.2118475342514
 41
0.0
 46
0.0
 71
4
 72
5
  1
17,900
  7
PDF 맑은 고딕
 11
9.31194945308291e-13
 21
9311.94945308291
 31
0.0
  0
MTEXT
  5
F06
330
1F
100
AcDbEntity
  8
PDF_문자
100
AcDbMText
 10
124372.97688880072
 20
20153.62541813711
 30
0.0
 40
591.2118475342514
 41
0.0
 46
0.0
 71
4
 72
5
  1
1,700
  7
PDF 맑은 고딕
 11
9.31194945308291e-13
 21
9311.94945308291
 31
0.0
  0
MTEXT
  5
F07
330
1F
100
AcDbEntity
  8
PDF_문자
100
AcDbMText
 10
124372.97688880072
 20
26594.234947923476
 30
0.0
 40
591.2118475342514
 41
0.0
 46
0.0
 71
4
 72
5
  1
4,750
  7
PDF 맑은 고딕
 11
9.31194945308291e-13
 21
9311.94945308291
 31
0.0
  0
MTEXT
  5
F08
330
1F
100
AcDbEntity
  8
PDF_문자
100
AcDbMText
 10
124372.97688880072
 20
31094.43663493754
 30
0.0
 40
591.2118475342514
 41
0.0
 46
0.0
 71
4
 72
5
  1
4,250
  7
PDF 맑은 고딕
 11
9.31194945308291e-13
 21
9311.94945308291
 31
0.0
  0
MTEXT
  5
F09
330
1F
100
AcDbEntity
  8
PDF_문자
100
AcDbMText
 10
124372.97688880072
 20
35425.18920919943
 30
0.0
 40
591.2118475342514
 41
0.0
 46
0.0
 71
4
 72
5
  1
4,400
  7
PDF 맑은 고딕
 11
9.31194945308291e-13
 21
9311.94945308291
 31
0.0
  0
MTEXT
  5
F0A
330
1F
100
AcDbEntity
  8
PDF_문자
100
AcDbMText
 10
104416.12460616366
 20
13419.364151859547
 30
0.0
 40
591.2118475342514
 41
0.0
 46
0.0
 71
4
 72
5
  1
7,500
  7
PDF 맑은 고딕
 11
9311.94945308291
 21
0.0
 31
0.0
  0
MTEXT
  5
F0B
330
1F
100
AcDbEntity
  8
PDF_문자
100
AcDbMText
 10
75704.01206868787
 20
11821.138370933004
 30
0.0
 40
591.2118475342514
 41
0.0
 46
0.0
 71
4
 72
5
  1
64,500
  7
PDF 맑은 고딕
 11
9311.94945308291
 21
0.0
 31
0.0
  0
MTEXT
  5
F0C
330
1F
100
AcDbEntity
  8
PDF_문자
100
AcDbMText
 10
45967.80438217473
 20
13419.364151859547
 30
0.0
 40
591.2118475342514
 41
0.0
 46
0.0
 71
4
 72
5
  1
4,500
  7
PDF 맑은 고딕
 11
9311.94945308291
 21
0.0
 31
0.0
  0
MTEXT
  5
F0D
330
1F
100
AcDbEntity
  8
PDF_문자
100
AcDbMText
 10
51942.84327835396
 20
13419.364151859547
 30
0.0
 40
591.2118475342514
 41
0.0
 46
0.0
 71
4
 72
5
  1
7,500
  7
PDF 맑은 고딕
 11
9311.94945308291
 21
0.0
 31
0.0
  0
MTEXT
  5
F0E
330
1F
100
AcDbEntity
  8
PDF_문자
100
AcDbMText
 10
59439.61272453061
 20
13419.364151859547
 30
0.0
 40
591.2118475342514
 41
0.0
 46
0.0
 71
4
 72
5
  1
7,500
  7
PDF 맑은 고딕
 11
9311.94945308291
 21
0.0
 31
0.0
  0
MTEXT
  5
F0F
330
1F
100
AcDbEntity
  8
PDF_문자
100
AcDbMText
 10
66935.5612116219
 20
13419.364151859547
 30
0.0
 40
591.2118475342514
 41
0.0
 46
0.0
 71
4
 72
5
  1
7,500
  7
PDF 맑은 고딕
 11
9311.94945308291
 21
0.0
 31
0.0
  0
MTEXT
  5
F10
330
1F
100
AcDbEntity
  8
PDF_문자
100
AcDbMText
 10
73174.64502054708
 20
13419.364151859547
 30
0.0
 40
591.2118475342514
 41
0.0
 46
0.0
 71
4
 72
5
  1
5,000
  7
PDF 맑은 고딕
 11
9311.94945308291
 21
0.0
 31
0.0
  0
MTEXT
  5
F11
330
1F
100
AcDbEntity
  8
PDF_문자
100
AcDbMText
 10
78171.67299019189
 20
13419.364151859547
 30
0.0
 40
591.2118475342514
 41
0.0
 46
0.0
 71
4
 72
5
  1
5,000
  7
PDF 맑은 고딕
 11
9311.94945308291
 21
0.0
 31
0.0
  0
MTEXT
  5
F12
330
1F
100
AcDbEntity
  8
PDF_문자
100
AcDbMText
 10
83169.52191892212
 20
13419.364151859547
 30
0.0
 40
591.2118475342514
 41
0.0
 46
0.0
 71
4
 72
5
  1
5,000
  7
PDF 맑은 고딕
 11
9311.94945308291
 21
0.0
 31
0.0
  0
MTEXT
  5
F13
330
1F
100
AcDbEntity
  8
PDF_문자
100
AcDbMText
 10
89423.41456673316
 20
13419.364151859547
 30
0.0
 40
591.2118475342514
 41
0.0
 46
0.0
 71
4
 72
5
  1
7,500
  7
PDF 맑은 고딕
 11
9311.94945308291
 21
0.0
 31
0.0
  0
MTEXT
  5
F14
330
1F
100
AcDbEntity
  8
PDF_문자
100
AcDbMText
 10
96920.18401290975
 20
13419.364151859547
 30
0.0
 40
591.2118475342514
 41
0.0
 46
0.0
 71
4
 72
5
  1
7,500
  7
PDF 맑은 고딕
 11
9311.94945308291
 21
0.0
 31
0.0
  0
MTEXT
  5
F15
330
1F
100
AcDbEntity
  8
PDF_문자
100
AcDbMText
 10
76930.43810999698
 20
15018.410891871441
 30
0.0
 40
591.2118475342514
 41
0.0
 46
0.0
 71
4
 72
5
  1
2,500 2,500
  7
PDF 맑은 고딕
 11
9311.94945308291
 21
0.0
 31
0.0
  0
MTEXT
  5
F16
330
1F
100
AcDbEntity
  8
PDF_문자
100
AcDbMText
 10
56226.29992607831
 20
105423.72489411756
 30
0.0
 40
792.0010980380882
 41
0.0
 46
0.0
 71
4
 72
5
  1
X6
  7
PDF 맑은 고딕
 11
9311.94945308291
 21
0.0
 31
0.0
  0
MTEXT
  5
F17
330
1F
100
AcDbEntity
  8
PDF_문자
100
AcDbMText
 10
63722.61942352548
 20
105423.72489411756
 30
0.0
 40
792.0010980380882
 41
0.0
 46
0.0
 71
4
 72
5
  1
X7
  7
PDF 맑은 고딕
 11
9311.94945308291
 21
0.0
 31
0.0
  0
MTEXT
  5
F18
330
1F
100
AcDbEntity
  8
PDF_문자
100
AcDbMText
 10
71218.94681481003
 20
105423.72489411756
 30
0.0
 40
792.0010980380882
 41
0.0
 46
0.0
 71
4
 72
5
  1
X8
  7
PDF 맑은 고딕
 11
9311.94945308291
 21
0.0
 31
0.0
  0
MTEXT
  5
F19
330
1F
100
AcDbEntity
  8
PDF_문자
100
AcDbMText
 10
78715.25841841979
 20
105423.72489411756
 30
0.0
 40
792.0010980380882
 41
0.0
 46
0.0
 71
4
 72
5
  1
X9
  7
PDF 맑은 고딕
 11
9311.94945308291
 21
0.0
 31
0.0
  0
MTEXT
  5
F1A
330
1F
100
AcDbEntity
  8
PDF_문자
100
AcDbMText
 10
86211.58580970431
 20
105423.72489411756
 30
0.0
 40
792.0010980380882
 41
0.0
 46
0.0
 71
4
 72
5
  1
X10
  7
PDF 맑은 고딕
 11
9311.94945308291
 21
0.0
 31
0.0
  0
MTEXT
  5
F1B
330
1F
100
AcDbEntity
  8
PDF_문자
100
AcDbMText
 10
93706.80016992123
 20
105423.72489411756
 30
0.0
 40
792.0010980380882
 41
0.0
 46
0.0
 71
4
 72
5
  1
X11
  7
PDF 맑은 고딕
 11
9311.94945308291
 21
0.0
 31
0.0
  0
MTEXT
  5
F1C
330
1F
100
AcDbEntity
  8
PDF_문자
100
AcDbMText
 10
101203.12756120578
 20
105423.72489411756
 30
0.0
 40
792.0010980380882
 41
0.0
 46
0.0
 71
4
 72
5
  1
X12
  7
PDF 맑은 고딕
 11
9311.94945308291
 21
0.0
 31
0.0
  0
MTEXT
  5
F1D
330
1F
100
AcDbEntity
  8
PDF_문자
100
AcDbMText
 10
108699.44705865298
 20
105423.72489411756
 30
0.0
 40
792.0010980380882
 41
0.0
 46
0.0
 71
4
 72
5
  1
X13
  7
PDF 맑은 고딕
 11
9311.94945308291
 21
0.0
 31
0.0
  0
MTEXT
  5
F1E
330
1F
100
AcDbEntity
  8
PDF_문자
100
AcDbMText
 10
18730.367230198186
 20
8439.861487881732
 30
0.0
 40
792.0010980380882
 41
0.0
 46
0.0
 71
4
 72
5
  1
X1
  7
PDF 맑은 고딕
 11
9311.94945308291
 21
0.0
 31
0.0
  0
MTEXT
  5
F1F
330
1F
100
AcDbEntity
  8
PDF_문자
100
AcDbMText
 10
26226.69067456403
 20
8439.861487881732
 30
0.0
 40
792.0010980380882
 41
0.0
 46
0.0
 71
4
 72
5
  1
X2
  7
PDF 맑은 고딕
 11
9311.94945308291
 21
0.0
 31
0.0
  0
MTEXT
  5
F20
330
1F
100
AcDbEntity
  8
PDF_문자
100
AcDbMText
 10
33723.006225092526
 20
8439.861487881732
 30
0.0
 40
792.0010980380882
 41
0.0
 46
0.0
 71
4
 72
5
  1
X3
  7
PDF 맑은 고딕
 11
9311.94945308291
 21
0.0
 31
0.0
  0
MTEXT
  5
F21
330
1F
100
AcDbEntity
  8
PDF_문자
100
AcDbMText
 10
41219.32966945837
 20
8439.861487881732
 30
0.0
 40
792.0010980380882
 41
0.0
 46
0.0
 71
4
 72
5
  1
X4
  7
PDF 맑은 고딕
 11
9311.94945308291
 21
0.0
 31
0.0
  0
MTEXT
  5
F22
330
1F
100
AcDbEntity
  8
PDF_문자
100
AcDbMText
 10
48731.08161894274
 20
8439.861487881732
 30
0.0
 40
792.0010980380882
 41
0.0
 46
0.0
 71
4
 72
5
  1
X5
  7
PDF 맑은 고딕
 11
9311.94945308291
 21
0.0
 31
0.0
  0
MTEXT
  5
F23
330
1F
100
AcDbEntity
  8
PDF_문자
100
AcDbMText
 10
56226.29992607831
 20
8439.861487881732
 30
0.0
 40
792.0010980380882
 41
0.0
 46
0.0
 71
4
 72
5
  1
X6
  7
PDF 맑은 고딕
 11
9311.94945308291
 21
0.0
 31
0.0
  0
MTEXT
  5
F24
330
1F
100
AcDbEntity
  8
PDF_문자
100
AcDbMText
 10
63722.61942352548
 20
8439.861487881732
 30
0.0
 40
792.0010980380882
 41
0.0
 46
0.0
 71
4
 72
5
  1
X7
  7
PDF 맑은 고딕
 11
9311.94945308291
 21
0.0
 31
0.0
  0
MTEXT
  5
F25
330
1F
100
AcDbEntity
  8
PDF_문자
100
AcDbMText
 10
71218.94681481003
 20
8439.861487881732
 30
0.0
 40
792.0010980380882
 41
0.0
 46
0.0
 71
4
 72
5
  1
X8
  7
PDF 맑은 고딕
 11
9311.94945308291
 21
0.0
 31
0.0
  0
MTEXT
  5
F26
330
1F
100
AcDbEntity
  8
PDF_문자
100
AcDbMText
 10
78715.25841841979
 20
8439.861487881732
 30
0.0
 40
792.0010980380882
 41
0.0
 46
0.0
 71
4
 72
5
  1
X9
  7
PDF 맑은 고딕
 11
9311.94945308291
 21
0.0
 31
0.0
  0
MTEXT
  5
F27
330
1F
100
AcDbEntity
  8
PDF_문자
100
AcDbMText
 10
86211.58580970431
 20
8439.861487881732
 30
0.0
 40
792.0010980380882
 41
0.0
 46
0.0
 71
4
 72
5
  1
X10
  7
PDF 맑은 고딕
 11
9311.94945308291
 21
0.0
 31
0.0
  0
MTEXT
  5
F28
330
1F
100
AcDbEntity
  8
PDF_문자
100
AcDbMText
 10
93706.80016992123
 20
8439.861487881732
 30
0.0
 40
792.0010980380882
 41
0.0
 46
0.0
 71
4
 72
5
  1
X11
  7
PDF 맑은 고딕
 11
9311.94945308291
 21
0.0
 31
0.0
  0
MTEXT
  5
F29
330
1F
100
AcDbEntity
  8
PDF_문자
100
AcDbMText
 10
101203.12756120578
 20
8439.861487881732
 30
0.0
 40
792.0010980380882
 41
0.0
 46
0.0
 71
4
 72
5
  1
X12
  7
PDF 맑은 고딕
 11
9311.94945308291
 21
0.0
 31
0.0
  0
MTEXT
  5
F2A
330
1F
100
AcDbEntity
  8
PDF_문자
100
AcDbMText
 10
108699.44705865298
 20
8439.861487881732
 30
0.0
 40
792.0010980380882
 41
0.0
 46
0.0
 71
4
 72
5
  1
X13
  7
PDF 맑은 고딕
 11
9311.94945308291
 21
0.0
 31
0.0
  0
MTEXT
  5
F2B
330
1F
100
AcDbEntity
  8
PDF_문자
100
AcDbMText
 10
18730.367230198186
 20
105423.72489411756
 30
0.0
 40
792.0010980380882
 41
0.0
 46
0.0
 71
4
 72
5
  1
X1
  7
PDF 맑은 고딕
 11
9311.94945308291
 21
0.0
 31
0.0
  0
MTEXT
  5
F2C
330
1F
100
AcDbEntity
  8
PDF_문자
100
AcDbMText
 10
26226.69067456403
 20
105423.72489411756
 30
0.0
 40
792.0010980380882
 41
0.0
 46
0.0
 71
4
 72
5
  1
X2
  7
PDF 맑은 고딕
 11
9311.94945308291
 21
0.0
 31
0.0
  0
MTEXT
  5
F2D
330
1F
100
AcDbEntity
  8
PDF_문자
100
AcDbMText
 10
33723.006225092526
 20
105423.72489411756
 30
0.0
 40
792.0010980380882
 41
0.0
 46
0.0
 71
4
 72
5
  1
X3
  7
PDF 맑은 고딕
 11
9311.94945308291
 21
0.0
 31
0.0
  0
MTEXT
  5
F2E
330
1F
100
AcDbEntity
  8
PDF_문자
100
AcDbMText
 10
41219.32966945837
 20
105423.72489411756
 30
0.0
 40
792.0010980380882
 41
0.0
 46
0.0
 71
4
 72
5
  1
X4
  7
PDF 맑은 고딕
 11
9311.94945308291
 21
0.0
 31
0.0
  0
MTEXT
  5
F2F
330
1F
100
AcDbEntity
  8
PDF_문자
100
AcDbMText
 10
21959.053276907478
 20
13419.364151859547
 30
0.0
 40
591.2118475342514
 41
0.0
 46
0.0
 71
4
 72
5
  1
7,500
  7
PDF 맑은 고딕
 11
9311.94945308291
 21
0.0
 31
0.0
  0
MTEXT
  5
F30
330
1F
100
AcDbEntity
  8
PDF_문자
100
AcDbMText
 10
29454.997817080075
 20
13419.364151859547
 30
0.0
 40
591.2118475342514
 41
0.0
 46
0.0
 71
4
 72
5
  1
7,500
  7
PDF 맑은 고딕
 11
9311.94945308291
 21
0.0
 31
0.0
  0
MTEXT
  5
F31
330
1F
100
AcDbEntity
  8
PDF_문자
100
AcDbMText
 10
36950.946304171375
 20
13419.364151859547
 30
0.0
 40
591.2118475342514
 41
0.0
 46
0.0
 71
4
 72
5
  1
7,500
  7
PDF 맑은 고딕
 11
9311.94945308291
 21
0.0
 31
0.0
  0
MTEXT
  5
F32
330
1F
100
AcDbEntity
  8
PDF_문자
100
AcDbMText
 10
42196.385441672275
 20
13419.364151859547
 30
0.0
 40
591.2118475342514
 41
0.0
 46
0.0
 71
4
 72
5
  1
3,000
  7
PDF 맑은 고딕
 11
9311.94945308291
 21
0.0
 31
0.0
  0
MTEXT
  5
F33
330
1F
100
AcDbEntity
  8
PDF_문자
100
AcDbMText
 10
21959.053276907478
 20
101262.53194633091
 30
0.0
 40
591.2118475342514
 41
0.0
 46
0.0
 71
4
 72
5
  1
7,500
  7
PDF 맑은 고딕
 11
9311.94945308291
 21
0.0
 31
0.0
  0
MTEXT
  5
F34
330
1F
100
AcDbEntity
  8
PDF_문자
100
AcDbMText
 10
29454.997817080075
 20
101262.53194633091
 30
0.0
 40
591.2118475342514
 41
0.0
 46
0.0
 71
4
 72
5
  1
7,500
  7
PDF 맑은 고딕
 11
9311.94945308291
 21
0.0
 31
0.0
  0
MTEXT
  5
F35
330
1F
100
AcDbEntity
  8
PDF_문자
100
AcDbMText
 10
36950.946304171375
 20
101262.53194633091
 30
0.0
 40
591.2118475342514
 41
0.0
 46
0.0
 71
4
 72
5
  1
7,500
  7
PDF 맑은 고딕
 11
9311.94945308291
 21
0.0
 31
0.0
  0
MTEXT
  5
F36
330
1F
100
AcDbEntity
  8
PDF_문자
100
AcDbMText
 10
42196.385441672275
 20
101262.53194633091
 30
0.0
 40
591.2118475342514
 41
0.0
 46
0.0
 71
4
 72
5
  1
3,000
  7
PDF 맑은 고딕
 11
9311.94945308291
 21
0.0
 31
0.0
  0
MTEXT
  5
F37
330
1F
100
AcDbEntity
  8
PDF_문자
100
AcDbMText
 10
30711.866442164886
 20
102860.76167417609
 30
0.0
 40
591.2118475342514
 41
0.0
 46
0.0
 71
4
 72
5
  1
25,500
  7
PDF 맑은 고딕
 11
9311.94945308291
 21
0.0
 31
0.0
  0
MTEXT
  5
F38
330
1F
100
AcDbEntity
  8
PDF_문자
100
AcDbMText
 10
57748.0344229944
 20
2263.634332388392
 30
0.0
 40
792.0010980380882
 41
0.0
 46
0.0
 71
4
 72
5
  1
A
  7
PDF 맑은 고딕
 11
9311.94945308291
 21
0.0
 31
0.0
  0
MTEXT
  5
F39
330
1F
100
AcDbEntity
  8
PDF_문자
100
AcDbMText
 10
66423.40904375825
 20
2294.4873957067466
 30
0.0
 40
792.0010980380882
 41
0.0
 46
0.0
 71
4
 72
5
  1
축척=A1:1/200, A3:1/400
  7
PDF 맑은 고딕
 11
9311.94945308291
 21
0.0
 31
0.0
  0
MTEXT
  5
F3A
330
1F
100
AcDbEntity
  8
PDF_문자
100
AcDbMText
 10
58710.00901893362
 20
4249.281757066165
 30
0.0
 40
792.0010980380882
 41
0.0
 46
0.0
 71
4
 72
5
  1
1
  7
PDF 맑은 고딕
 11
9311.94945308291
 21
0.0
 31
0.0
  0
MTEXT
  5
F3B
330
1F
100
AcDbEntity
  8
PDF_문자
100
AcDbMText
 10
64747.06584832525
 20
4355.54662213612
 30
0.0
 40
1438.9867917630263
 41
0.0
 46
0.0
 71
4
 72
5
  1
지하 1층 평면도
  7
PDF 맑은 고딕
 11
9311.94945308291
 21
0.0
 31
0.0
  0
MTEXT
  5
F3C
330
1F
100
AcDbEntity
  8
PDF_문자
100
AcDbMText
 10
87794.32388173211
 20
35517.31423809975
 30
0.0
 40
390.42259703041475
 41
0.0
 46
0.0
 71
4
 72
5
  1
B114
  7
PDF 맑은 고딕
 11
9311.94945308291
 21
0.0
 31
0.0
  0
MTEXT
  5
F3D
330
1F
100
AcDbEntity
  8
PDF_문자
100
AcDbMText
 10
86614.50305619162
 20
34912.194374197694
 30
0.0
 40
390.42259703041475
 41
0.0
 46
0.0
 71
4
 72
5
  1
CLEAN ROOM
  7
PDF 맑은 고딕
 11
9311.94945308291
 21
0.0
 31
0.0
  0
MTEXT
  5
F3E
330
1F
100
AcDbEntity
  8
PDF_문자
100
AcDbMText
 10
87033.85527206074
 20
34307.07056337695
 30
0.0
 40
390.42259703041475
 41
0.0
 46
0.0
 71
4
 72
5
  1
공동실험팀
  7
PDF 맑은 고딕
 11
9311.94945308291
 21
0.0
 31
0.0
  0
MTEXT
  5
F3F
330
1F
100
AcDbEntity
  8
PDF_문자
100
AcDbMText
 10
87747.60815224056
 20
33717.16212406601
 30
0.0
 40
390.42259703041475
 41
0.0
 46
0.0
 71
4
 72
5
  1
37.56
  7
PDF 맑은 고딕
 11
9311.94945308291
 21
0.0
 31
0.0
  0
MTEXT
  5
F40
330
1F
100
AcDbEntity
  8
PDF_문자
100
AcDbMText
 10
87577.05390225809
 20
33112.03831324529
 30
0.0
 40
390.42259703041475
 41
0.0
 46
0.0
 71
4
 72
5
  1
강윤찬
  7
PDF 맑은 고딕
 11
9311.94945308291
 21
0.0
 31
0.0
  0
MTEXT
  5
F41
330
1F
100
AcDbEntity
  8
PDF_문자
100
AcDbMText
 10
106681.82959267047
 20
25103.686042224515
 30
0.0
 40
390.42259703041475
 41
0.0
 46
0.0
 71
4
 72
5
  1
B113
  7
PDF 맑은 고딕
 11
9311.94945308291
 21
0.0
 31
0.0
  0
MTEXT
  5
F42
330
1F
100
AcDbEntity
  8
PDF_문자
100
AcDbMText
 10
105378.15445896443
 20
24498.56420486312
 30
0.0
 40
390.42259703041475
 41
0.0
 46
0.0
 71
4
 72
5
  1
TEM시편준비실
  7
PDF 맑은 고딕
 11
9311.94945308291
 21
0.0
 31
0.0
  0
MTEXT
  5
F43
330
1F
100
AcDbEntity
  8
PDF_문자
100
AcDbMText
 10
105921.35308916173
 20
23908.65379209286
 30
0.0
 40
390.42259703041475
 41
0.0
 46
0.0
 71
4
 72
5
  1
공동실험팀
  7
PDF 맑은 고딕
 11
9311.94945308291
 21
0.0
 31
0.0
  0
MTEXT
  5
F44
330
1F
100
AcDbEntity
  8
PDF_문자
100
AcDbMText
 10
106635.11386317886
 20
23303.53195473145
 30
0.0
 40
390.42259703041475
 41
0.0
 46
0.0
 71
4
 72
5
  1
25.50
  7
PDF 맑은 고딕
 11
9311.94945308291
 21
0.0
 31
0.0
  0
MTEXT
  5
F45
330
1F
100
AcDbEntity
  8
PDF_문자
100
AcDbMText
 10
106480.29992489055
 20
22697.865442592265
 30
0.0
 40
390.42259703041475
 41
0.0
 46
0.0
 71
4
 72
5
  1
강윤찬
  7
PDF 맑은 고딕
 11
9311.94945308291
 21
0.0
 31
0.0
  0
MTEXT
  5
F46
330
1F
100
AcDbEntity
  8
PDF_문자
100
AcDbMText
 10
84053.86851827112
 20
36293.53894714008
 30
0.0
 40
390.42259703041475
 41
0.0
 46
0.0
 71
4
 72
5
  1
B147
  7
PDF 맑은 고딕
 11
9311.94945308291
 21
0.0
 31
0.0
  0
MTEXT
  5
F47
330
1F
100
AcDbEntity
  8
PDF_문자
100
AcDbMText
 10
83836.5906449597
 20
35703.630507829155
 30
0.0
 40
390.42259703041475
 41
0.0
 46
0.0
 71
4
 72
5
  1
화장실
  7
PDF 맑은 고딕
 11
9311.94945308291
 21
0.0
 31
0.0
  0
MTEXT
  5
F48
330
1F
100
AcDbEntity
  8
PDF_문자
100
AcDbMText
 10
83991.94925802566
 20
35098.512617386434
 30
0.0
 40
390.42259703041475
 41
0.0
 46
0.0
 71
4
 72
5
  1
20.29
  7
PDF 맑은 고딕
 11
9311.94945308291
 21
0.0
 31
0.0
  0
MTEXT
  5
F49
330
1F
100
AcDbEntity
  8
PDF_문자
100
AcDbMText
 10
65709.56143753017
 20
60318.6046407694
 30
0.0
 40
390.42259703041475
 41
0.0
 46
0.0
 71
4
 72
5
  1
B163
  7
PDF 맑은 고딕
 11
9311.94945308291
 21
0.0
 31
0.0
  0
MTEXT
  5
F4A
330
1F
100
AcDbEntity
  8
PDF_문자
100
AcDbMText
 10
64933.33672848983
 20
59712.942075548875
 30
0.0
 40
390.42259703041475
 41
0.0
 46
0.0
 71
4
 72
5
  1
중앙감시실
  7
PDF 맑은 고딕
 11
9311.94945308291
 21
0.0
 31
0.0
  0
MTEXT
  5
F4B
330
1F
100
AcDbEntity
  8
PDF_문자
100
AcDbMText
 10
65647.09750250696
 20
59123.56647025972
 30
0.0
 40
390.42259703041475
 41
0.0
 46
0.0
 71
4
 72
5
  1
27.51
  7
PDF 맑은 고딕
 11
9311.94945308291
 21
0.0
 31
0.0
  0
MTEXT
  5
F4C
330
1F
100
AcDbEntity
  8
PDF_문자
100
AcDbMText
 10
65212.541755884056
 20
58517.903905039224
 30
0.0
 40
390.42259703041475
 41
0.0
 46
0.0
 71
4
 72
5
  1
관리처장
  7
PDF 맑은 고딕
 11
9311.94945308291
 21
0.0
 31
0.0
  0
MTEXT
  5
F4D
330
1F
100
AcDbEntity
  8
PDF_문자
100
AcDbMText
 10
69356.59323584526
 20
33329.31618655673
 30
0.0
 40
390.42259703041475
 41
0.0
 46
0.0
 71
4
 72
5
  1
995A
  7
PDF 맑은 고딕
 11
9311.94945308291
 21
0.0
 31
0.0
  0
MTEXT
  5
F4E
330
1F
100
AcDbEntity
  8
PDF_문자
100
AcDbMText
 10
69123.55926316492
 20
32739.40774724581
 30
0.0
 40
390.42259703041475
 41
0.0
 46
0.0
 71
4
 72
5
  1
ELEV실
  7
PDF 맑은 고딕
 11
9311.94945308291
 21
0.0
 31
0.0
  0
MTEXT
  5
F4F
330
1F
100
AcDbEntity
  8
PDF_문자
100
AcDbMText
 10
69325.62571188521
 20
32134.28393642506
 30
0.0
 40
390.42259703041475
 41
0.0
 46
0.0
 71
4
 72
5
  1
12.78
  7
PDF 맑은 고딕
 11
9311.94945308291
 21
0.0
 31
0.0
  0
MTEXT
  5
F50
330
1F
100
AcDbEntity
  8
PDF_문자
100
AcDbMText
 10
60075.53236834884
 20
69412.8085106773
 30
0.0
 40
390.42259703041475
 41
0.0
 46
0.0
 71
4
 72
5
  1
B165
  7
PDF 맑은 고딕
 11
9311.94945308291
 21
0.0
 31
0.0
  0
MTEXT
  5
F51
330
1F
100
AcDbEntity
  8
PDF_문자
100
AcDbMText
 10
60153.1998341258
 20
68823.43882576615
 30
0.0
 40
390.42259703041475
 41
0.0
 46
0.0
 71
4
 72
5
  1
전실
  7
PDF 맑은 고딕
 11
9311.94945308291
 21
0.0
 31
0.0
  0
MTEXT
  5
F52
330
1F
100
AcDbEntity
  8
PDF_문자
100
AcDbMText
 10
60028.80874501982
 20
68217.77626054565
 30
0.0
 40
390.42259703041475
 41
0.0
 46
0.0
 71
4
 72
5
  1
25.38
  7
PDF 맑은 고딕
 11
9311.94945308291
 21
0.0
 31
0.0
  0
MTEXT
  5
F53
330
1F
100
AcDbEntity
  8
PDF_문자
100
AcDbMText
 10
52672.833781981564
 20
27741.99593975937
 30
0.0
 40
390.42259703041475
 41
0.0
 46
0.0
 71
4
 72
5
  1
B104
  7
PDF 맑은 고딕
 11
9311.94945308291
 21
0.0
 31
0.0
  0
MTEXT
  5
F54
330
1F
100
AcDbEntity
  8
PDF_문자
100
AcDbMText
 10
51834.68191885848
 20
27136.87015547927
 30
0.0
 40
390.42259703041475
 41
0.0
 46
0.0
 71
4
 72
5
  1
3D프린터실
  7
PDF 맑은 고딕
 11
9311.94945308291
 21
0.0
 31
0.0
  0
MTEXT
  5
F55
330
1F
100
AcDbEntity
  8
PDF_문자
100
AcDbMText
 10
51896.609072941224
 20
26546.959742709012
 30
0.0
 40
390.42259703041475
 41
0.0
 46
0.0
 71
4
 72
5
  1
공동실험팀
  7
PDF 맑은 고딕
 11
9311.94945308291
 21
0.0
 31
0.0
  0
MTEXT
  5
F56
330
1F
100
AcDbEntity
  8
PDF_문자
100
AcDbMText
 10
52626.12594632727
 20
25941.837905347616
 30
0.0
 40
390.42259703041475
 41
0.0
 46
0.0
 71
4
 72
5
  1
73.88
  7
PDF 맑은 고딕
 11
9311.94945308291
 21
0.0
 31
0.0
  0
MTEXT
  5
F57
330
1F
100
AcDbEntity
  8
PDF_문자
100
AcDbMText
 10
52455.55590867011
 20
25336.71606798622
 30
0.0
 40
390.42259703041475
 41
0.0
 46
0.0
 71
4
 72
5
  1
강윤찬
  7
PDF 맑은 고딕
 11
9311.94945308291
 21
0.0
 31
0.0
  0
MTEXT
  5
F58
330
1F
100
AcDbEntity
  8
PDF_문자
100
AcDbMText
 10
51772.217983835246
 20
34151.71984414827
 30
0.0
 40
390.42259703041475
 41
0.0
 46
0.0
 71
4
 72
5
  1
B103
  7
PDF 맑은 고딕
 11
9311.94945308291
 21
0.0
 31
0.0
  0
MTEXT
  5
F59
330
1F
100
AcDbEntity
  8
PDF_문자
100
AcDbMText
 10
51477.80153184988
 20
33561.80548445932
 30
0.0
 40
390.42259703041475
 41
0.0
 46
0.0
 71
4
 72
5
  1
ARES실
  7
PDF 맑은 고딕
 11
9311.94945308291
 21
0.0
 31
0.0
  0
MTEXT
  5
F5A
330
1F
100
AcDbEntity
  8
PDF_문자
100
AcDbMText
 10
51011.7414803265
 20
32956.68562055726
 30
0.0
 40
390.42259703041475
 41
0.0
 46
0.0
 71
4
 72
5
  1
공동실험팀
  7
PDF 맑은 고딕
 11
9311.94945308291
 21
0.0
 31
0.0
  0
MTEXT
  5
F5B
330
1F
100
AcDbEntity
  8
PDF_문자
100
AcDbMText
 10
51726.03903528406
 20
32351.56180973653
 30
0.0
 40
390.42259703041475
 41
0.0
 46
0.0
 71
4
 72
5
  1
64.13
  7
PDF 맑은 고딕
 11
9311.94945308291
 21
0.0
 31
0.0
  0
MTEXT
  5
F5C
330
1F
100
AcDbEntity
  8
PDF_문자
100
AcDbMText
 10
51570.688316055384
 20
31761.653370425607
 30
0.0
 40
390.42259703041475
 41
0.0
 46
0.0
 71
4
 72
5
  1
강윤찬
  7
PDF 맑은 고딕
 11
9311.94945308291
 21
0.0
 31
0.0
  0
MTEXT
  5
F5D
330
1F
100
AcDbEntity
  8
PDF_문자
100
AcDbMText
 10
73019.36534585459
 20
25103.686042224515
 30
0.0
 40
390.42259703041475
 41
0.0
 46
0.0
 71
4
 72
5
  1
B107
  7
PDF 맑은 고딕
 11
9311.94945308291
 21
0.0
 31
0.0
  0
MTEXT
  5
F5E
330
1F
100
AcDbEntity
  8
PDF_문자
100
AcDbMText
 10
72988.40571573189
 20
24498.56420486312
 30
0.0
 40
390.42259703041475
 41
0.0
 46
0.0
 71
4
 72
5
  1
FIB실
  7
PDF 맑은 고딕
 11
9311.94945308291
 21
0.0
 31
0.0
  0
MTEXT
  5
F5F
330
1F
100
AcDbEntity
  8
PDF_문자
100
AcDbMText
 10
72258.88884234584
 20
23908.65379209286
 30
0.0
 40
390.42259703041475
 41
0.0
 46
0.0
 71
4
 72
5
  1
공동실험팀
  7
PDF 맑은 고딕
 11
9311.94945308291
 21
0.0
 31
0.0
  0
MTEXT
  5
F60
330
1F
100
AcDbEntity
  8
PDF_문자
100
AcDbMText
 10
72972.65751020033
 20
23303.53195473145
 30
0.0
 40
390.42259703041475
 41
0.0
 46
0.0
 71
4
 72
5
  1
31.28
  7
PDF 맑은 고딕
 11
9311.94945308291
 21
0.0
 31
0.0
  0
MTEXT
  5
F61
330
1F
100
AcDbEntity
  8
PDF_문자
100
AcDbMText
 10
72817.2988971343
 20
22697.865442592265
 30
0.0
 40
390.42259703041475
 41
0.0
 46
0.0
 71
4
 72
5
  1
강윤찬
  7
PDF 맑은 고딕
 11
9311.94945308291
 21
0.0
 31
0.0
  0
MTEXT
  5
F62
330
1F
100
AcDbEntity
  8
PDF_문자
100
AcDbMText
 10
83867.55027508245
 20
70064.64607753034
 30
0.0
 40
390.42259703041475
 41
0.0
 46
0.0
 71
4
 72
5
  1
B160
  7
PDF 맑은 고딕
 11
9311.94945308291
 21
0.0
 31
0.0
  0
MTEXT
  5
F63
330
1F
100
AcDbEntity
  8
PDF_문자
100
AcDbMText
 10
83650.28029560832
 20
69459.52424016895
 30
0.0
 40
390.42259703041475
 41
0.0
 46
0.0
 71
4
 72
5
  1
기계실
  7
PDF 맑은 고딕
 11
9311.94945308291
 21
0.0
 31
0.0
  0
MTEXT
  5
F64
330
1F
100
AcDbEntity
  8
PDF_문자
100
AcDbMText
 10
83510.66988807385
 20
68854.4102966449
 30
0.0
 40
390.42259703041475
 41
0.0
 46
0.0
 71
4
 72
5
  1
1681.02
  7
PDF 맑은 고딕
 11
9311.94945308291
 21
0.0
 31
0.0
  0
MTEXT
  5
F65
330
1F
100
AcDbEntity
  8
PDF_문자
100
AcDbMText
 10
83371.06737437671
 20
68264.49199003729
 30
0.0
 40
390.42259703041475
 41
0.0
 46
0.0
 71
4
 72
5
  1
관리처장
  7
PDF 맑은 고딕
 11
9311.94945308291
 21
0.0
 31
0.0
  0
MTEXT
  5
F66
330
1F
100
AcDbEntity
  8
PDF_문자
100
AcDbMText
 10
73251.85464375721
 20
30271.662953719795
 30
0.0
 40
390.42259703041475
 41
0.0
 46
0.0
 71
4
 72
5
  1
B100-1
  7
PDF 맑은 고딕
 11
9311.94945308291
 21
0.0
 31
0.0
  0
MTEXT
  5
F67
330
1F
100
AcDbEntity
  8
PDF_문자
100
AcDbMText
 10
73593.52360617464
 20
29682.29326880865
 30
0.0
 40
390.42259703041475
 41
0.0
 46
0.0
 71
4
 72
5
  1
복도
  7
PDF 맑은 고딕
 11
9311.94945308291
 21
0.0
 31
0.0
  0
MTEXT
  5
F68
330
1F
100
AcDbEntity
  8
PDF_문자
100
AcDbMText
 10
73314.32647261776
 20
29076.63070358814
 30
0.0
 40
390.42259703041475
 41
0.0
 46
0.0
 71
4
 72
5
  1
112.62
  7
PDF 맑은 고딕
 11
9311.94945308291
 21
0.0
 31
0.0
  0
MTEXT
  5
F69
330
1F
100
AcDbEntity
  8
PDF_문자
100
AcDbMText
 10
106681.82959267047
 20
35517.31423809975
 30
0.0
 40
390.42259703041475
 41
0.0
 46
0.0
 71
4
 72
5
  1
B116
  7
PDF 맑은 고딕
 11
9311.94945308291
 21
0.0
 31
0.0
  0
MTEXT
  5
F6A
330
1F
100
AcDbEntity
  8
PDF_문자
100
AcDbMText
 10
105657.35948635863
 20
34912.194374197694
 30
0.0
 40
390.42259703041475
 41
0.0
 46
0.0
 71
4
 72
5
  1
Yellow Room
  7
PDF 맑은 고딕
 11
9311.94945308291
 21
0.0
 31
0.0
  0
MTEXT
  5
F6B
330
1F
100
AcDbEntity
  8
PDF_문자
100
AcDbMText
 10
105921.35308916173
 20
34307.07056337695
 30
0.0
 40
390.42259703041475
 41
0.0
 46
0.0
 71
4
 72
5
  1
공동실험팀
  7
PDF 맑은 고딕
 11
9311.94945308291
 21
0.0
 31
0.0
  0
MTEXT
  5
F6C
330
1F
100
AcDbEntity
  8
PDF_문자
100
AcDbMText
 10
106635.11386317886
 20
33717.16212406601
 30
0.0
 40
390.42259703041475
 41
0.0
 46
0.0
 71
4
 72
5
  1
34.36
  7
PDF 맑은 고딕
 11
9311.94945308291
 21
0.0
 31
0.0
  0
MTEXT
  5
F6D
330
1F
100
AcDbEntity
  8
PDF_문자
100
AcDbMText
 10
106480.29992489055
 20
33112.03831324529
 30
0.0
 40
390.42259703041475
 41
0.0
 46
0.0
 71
4
 72
5
  1
강윤찬
  7
PDF 맑은 고딕
 11
9311.94945308291
 21
0.0
 31
0.0
  0
MTEXT
  5
F6E
330
1F
100
AcDbEntity
  8
PDF_문자
100
AcDbMText
 10
66981.73226633573
 20
25103.686042224515
 30
0.0
 40
390.42259703041475
 41
0.0
 46
0.0
 71
4
 72
5
  1
B106
  7
PDF 맑은 고딕
 11
9311.94945308291
 21
0.0
 31
0.0
  0
MTEXT
  5
F6F
330
1F
100
AcDbEntity
  8
PDF_문자
100
AcDbMText
 10
66764.45439302431
 20
24498.56420486312
 30
0.0
 40
390.42259703041475
 41
0.0
 46
0.0
 71
4
 72
5
  1
사무실
  7
PDF 맑은 고딕
 11
9311.94945308291
 21
0.0
 31
0.0
  0
MTEXT
  5
F70
330
1F
100
AcDbEntity
  8
PDF_문자
100
AcDbMText
 10
66206.04433823585
 20
23908.65379209286
 30
0.0
 40
390.42259703041475
 41
0.0
 46
0.0
 71
4
 72
5
  1
공동실험팀
  7
PDF 맑은 고딕
 11
9311.94945308291
 21
0.0
 31
0.0
  0
MTEXT
  5
F71
330
1F
100
AcDbEntity
  8
PDF_문자
100
AcDbMText
 10
66919.80511225296
 20
23303.53195473145
 30
0.0
 40
390.42259703041475
 41
0.0
 46
0.0
 71
4
 72
5
  1
51.00
  7
PDF 맑은 고딕
 11
9311.94945308291
 21
0.0
 31
0.0
  0
MTEXT
  5
F72
330
1F
100
AcDbEntity
  8
PDF_문자
100
AcDbMText
 10
66764.45439302431
 20
22697.865442592265
 30
0.0
 40
390.42259703041475
 41
0.0
 46
0.0
 71
4
 72
5
  1
강윤찬
  7
PDF 맑은 고딕
 11
9311.94945308291
 21
0.0
 31
0.0
  0
MTEXT
  5
F73
330
1F
100
AcDbEntity
  8
PDF_문자
100
AcDbMText
 10
59982.637690306015
 20
35471.14120992655
 30
0.0
 40
390.42259703041475
 41
0.0
 46
0.0
 71
4
 72
5
  1
B102
  7
PDF 맑은 고딕
 11
9311.94945308291
 21
0.0
 31
0.0
  0
MTEXT
  5
F74
330
1F
100
AcDbEntity
  8
PDF_문자
100
AcDbMText
 10
58927.2000600341
 20
34881.22882369697
 30
0.0
 40
390.42259703041475
 41
0.0
 46
0.0
 71
4
 72
5
  1
열환경실험실
  7
PDF 맑은 고딕
 11
9311.94945308291
 21
0.0
 31
0.0
  0
MTEXT
  5
F75
330
1F
100
AcDbEntity
  8
PDF_문자
100
AcDbMText
 10
59206.412981265676
 20
34276.108959794896
 30
0.0
 40
390.42259703041475
 41
0.0
 46
0.0
 71
4
 72
5
  1
공동실험팀
  7
PDF 맑은 고딕
 11
9311.94945308291
 21
0.0
 31
0.0
  0
MTEXT
  5
F76
330
1F
100
AcDbEntity
  8
PDF_문자
100
AcDbMText
 10
59935.921960814376
 20
33670.4463945744
 30
0.0
 40
390.42259703041475
 41
0.0
 46
0.0
 71
4
 72
5
  1
72.15
  7
PDF 맑은 고딕
 11
9311.94945308291
 21
0.0
 31
0.0
  0
MTEXT
  5
F77
330
1F
100
AcDbEntity
  8
PDF_문자
100
AcDbMText
 10
59765.35192315721
 20
33081.076709663226
 30
0.0
 40
390.42259703041475
 41
0.0
 46
0.0
 71
4
 72
5
  1
강윤찬
  7
PDF 맑은 고딕
 11
9311.94945308291
 21
0.0
 31
0.0
  0
MTEXT
  5
F78
330
1F
100
AcDbEntity
  8
PDF_문자
100
AcDbMText
 10
80499.73139799885
 20
33639.480844073674
 30
0.0
 40
390.42259703041475
 41
0.0
 46
0.0
 71
4
 72
5
  1
997B
  7
PDF 맑은 고딕
 11
9311.94945308291
 21
0.0
 31
0.0
  0
MTEXT
  5
F79
330
1F
100
AcDbEntity
  8
PDF_문자
100
AcDbMText
 10
80282.45352468743
 20
33050.111159162516
 30
0.0
 40
390.42259703041475
 41
0.0
 46
0.0
 71
4
 72
5
  1
계단실
  7
PDF 맑은 고딕
 11
9311.94945308291
 21
0.0
 31
0.0
  0
MTEXT
  5
F7A
330
1F
100
AcDbEntity
  8
PDF_문자
100
AcDbMText
 10
80437.8121377534
 20
32444.448593942005
 30
0.0
 40
390.42259703041475
 41
0.0
 46
0.0
 71
4
 72
5
  1
29.53
  7
PDF 맑은 고딕
 11
9311.94945308291
 21
0.0
 31
0.0
  0
MTEXT
  5
F7B
330
1F
100
AcDbEntity
  8
PDF_문자
100
AcDbMText
 10
92434.85826239902
 20
28859.348883358012
 30
0.0
 40
390.42259703041475
 41
0.0
 46
0.0
 71
4
 72
5
  1
B109
  7
PDF 맑은 고딕
 11
9311.94945308291
 21
0.0
 31
0.0
  0
MTEXT
  5
F7C
330
1F
100
AcDbEntity
  8
PDF_문자
100
AcDbMText
 10
91394.63995055568
 20
28254.23099291529
 30
0.0
 40
390.42259703041475
 41
0.0
 46
0.0
 71
4
 72
5
  1
전자현미경실
  7
PDF 맑은 고딕
 11
9311.94945308291
 21
0.0
 31
0.0
  0
MTEXT
  5
F7D
330
1F
100
AcDbEntity
  8
PDF_문자
100
AcDbMText
 10
91674.38175889033
 20
27664.316633226343
 30
0.0
 40
390.42259703041475
 41
0.0
 46
0.0
 71
4
 72
5
  1
공동실험팀
  7
PDF 맑은 고딕
 11
9311.94945308291
 21
0.0
 31
0.0
  0
MTEXT
  5
F7E
330
1F
100
AcDbEntity
  8
PDF_문자
100
AcDbMText
 10
92232.79181367873
 20
27059.194795864947
 30
0.0
 40
390.42259703041475
 41
0.0
 46
0.0
 71
4
 72
5
  1
115.29
  7
PDF 맑은 고딕
 11
9311.94945308291
 21
0.0
 31
0.0
  0
MTEXT
  5
F7F
330
1F
100
AcDbEntity
  8
PDF_문자
100
AcDbMText
 10
92232.79181367873
 20
26469.280436176
 30
0.0
 40
390.42259703041475
 41
0.0
 46
0.0
 71
4
 72
5
  1
강윤찬
  7
PDF 맑은 고딕
 11
9311.94945308291
 21
0.0
 31
0.0
  0
MTEXT
  5
F80
330
1F
100
AcDbEntity
  8
PDF_문자
100
AcDbMText
 10
57576.817090673765
 20
46878.28086872059
 30
0.0
 40
390.42259703041475
 41
0.0
 46
0.0
 71
4
 72
5
  1
B161
  7
PDF 맑은 고딕
 11
9311.94945308291
 21
0.0
 31
0.0
  0
MTEXT
  5
F81
330
1F
100
AcDbEntity
  8
PDF_문자
100
AcDbMText
 10
57095.54561455922
 20
46272.618303500094
 30
0.0
 40
390.42259703041475
 41
0.0
 46
0.0
 71
4
 72
5
  1
가바나실
  7
PDF 맑은 고딕
 11
9311.94945308291
 21
0.0
 31
0.0
  0
MTEXT
  5
F82
330
1F
100
AcDbEntity
  8
PDF_문자
100
AcDbMText
 10
57530.101361182125
 20
45667.49449267935
 30
0.0
 40
390.42259703041475
 41
0.0
 46
0.0
 71
4
 72
5
  1
63.33
  7
PDF 맑은 고딕
 11
9311.94945308291
 21
0.0
 31
0.0
  0
MTEXT
  5
F83
330
1F
100
AcDbEntity
  8
PDF_문자
100
AcDbMText
 10
57095.54561455922
 20
45077.586053368424
 30
0.0
 40
390.42259703041475
 41
0.0
 46
0.0
 71
4
 72
5
  1
관리처장
  7
PDF 맑은 고딕
 11
9311.94945308291
 21
0.0
 31
0.0
  0
MTEXT
  5
F84
330
1F
100
AcDbEntity
  8
PDF_문자
100
AcDbMText
 10
77380.1500243495
 20
34260.35483388531
 30
0.0
 40
390.42259703041475
 41
0.0
 46
0.0
 71
4
 72
5
  1
995B
  7
PDF 맑은 고딕
 11
9311.94945308291
 21
0.0
 31
0.0
  0
MTEXT
  5
F85
330
1F
100
AcDbEntity
  8
PDF_문자
100
AcDbMText
 10
77116.7010963242
 20
33655.23496998326
 30
0.0
 40
390.42259703041475
 41
0.0
 46
0.0
 71
4
 72
5
  1
ELEV실
  7
PDF 맑은 고딕
 11
9311.94945308291
 21
0.0
 31
0.0
  0
MTEXT
  5
F86
330
1F
100
AcDbEntity
  8
PDF_문자
100
AcDbMText
 10
77318.2307641041
 20
33050.111159162516
 30
0.0
 40
390.42259703041475
 41
0.0
 46
0.0
 71
4
 72
5
  1
14.53
  7
PDF 맑은 고딕
 11
9311.94945308291
 21
0.0
 31
0.0
  0
MTEXT
  5
F87
330
1F
100
AcDbEntity
  8
PDF_문자
100
AcDbMText
 10
98146.03380409167
 20
26050.476842003343
 30
0.0
 40
390.42259703041475
 41
0.0
 46
0.0
 71
4
 72
5
  1
B111
  7
PDF 맑은 고딕
 11
9311.94945308291
 21
0.0
 31
0.0
  0
MTEXT
  5
F88
330
1F
100
AcDbEntity
  8
PDF_문자
100
AcDbMText
 10
97369.80909505136
 20
25460.566429233084
 30
0.0
 40
390.42259703041475
 41
0.0
 46
0.0
 71
4
 72
5
  1
시편준비실
  7
PDF 맑은 고딕
 11
9311.94945308291
 21
0.0
 31
0.0
  0
MTEXT
  5
F89
330
1F
100
AcDbEntity
  8
PDF_문자
100
AcDbMText
 10
97369.80909505136
 20
24855.444591871674
 30
0.0
 40
390.42259703041475
 41
0.0
 46
0.0
 71
4
 72
5
  1
공동실험팀
  7
PDF 맑은 고딕
 11
9311.94945308291
 21
0.0
 31
0.0
  0
MTEXT
  5
F8A
330
1F
100
AcDbEntity
  8
PDF_문자
100
AcDbMText
 10
98084.11454384621
 20
24250.322754510278
 30
0.0
 40
390.42259703041475
 41
0.0
 46
0.0
 71
4
 72
5
  1
20.09
  7
PDF 맑은 고딕
 11
9311.94945308291
 21
0.0
 31
0.0
  0
MTEXT
  5
F8B
330
1F
100
AcDbEntity
  8
PDF_문자
100
AcDbMText
 10
97928.74803694281
 20
23660.41234174002
 30
0.0
 40
390.42259703041475
 41
0.0
 46
0.0
 71
4
 72
5
  1
강윤찬
  7
PDF 맑은 고딕
 11
9311.94945308291
 21
0.0
 31
0.0
  0
MTEXT
  5
F8C
330
1F
100
AcDbEntity
  8
PDF_문자
100
AcDbMText
 10
59656.716933420146
 20
26282.966139905933
 30
0.0
 40
390.42259703041475
 41
0.0
 46
0.0
 71
4
 72
5
  1
B105
  7
PDF 맑은 고딕
 11
9311.94945308291
 21
0.0
 31
0.0
  0
MTEXT
  5
F8D
330
1F
100
AcDbEntity
  8
PDF_문자
100
AcDbMText
 10
59004.883313485785
 20
25677.844302544538
 30
0.0
 40
390.42259703041475
 41
0.0
 46
0.0
 71
4
 72
5
  1
E-BEAM실
  7
PDF 맑은 고딕
 11
9311.94945308291
 21
0.0
 31
0.0
  0
MTEXT
  5
F8E
330
1F
100
AcDbEntity
  8
PDF_문자
100
AcDbMText
 10
58880.492224379836
 20
25072.722465183127
 30
0.0
 40
390.42259703041475
 41
0.0
 46
0.0
 71
4
 72
5
  1
공동실험팀
  7
PDF 맑은 고딕
 11
9311.94945308291
 21
0.0
 31
0.0
  0
MTEXT
  5
F8F
330
1F
100
AcDbEntity
  8
PDF_문자
100
AcDbMText
 10
59610.001203928536
 20
24482.812052412868
 30
0.0
 40
390.42259703041475
 41
0.0
 46
0.0
 71
4
 72
5
  1
65.42
  7
PDF 맑은 고딕
 11
9311.94945308291
 21
0.0
 31
0.0
  0
MTEXT
  5
F90
330
1F
100
AcDbEntity
  8
PDF_문자
100
AcDbMText
 10
59439.43906010869
 20
23877.690215051472
 30
0.0
 40
390.42259703041475
 41
0.0
 46
0.0
 71
4
 72
5
  1
강윤찬
  7
PDF 맑은 고딕
 11
9311.94945308291
 21
0.0
 31
0.0
  0
MTEXT
  5
F91
330
1F
100
AcDbEntity
  8
PDF_문자
100
AcDbMText
 10
102506.81848258658
 20
26050.476842003343
 30
0.0
 40
390.42259703041475
 41
0.0
 46
0.0
 71
4
 72
5
  1
B112
  7
PDF 맑은 고딕
 11
9311.94945308291
 21
0.0
 31
0.0
  0
MTEXT
  5
F92
330
1F
100
AcDbEntity
  8
PDF_문자
100
AcDbMText
 10
102305.296708644
 20
25460.566429233084
 30
0.0
 40
390.42259703041475
 41
0.0
 46
0.0
 71
4
 72
5
  1
TEM실
  7
PDF 맑은 고딕
 11
9311.94945308291
 21
0.0
 31
0.0
  0
MTEXT
  5
F93
330
1F
100
AcDbEntity
  8
PDF_문자
100
AcDbMText
 10
101731.13055448666
 20
24855.444591871674
 30
0.0
 40
390.42259703041475
 41
0.0
 46
0.0
 71
4
 72
5
  1
공동실험팀
  7
PDF 맑은 고딕
 11
9311.94945308291
 21
0.0
 31
0.0
  0
MTEXT
  5
F94
330
1F
100
AcDbEntity
  8
PDF_문자
100
AcDbMText
 10
102444.89922234112
 20
24250.322754510278
 30
0.0
 40
390.42259703041475
 41
0.0
 46
0.0
 71
4
 72
5
  1
22.66
  7
PDF 맑은 고딕
 11
9311.94945308291
 21
0.0
 31
0.0
  0
MTEXT
  5
F95
330
1F
100
AcDbEntity
  8
PDF_문자
100
AcDbMText
 10
102289.54060927506
 20
23660.41234174002
 30
0.0
 40
390.42259703041475
 41
0.0
 46
0.0
 71
4
 72
5
  1
강윤찬
  7
PDF 맑은 고딕
 11
9311.94945308291
 21
0.0
 31
0.0
  0
MTEXT
  5
F96
330
1F
100
AcDbEntity
  8
PDF_문자
100
AcDbMText
 10
65724.77286212133
 20
36138.1882279114
 30
0.0
 40
390.42259703041475
 41
0.0
 46
0.0
 71
4
 72
5
  1
B101
  7
PDF 맑은 고딕
 11
9311.94945308291
 21
0.0
 31
0.0
  0
MTEXT
  5
F97
330
1F
100
AcDbEntity
  8
PDF_문자
100
AcDbMText
 10
64126.15238932682
 20
35533.06836400933
 30
0.0
 40
390.42259703041475
 41
0.0
 46
0.0
 71
4
 72
5
  1
열환경쳄버제어실
  7
PDF 맑은 고딕
 11
9311.94945308291
 21
0.0
 31
0.0
  0
MTEXT
  5
F98
330
1F
100
AcDbEntity
  8
PDF_문자
100
AcDbMText
 10
64964.3042524499
 20
34927.944553188594
 30
0.0
 40
390.42259703041475
 41
0.0
 46
0.0
 71
4
 72
5
  1
공동실험팀
  7
PDF 맑은 고딕
 11
9311.94945308291
 21
0.0
 31
0.0
  0
MTEXT
  5
F99
330
1F
100
AcDbEntity
  8
PDF_문자
100
AcDbMText
 10
65678.05713262966
 20
34338.03611387767
 30
0.0
 40
390.42259703041475
 41
0.0
 46
0.0
 71
4
 72
5
  1
25.45
  7
PDF 맑은 고딕
 11
9311.94945308291
 21
0.0
 31
0.0
  0
MTEXT
  5
F9A
330
1F
100
AcDbEntity
  8
PDF_문자
100
AcDbMText
 10
65523.25108817876
 20
33732.912303056924
 30
0.0
 40
390.42259703041475
 41
0.0
 46
0.0
 71
4
 72
5
  1
강윤찬
  7
PDF 맑은 고딕
 11
9311.94945308291
 21
0.0
 31
0.0
  0
MTEXT
  5
F9B
330
1F
100
AcDbEntity
  8
PDF_문자
100
AcDbMText
 10
78544.23053819574
 20
26577.923319750415
 30
0.0
 40
390.42259703041475
 41
0.0
 46
0.0
 71
4
 72
5
  1
B108
  7
PDF 맑은 고딕
 11
9311.94945308291
 21
0.0
 31
0.0
  0
MTEXT
  5
F9C
330
1F
100
AcDbEntity
  8
PDF_문자
100
AcDbMText
 10
78357.91229500707
 20
25972.801482389004
 30
0.0
 40
390.42259703041475
 41
0.0
 46
0.0
 71
4
 72
5
  1
XRD실
  7
PDF 맑은 고딕
 11
9311.94945308291
 21
0.0
 31
0.0
  0
MTEXT
  5
F9D
330
1F
100
AcDbEntity
  8
PDF_문자
100
AcDbMText
 10
77783.74614084965
 20
25367.679645027594
 30
0.0
 40
390.42259703041475
 41
0.0
 46
0.0
 71
4
 72
5
  1
공동실험팀
  7
PDF 맑은 고딕
 11
9311.94945308291
 21
0.0
 31
0.0
  0
MTEXT
  5
F9E
330
1F
100
AcDbEntity
  8
PDF_문자
100
AcDbMText
 10
78497.50691486678
 20
24777.769232257335
 30
0.0
 40
390.42259703041475
 41
0.0
 46
0.0
 71
4
 72
5
  1
56.81
  7
PDF 맑은 고딕
 11
9311.94945308291
 21
0.0
 31
0.0
  0
MTEXT
  5
F9F
330
1F
100
AcDbEntity
  8
PDF_문자
100
AcDbMText
 10
78342.70087041594
 20
24172.64739489594
 30
0.0
 40
390.42259703041475
 41
0.0
 46
0.0
 71
4
 72
5
  1
강윤찬
  7
PDF 맑은 고딕
 11
9311.94945308291
 21
0.0
 31
0.0
  0
MTEXT
  5
FA0
330
1F
100
AcDbEntity
  8
PDF_문자
100
AcDbMText
 10
97323.63014650009
 20
35517.31423809975
 30
0.0
 40
390.42259703041475
 41
0.0
 46
0.0
 71
4
 72
5
  1
B115
  7
PDF 맑은 고딕
 11
9311.94945308291
 21
0.0
 31
0.0
  0
MTEXT
  5
FA1
330
1F
100
AcDbEntity
  8
PDF_문자
100
AcDbMText
 10
96128.59789636846
 20
34912.194374197694
 30
0.0
 40
390.42259703041475
 41
0.0
 46
0.0
 71
4
 72
5
  1
CLEAN ROOM
  7
PDF 맑은 고딕
 11
9311.94945308291
 21
0.0
 31
0.0
  0
MTEXT
  5
FA2
330
1F
100
AcDbEntity
  8
PDF_문자
100
AcDbMText
 10
96547.4054374598
 20
34307.07056337695
 30
0.0
 40
390.42259703041475
 41
0.0
 46
0.0
 71
4
 72
5
  1
공동실험팀
  7
PDF 맑은 고딕
 11
9311.94945308291
 21
0.0
 31
0.0
  0
MTEXT
  5
FA3
330
1F
100
AcDbEntity
  8
PDF_문자
100
AcDbMText
 10
97106.35227318866
 20
33717.16212406601
 30
0.0
 40
390.42259703041475
 41
0.0
 46
0.0
 71
4
 72
5
  1
139.13
  7
PDF 맑은 고딕
 11
9311.94945308291
 21
0.0
 31
0.0
  0
MTEXT
  5
FA4
330
1F
100
AcDbEntity
  8
PDF_문자
100
AcDbMText
 10
97106.35227318866
 20
33112.03831324529
 30
0.0
 40
390.42259703041475
 41
0.0
 46
0.0
 71
4
 72
5
  1
강윤찬
  7
PDF 맑은 고딕
 11
9311.94945308291
 21
0.0
 31
0.0
  0
MTEXT
  5
FA5
330
1F
100
AcDbEntity
  8
PDF_문자
100
AcDbMText
 10
55202.50079594199
 20
80835.69637500294
 30
0.0
 40
390.42259703041475
 41
0.0
 46
0.0
 71
4
 72
5
  1
B166
  7
PDF 맑은 고딕
 11
9311.94945308291
 21
0.0
 31
0.0
  0
MTEXT
  5
FA6
330
1F
100
AcDbEntity
  8
PDF_문자
100
AcDbMText
 10
55000.4343472217
 20
80245.78596223265
 30
0.0
 40
390.42259703041475
 41
0.0
 46
0.0
 71
4
 72
5
  1
탱크실
  7
PDF 맑은 고딕
 11
9311.94945308291
 21
0.0
 31
0.0
  0
MTEXT
  5
FA7
330
1F
100
AcDbEntity
  8
PDF_문자
100
AcDbMText
 10
55000.4343472217
 20
79640.66412487125
 30
0.0
 40
390.42259703041475
 41
0.0
 46
0.0
 71
4
 72
5
  1
204.75
  7
PDF 맑은 고딕
 11
9311.94945308291
 21
0.0
 31
0.0
  0
MTEXT
  5
FA8
330
1F
100
AcDbEntity
  8
PDF_문자
100
AcDbMText
 10
54721.22931982744
 20
79035.55018134721
 30
0.0
 40
390.42259703041475
 41
0.0
 46
0.0
 71
4
 72
5
  1
관리처장
  7
PDF 맑은 고딕
 11
9311.94945308291
 21
0.0
 31
0.0
  0
MTEXT
  5
FA9
330
1F
100
AcDbEntity
  8
PDF_문자
100
AcDbMText
 10
53401.80598058981
 20
69723.52178989071
 30
0.0
 40
390.42259703041475
 41
0.0
 46
0.0
 71
4
 72
5
  1
B164
  7
PDF 맑은 고딕
 11
9311.94945308291
 21
0.0
 31
0.0
  0
MTEXT
  5
FAA
330
1F
100
AcDbEntity
  8
PDF_문자
100
AcDbMText
 10
52921.079179253065
 20
69118.39600561064
 30
0.0
 40
390.42259703041475
 41
0.0
 46
0.0
 71
4
 72
5
  1
발전기실
  7
PDF 맑은 고딕
 11
9311.94945308291
 21
0.0
 31
0.0
  0
MTEXT
  5
FAB
330
1F
100
AcDbEntity
  8
PDF_문자
100
AcDbMText
 10
53355.63492587597
 20
68512.73344039015
 30
0.0
 40
390.42259703041475
 41
0.0
 46
0.0
 71
4
 72
5
  1
71.41
  7
PDF 맑은 고딕
 11
9311.94945308291
 21
0.0
 31
0.0
  0
MTEXT
  5
FAC
330
1F
100
AcDbEntity
  8
PDF_문자
100
AcDbMText
 10
52921.079179253065
 20
67923.36375547896
 30
0.0
 40
390.42259703041475
 41
0.0
 46
0.0
 71
4
 72
5
  1
관리처장
  7
PDF 맑은 고딕
 11
9311.94945308291
 21
0.0
 31
0.0
  0
MTEXT
  5
FAD
330
1F
100
AcDbEntity
  8
PDF_문자
100
AcDbMText
 10
55155.79296028773
 20
58347.34176121938
 30
0.0
 40
390.42259703041475
 41
0.0
 46
0.0
 71
4
 72
5
  1
B162
  7
PDF 맑은 고딕
 11
9311.94945308291
 21
0.0
 31
0.0
  0
MTEXT
  5
FAE
330
1F
100
AcDbEntity
  8
PDF_문자
100
AcDbMText
 10
54938.51508697627
 20
57742.22189731732
 30
0.0
 40
390.42259703041475
 41
0.0
 46
0.0
 71
4
 72
5
  1
전기실
  7
PDF 맑은 고딕
 11
9311.94945308291
 21
0.0
 31
0.0
  0
MTEXT
  5
FAF
330
1F
100
AcDbEntity
  8
PDF_문자
100
AcDbMText
 10
54954.263292507836
 20
57152.307537628374
 30
0.0
 40
390.42259703041475
 41
0.0
 46
0.0
 71
4
 72
5
  1
206.93
  7
PDF 맑은 고딕
 11
9311.94945308291
 21
0.0
 31
0.0
  0
MTEXT
  5
FB0
330
1F
100
AcDbEntity
  8
PDF_문자
100
AcDbMText
 10
54674.51359033583
 20
56547.18964718567
 30
0.0
 40
390.42259703041475
 41
0.0
 46
0.0
 71
4
 72
5
  1
관리처장
  7
PDF 맑은 고딕
 11
9311.94945308291
 21
0.0
 31
0.0
  0
MTEXT
  5
FB1
330
1F
100
AcDbEntity
  8
PDF_문자
100
AcDbMText
 10
93132.878724722
 20
22209.96807674437
 30
0.0
 40
245.4086111411663
 41
0.0
 46
0.0
 71
4
 72
5
  1
B110
  7
PDF 맑은 고딕
 11
9311.94945308291
 21
0.0
 31
0.0
  0
MTEXT
  5
FB2
330
1F
100
AcDbEntity
  8
PDF_문자
100
AcDbMText
 10
92651.78880686667
 20
21837.45789176462
 30
0.0
 40
245.4086111411663
 41
0.0
 46
0.0
 71
4
 72
5
  1
전해연마실
  7
PDF 맑은 고딕
 11
9311.94945308291
 21
0.0
 31
0.0
  0
MTEXT
  5
FB3
330
1F
100
AcDbEntity
  8
PDF_문자
100
AcDbMText
 10
92651.78880686667
 20
21464.947706784886
 30
0.0
 40
245.4086111411663
 41
0.0
 46
0.0
 71
4
 72
5
  1
공동실험팀
  7
PDF 맑은 고딕
 11
9311.94945308291
 21
0.0
 31
0.0
  0
MTEXT
  5
FB4
330
1F
100
AcDbEntity
  8
PDF_문자
100
AcDbMText
 10
93102.14012204534
 20
21092.441468723824
 30
0.0
 40
245.4086111411663
 41
0.0
 46
0.0
 71
4
 72
5
  1
45.30
  7
PDF 맑은 고딕
 11
9311.94945308291
 21
0.0
 31
0.0
  0
MTEXT
  5
FB5
330
1F
100
AcDbEntity
  8
PDF_문자
100
AcDbMText
 10
92993.2209541634
 20
20704.56592932443
 30
0.0
 40
245.4086111411663
 41
0.0
 46
0.0
 71
4
 72
5
  1
강윤찬
  7
PDF 맑은 고딕
 11
9311.94945308291
 21
0.0
 31
0.0
  0
MTEXT
  5
FB6
330
1F
100
AcDbEntity
  8
PDF_문자
100
AcDbMText
 10
48916.66573525708
 20
45964.59879628551
 30
0.0
 40
591.2118475342514
 41
0.0
 46
0.0
 71
4
 72
5
  1
012400
  7
PDF 맑은 고딕
 11
9311.94945308291
 21
0.0
 31
0.0
  0
MTEXT
  5
FB7
330
1F
100
AcDbEntity
  8
PDF_문자
100
AcDbMText
 10
49382.23242194553
 20
45064.719098472975
 30
0.0
 40
591.2118475342514
 41
0.0
 46
0.0
 71
4
 72
5
  1
BF01
  7
PDF 맑은 고딕
 11
9311.94945308291
 21
0.0
 31
0.0
  0
MTEXT
  5
FB8
330
1F
100
AcDbEntity
  8
PDF_문자
100
AcDbMText
 10
48823.71580035273
 20
44164.84334757907
 30
0.0
 40
591.2118475342514
 41
0.0
 46
0.0
 71
4
 72
5
  1
3350.09
  7
PDF 맑은 고딕
 11
9311.94945308291
 21
0.0
 31
0.0
  0
LWPOLYLINE
  5
FB9
330
1F
100
AcDbEntity
  8
PDF_형상
370
5
100
AcDbPolyline
 90
3
 70
0
 10
82781.2399004505
 20
31374.19615401199
 42
0.7860062040416604
 10
81136.13258105215
 20
31001.71765855814
 42
0.7916206356193597
 10
79491.01737236303
 20
31374.196154012134
  0
CIRCLE
  5
FC7
330
1F
100
AcDbEntity
  8
0
 62
1
100
AcDbCircle
 10
-1666.5535413444304
 20
-1161.390840088934
 30
0.0
 40
750.0
  0
CIRCLE
  5
FC8
330
1F
100
AcDbEntity
  8
0
 62
1
100
AcDbCircle
 10
-1666.5535413444304
 20
-1161.390840088934
 30
0.0
 40
350.0
  0
LINE
  5
FC9
330
1F
100
AcDbEntity
  8
0
 62
1
100
AcDbLine
 10
-2166.5535413444304
 20
-1161.390840088934
 30
0.0
 11
-1166.5535413444304
 21
-1161.390840088934
 31
0.0
  0
LINE
  5
FCA
330
1F
100
AcDbEntity
  8
0
 62
1
100
AcDbLine
 10
-1666.5535413444304
 20
-1661.390840088934
 30
0.0
 11
-1666.5535413444304
 21
-661.390840088934
 31
0.0
  0
TEXT
  5
FCB
330
1F
100
AcDbEntity
  8
0
 62
1
100
AcDbText
 10
-896.5535413444304
 20
-1161.390840088934
 30
0.0
 40
500.0
  1
(0,0) 원점
100
AcDbText
  0
ENDSEC
  0
SECTION
  2
OBJECTS
  0
DICTIONARY
  5
C
330
0
100
AcDbDictionary
281
1
  3
ACAD_CIP_PREVIOUS_PRODUCT_INFO
350
216
  3
ACAD_COLOR
350
6B
  3
ACAD_DETAILVIEWSTYLE
350
21B
  3
ACAD_GROUP
350
D
  3
ACAD_LAST_SAVED_VERSION_INFO
350
FBB
  3
ACAD_LAYOUT
350
1A
  3
ACAD_MATERIAL
350
6A
  3
ACAD_MLEADERSTYLE
350
12D
  3
ACAD_MLINESTYLE
350
17
  3
ACAD_PLOTSETTINGS
350
19
  3
ACAD_PLOTSTYLENAME
350
E
  3
ACAD_SCALELIST
350
10C
  3
ACAD_SECTIONVIEWSTYLE
350
219
  3
ACAD_TABLESTYLE
350
7E
  3
ACAD_VISUALSTYLE
350
EF
  3
ACDB_RECOMPOSE_DATA
350
FC1
  3
AcDbVariableDictionary
350
5E
  3
ASE_INDEX_DICTIONARY
350
FBD
  3
EZDXF_META
350
FC5
  0
DICTIONARY
  5
1FF
330
2
100
AcDbDictionary
281
1
  3
ACAD_LAYERSTATES
360
200
  0
DICTIONARY
  5
13C
330
10
100
AcDbDictionary
281
1
  0
DICTIONARY
  5
1CE
330
1F
100
AcDbDictionary
281
1
  0
XRECORD
  5
216
102
{ACAD_REACTORS
330
C
102
}
330
C
100
AcDbXrecord
280
1
300
ACD
300
2026
300

  0
DICTIONARY
  5
6B
102
{ACAD_REACTORS
330
C
102
}
330
C
100
AcDbDictionary
281
1
  0
DICTIONARY
  5
21B
102
{ACAD_REACTORS
330
C
102
}
330
C
100
AcDbDictionary
281
1
  3
Metric50
350
21C
  0
DICTIONARY
  5
D
102
{ACAD_REACTORS
330
C
102
}
330
C
100
AcDbDictionary
281
1
  0
XRECORD
  5
FBB
102
{ACAD_REACTORS
330
C
102
}
330
C
100
AcDbXrecord
280
1
300
{4DF2455C-2C34-3E43-B787-18D64C4D29E6}
301
{EC19C483-34F5-004C-9C1E-6529FFD9082A}
302
{4DF2455C-2C34-3E43-B787-18D64C4D29E6}
303
C:\Users\user\OneDrive\Desktop\BlueprintPreprocess\EngineeringBuilding\PreProcessing\_OriginalProcessing\B1F.dxf
  0
DICTIONARY
  5
1A
102
{ACAD_REACTORS
330
C
102
}
330
C
100
AcDbDictionary
281
1
  3
Model
350
22
  3
배치1
350
D3
  3
배치2
350
D7
  0
DICTIONARY
  5
6A
102
{ACAD_REACTORS
330
C
102
}
330
C
100
AcDbDictionary
281
1
  3
ByBlock
350
ED
  3
ByLayer
350
EC
  3
Global
350
EE
  0
DICTIONARY
  5
12D
102
{ACAD_REACTORS
330
C
102
}
330
C
100
AcDbDictionary
281
1
  3
Standard
350
12E
  3
주석
350
13B
  0
DICTIONARY
  5
17
102
{ACAD_REACTORS
330
C
102
}
330
C
100
AcDbDictionary
281
1
  3
Standard
350
18
  0
DICTIONARY
  5
19
102
{ACAD_REACTORS
330
C
102
}
330
C
100
AcDbDictionary
281
1
  0
ACDBDICTIONARYWDFLT
  5
E
102
{ACAD_REACTORS
330
C
102
}
330
C
100
AcDbDictionary
281
1
  3
Normal
350
F
100
AcDbDictionaryWithDefault
340
F
  0
DICTIONARY
  5
10C
102
{ACAD_REACTORS
330
C
102
}
330
C
100
AcDbDictionary
281
1
  3
A0
350
10D
  3
A1
350
1BE
  3
A2
350
1BF
  3
A3
350
1C0
  3
A4
350
1C1
  3
A5
350
1C2
  3
A6
350
1C3
  3
A7
350
1C4
  3
A8
350
1C5
  3
A9
350
1C6
  3
B0
350
1C7
  3
B1
350
1C8
  3
B2
350
1C9
  3
B3
350
1CA
  3
B4
350
1CB
  3
B5
350
1CC
  3
B6
350
1CD
  0
DICTIONARY
  5
219
102
{ACAD_REACTORS
330
C
102
}
330
C
100
AcDbDictionary
281
1
  3
Metric50
350
21A
  0
DICTIONARY
  5
7E
102
{ACAD_REACTORS
330
C
102
}
330
C
100
AcDbDictionary
281
1
  3
Standard
350
7F
  0
DICTIONARY
  5
EF
102
{ACAD_REACTORS
330
C
102
}
330
C
100
AcDbDictionary
281
1
  3
2dWireframe
350
F5
  3
Basic
350
F4
  3
Brighten
350
FB
  3
ColorChange
350
FF
  3
Conceptual
350
F8
  3
Dim
350
FA
  3
EdgeColorOff
350
1E6
  3
Facepattern
350
FE
  3
Flat
350
F0
  3
FlatWithEdges
350
F1
  3
Gouraud
350
F2
  3
GouraudWithEdges
350
F3
  3
Hidden
350
F7
  3
JitterOff
350
1E4
  3
Linepattern
350
FD
  3
OverhangOff
350
1E5
  3
Realistic
350
F9
  3
Shaded
350
1F3
  3
Shaded with edges
350
1F2
  3
Shades of Gray
350
1EF
  3
Sketchy
350
1F0
  3
Thicken
350
FC
  3
Wireframe
350
F6
  3
X-Ray
350
1F1
  0
XRECORD
  5
FC1
102
{ACAD_REACTORS
330
C
102
}
330
C
100
AcDbXrecord
280
1
 90
1
330
7F
  0
DICTIONARY
  5
5E
102
{ACAD_REACTORS
330
C
102
}
330
C
100
AcDbDictionary
281
1
  3
CANNOSCALE
350
146
  3
CENTEREXE
350
259
  3
CENTERLTYPEFILE
350
25A
  3
CMLEADERSTYLE
350
145
  3
CTABLESTYLE
350
84
  3
CVIEWDETAILSTYLE
350
227
  3
CVIEWSECTIONSTYLE
350
228
  3
DIMASSOC
350
5F
  3
HIDETEXT
350
63
  3
LAYEREVAL
350
1AE
  3
LAYERNOTIFY
350
1AF
  0
DICTIONARY
  5
FBD
102
{ACAD_REACTORS
330
C
102
}
330
C
100
AcDbDictionary
281
1
  3
ASEBlockHierarchyIndexRecord
350
FBF
1001
DCO15
1040
-2135160866.0
  0
DICTIONARY
  5
200
102
{ACAD_REACTORS
330
1FF
102
}
330
1FF
100
AcDbDictionary
281
1
  0
ACDBDETAILVIEWSTYLE
  5
21C
102
{ACAD_REACTORS
330
21B
102
}
330
21B
100
AcDbModelDocViewStyle
 70
0
  3
Metric50
290
0
300
Metric50
 90
0
100
AcDbDetailViewStyle
 70
0
 71
0
 90
3
 71
1
340
11
 62
256
 40
5.0
340
0
 62
256
 40
5.0
300

 40
0.0
280
1
 71
2
340
16
 90
25
 62
256
 71
3
340
11
 62
256
 40
5.0
 90
0
 40
15.0
 90
1
300
%<\AcVar ViewDetailId>% (%<\AcVar ViewScale \f "%sn">%)
 71
4
340
16
 90
25
 62
256
340
16
 90
25
 62
256
280
0
  0
LAYOUT
  5
22
102
{ACAD_XDICTIONARY
360
205
102
}
102
{ACAD_REACTORS
330
1A
102
}
330
1A
100
AcDbPlotSettings
  1

  2
none_device
  4
ISO_A4_(210.00_x_297.00_MM)
  6

 40
7.5
 41
20.0
 42
7.5
 43
20.0
 44
210.0
 45
297.0
 46
11.54999923706054
 47
-13.65000009536743
 48
0.0
 49
0.0
140
0.0
141
0.0
142
1.0
143
8.704084754739808
 70
11952
 72
1
 73
0
 74
0
  7

 75
0
 76
0
 77
2
 78
300
147
0.1148885871608098
148
0.0
149
0.0
100
AcDbLayout
  1
Model
 70
1
 71
0
 10
0.0
 20
0.0
 11
12.0
 21
9.0
 12
0.0
 22
0.0
 32
0.0
 14
0.0
 24
0.0
 34
0.0
 15
0.0
 25
0.0
 35
0.0
146
0.0
 13
0.0
 23
0.0
 33
0.0
 16
1.0
 26
0.0
 36
0.0
 17
0.0
 27
1.0
 37
0.0
 76
0
330
1F
331
EA
1001
ACAD_PSEXT
1000
None
1000
None
1000
Not applicable
1000
The layout will not be plotted unless a new plotter configuration name is selected.
1070
0
  0
LAYOUT
  5
D3
102
{ACAD_REACTORS
330
1A
102
}
330
1A
100
AcDbPlotSettings
  1

  2
C:\Documents and Settings\basas\Application Data\Autodesk\AutoCAD 2005\R16.1\enu\plotters\Default Windows System Printer.pc3
  4

  6

 40
0.0
 41
0.0
 42
0.0
 43
0.0
 44
0.0
 45
0.0
 46
0.0
 47
0.0
 48
0.0
 49
0.0
140
0.0
141
0.0
142
1.0
143
1.0
 70
688
 72
0
 73
0
 74
5
  7

 75
16
 76
0
 77
2
 78
300
147
1.0
148
0.0
149
0.0
100
AcDbLayout
  1
배치1
 70
1
 71
1
 10
0.0
 20
0.0
 11
12.0
 21
9.0
 12
0.0
 22
0.0
 32
0.0
 14
0.0
 24
0.0
 34
0.0
 15
0.0
 25
0.0
 35
0.0
146
0.0
 13
0.0
 23
0.0
 33
0.0
 16
1.0
 26
0.0
 36
0.0
 17
0.0
 27
1.0
 37
0.0
 76
0
330
D2
  0
LAYOUT
  5
D7
102
{ACAD_REACTORS
330
1A
102
}
330
1A
100
AcDbPlotSettings
  1

  2
C:\Documents and Settings\basas\Application Data\Autodesk\AutoCAD 2005\R16.1\enu\plotters\Default Windows System Printer.pc3
  4

  6

 40
0.0
 41
0.0
 42
0.0
 43
0.0
 44
0.0
 45
0.0
 46
0.0
 47
0.0
 48
0.0
 49
0.0
140
0.0
141
0.0
142
1.0
143
1.0
 70
688
 72
0
 73
0
 74
5
  7

 75
16
 76
0
 77
2
 78
300
147
1.0
148
0.0
149
0.0
100
AcDbLayout
  1
배치2
 70
1
 71
2
 10
0.0
 20
0.0
 11
12.0
 21
9.0
 12
0.0
 22
0.0
 32
0.0
 14
0.0
 24
0.0
 34
0.0
 15
0.0
 25
0.0
 35
0.0
146
0.0
 13
0.0
 23
0.0
 33
0.0
 16
1.0
 26
0.0
 36
0.0
 17
0.0
 27
1.0
 37
0.0
 76
0
330
D6
  0
MATERIAL
  5
ED
102
{ACAD_XDICTIONARY
360
1F9
102
}
102
{ACAD_REACTORS
330
6A
102
}
330
6A
100
AcDbMaterial
  1
ByBlock
  2

 70
0
 40
1.0
 71
0
 41
1.0
 91
-1023410177
 42
1.0
 72
1
  3

 73
1
 74
1
 75
1
 44
0.5
 73
0
 45
1.0
 46
1.0
 77
1
  4

 78
1
 79
1
170
1
 48
1.0
171
1
  6

172
1
173
1
174
1
140
1.0
141
1.0
175
1
  7

176
1
177
1
178
1
143
1.0
179
1
  8

270
1
271
1
272
1
145
1.0
146
1.0
273
1
  9

274
1
275
1
276
1
 42
1.0
 72
1
  3

 73
1
 74
1
 75
1
 94
63
  0
MATERIAL
  5
EC
102
{ACAD_XDICTIONARY
360
1F7
102
}
102
{ACAD_REACTORS
330
6A
102
}
330
6A
100
AcDbMaterial
  1
ByLayer
  2

 70
0
 40
1.0
 71
0
 41
1.0
 91
-1023410177
 42
1.0
 72
1
  3

 73
1
 74
1
 75
1
 44
0.5
 73
0
 45
1.0
 46
1.0
 77
1
  4

 78
1
 79
1
170
1
 48
1.0
171
1
  6

172
1
173
1
174
1
140
1.0
141
1.0
175
1
  7

176
1
177
1
178
1
143
1.0
179
1
  8

270
1
271
1
272
1
145
1.0
146
1.0
273
1
  9

274
1
275
1
276
1
 42
1.0
 72
1
  3

 73
1
 74
1
 75
1
 94
63
  0
MATERIAL
  5
EE
102
{ACAD_XDICTIONARY
360
173
102
}
102
{ACAD_REACTORS
330
6A
102
}
330
6A
100
AcDbMaterial
  1
Global
  2

 70
0
 40
1.0
 71
0
 41
1.0
 91
-1023410177
 42
1.0
 72
1
  3

 73
1
 74
1
 75
1
 43
0.0007999999797903
 43
0.0
 43
0.0
 43
0.0
 43
0.0
 43
0.0007999999797903
 43
0.0
 43
0.0
 43
0.0
 43
0.0
 43
1.0
 43
0.0
 43
0.0
 43
0.0
 43
0.0
 43
1.0
 44
0.5
 73
0
 45
1.0
 46
1.0
 77
1
  4

 78
1
 79
1
170
1
 48
1.0
171
1
  6

172
1
173
1
174
1
 49
0.0007999999797903
 49
0.0
 49
0.0
 49
0.0
 49
0.0
 49
0.0007999999797903
 49
0.0
 49
0.0
 49
0.0
 49
0.0
 49
1.0
 49
0.0
 49
0.0
 49
0.0
 49
0.0
 49
1.0
140
1.0
141
1.0
175
1
  7

176
1
177
1
178
1
142
0.0007999999797903
142
0.0
142
0.0
142
0.0
142
0.0
142
0.0007999999797903
142
0.0
142
0.0
142
0.0
142
0.0
142
1.0
142
0.0
142
0.0
142
0.0
142
0.0
142
1.0
143
1.0
179
1
  8

270
1
271
1
272
1
144
0.0007999999797903
144
0.0
144
0.0
144
0.0
144
0.0
144
0.0007999999797903
144
0.0
144
0.0
144
0.0
144
0.0
144
1.0
144
0.0
144
0.0
144
0.0
144
0.0
144
1.0
145
1.0
146
1.0
273
1
  9

274
1
275
1
276
1
 42
1.0
 72
1
  3

 73
1
 74
1
 75
1
 94
63
1001
ACAD
1070
-1
1070
3
1070
0
1000

1071
0
1070
0
  0
MLEADERSTYLE
  5
12E
102
{ACAD_REACTORS
330
12D
102
}
330
12D
100
AcDbMLeaderStyle
179
2
170
2
171
1
172
0
 90
2
 40
0.0
 41
0.0
173
1
 91
-1056964608
340
14
 92
-2
290
1
 42
2.0
291
1
 43
8.0
  3
Standard
 44
4.0
300

342
11
174
1
175
1
176
0
178
1
 93
-1056964608
 45
4.0
292
0
297
0
 46
4.0
293
1
 94
-1056964608
 47
1.0
 49
1.0
140
1.0
294
1
141
0.0
177
0
142
1.0
295
0
296
0
143
3.75
271
0
272
9
273
9
298
0
  0
MLEADERSTYLE
  5
13B
102
{ACAD_REACTORS
330
12D
102
}
330
12D
100
AcDbMLeaderStyle
179
2
170
2
171
1
172
0
 90
2
 40
0.0
 41
0.0
173
1
 91
-1056964608
340
14
 92
-2
290
1
 42
2.0
291
1
 43
8.0
  3
Standard
 44
4.0
300

342
11
174
1
175
1
176
0
178
1
 93
-1056964608
 45
4.0
292
0
297
0
 46
4.0
293
1
 94
-1056964608
 47
1.0
 49
1.0
140
1.0
294
1
141
0.0
177
0
142
1.0
295
0
296
1
143
3.75
271
0
272
9
273
9
298
0
  0
MLINESTYLE
  5
18
102
{ACAD_REACTORS
330
17
102
}
330
17
100
AcDbMlineStyle
  2
STANDARD
 70
0
  3

 62
256
 51
90.0
 52
90.0
 71
2
 49
0.5
 62
256
  6
BYLAYER
 49
-0.5
 62
256
  6
BYLAYER
  0
ACDBPLACEHOLDER
  5
F
102
{ACAD_REACTORS
330
E
102
}
330
E
  0
SCALE
  5
10D
102
{ACAD_REACTORS
330
10C
102
}
330
10C
100
AcDbScale
 70
0
300
1:1
140
1.0
141
1.0
290
1
  0
SCALE
  5
1BE
102
{ACAD_REACTORS
330
10C
102
}
330
10C
100
AcDbScale
 70
0
300
1:2
140
1.0
141
2.0
290
0
  0
SCALE
  5
1BF
102
{ACAD_REACTORS
330
10C
102
}
330
10C
100
AcDbScale
 70
0
300
1:4
140
1.0
141
4.0
290
0
  0
SCALE
  5
1C0
102
{ACAD_REACTORS
330
10C
102
}
330
10C
100
AcDbScale
 70
0
300
1:5
140
1.0
141
5.0
290
0
  0
SCALE
  5
1C1
102
{ACAD_REACTORS
330
10C
102
}
330
10C
100
AcDbScale
 70
0
300
1:8
140
1.0
141
8.0
290
0
  0
SCALE
  5
1C2
102
{ACAD_REACTORS
330
10C
102
}
330
10C
100
AcDbScale
 70
0
300
1:10
140
1.0
141
10.0
290
0
  0
SCALE
  5
1C3
102
{ACAD_REACTORS
330
10C
102
}
330
10C
100
AcDbScale
 70
0
300
1:16
140
1.0
141
16.0
290
0
  0
SCALE
  5
1C4
102
{ACAD_REACTORS
330
10C
102
}
330
10C
100
AcDbScale
 70
0
300
1:20
140
1.0
141
20.0
290
0
  0
SCALE
  5
1C5
102
{ACAD_REACTORS
330
10C
102
}
330
10C
100
AcDbScale
 70
0
300
1:30
140
1.0
141
30.0
290
0
  0
SCALE
  5
1C6
102
{ACAD_REACTORS
330
10C
102
}
330
10C
100
AcDbScale
 70
0
300
1:40
140
1.0
141
40.0
290
0
  0
SCALE
  5
1C7
102
{ACAD_REACTORS
330
10C
102
}
330
10C
100
AcDbScale
 70
0
300
1:50
140
1.0
141
50.0
290
0
  0
SCALE
  5
1C8
102
{ACAD_REACTORS
330
10C
102
}
330
10C
100
AcDbScale
 70
0
300
1:100
140
1.0
141
100.0
290
0
  0
SCALE
  5
1C9
102
{ACAD_REACTORS
330
10C
102
}
330
10C
100
AcDbScale
 70
0
300
2:1
140
2.0
141
1.0
290
0
  0
SCALE
  5
1CA
102
{ACAD_REACTORS
330
10C
102
}
330
10C
100
AcDbScale
 70
0
300
4:1
140
4.0
141
1.0
290
0
  0
SCALE
  5
1CB
102
{ACAD_REACTORS
330
10C
102
}
330
10C
100
AcDbScale
 70
0
300
8:1
140
8.0
141
1.0
290
0
  0
SCALE
  5
1CC
102
{ACAD_REACTORS
330
10C
102
}
330
10C
100
AcDbScale
 70
0
300
10:1
140
10.0
141
1.0
290
0
  0
SCALE
  5
1CD
102
{ACAD_REACTORS
330
10C
102
}
330
10C
100
AcDbScale
 70
0
300
100:1
140
100.0
141
1.0
290
0
  0
ACDBSECTIONVIEWSTYLE
  5
21A
102
{ACAD_REACTORS
330
219
102
}
330
219
100
AcDbModelDocViewStyle
 70
0
  3
Metric50
290
0
300
Metric50
 90
0
100
AcDbSectionViewStyle
 70
0
 71
0
 90
102
 71
1
340
11
 62
256
 40
5.0
340
0
340
0
 62
256
 40
5.0
300
I, O, Q, S, X, Z
 40
10.0
 90
0
 40
2.5
 90
0
 71
2
340
16
 90
25
 62
256
340
16
 90
50
 62
256
 40
5.0
 40
2.5
 40
5.0
 71
3
340
11
 62
256
 40
5.0
 90
0
 40
15.0
 90
1
300
%<\AcVar ViewSectionStartId>%-%<\AcVar ViewSectionEndId>% (%<\AcVar ViewScale \f "%sn">%)
 71
4
 62
256
 62
257
300
ANSI31
 40
1.0
 90
0
290
0
290
0
 90
6
 40
0.0
 40
1.570796326794896
 40
0.2617993877991494
 40
1.308996938995747
 40
-0.2617993877991494
 40
1.832595714594046
  0
TABLESTYLE
  5
7F
102
{ACAD_XDICTIONARY
360
162
102
}
102
{ACAD_REACTORS
330
7E
102
}
330
7E
100
AcDbTableStyle
280
0
  3
Standard
 70
0
 71
0
 40
1.5
 41
1.5
280
0
281
0
  7
Standard
140
4.5
170
2
 62
0
 63
7
283
0
 90
512
 91
0
  1

274
-2
284
1
 64
0
275
-2
285
1
 65
0
276
-2
286
1
 66
0
277
-2
287
1
 67
0
278
-2
288
1
 68
0
279
-2
289
1
 69
0
  7
Standard
140
6.0
170
5
 62
0
 63
7
283
0
 90
512
 91
0
  1

274
-2
284
1
 64
0
275
-2
285
1
 65
0
276
-2
286
1
 66
0
277
-2
287
1
 67
0
278
-2
288
1
 68
0
279
-2
289
1
 69
0
  7
Standard
140
4.5
170
5
 62
0
 63
7
283
0
 90
512
 91
0
  1

274
-2
284
1
 64
0
275
-2
285
1
 65
0
276
-2
286
1
 66
0
277
-2
287
1
 67
0
278
-2
288
1
 68
0
279
-2
289
1
 69
0
  0
VISUALSTYLE
  5
F5
102
{ACAD_REACTORS
330
EF
102
}
330
EF
100
AcDbVisualStyle
  2
2dWireframe
 70
4
177
3
291
0
 70
58
 90
0
176
1
 90
2
176
1
 90
1
176
1
 90
0
176
1
 40
0.6
176
1
 40
30.0
176
1
 62
7
420
16777215
176
1
 90
1
176
1
 90
4
176
1
 62
7
176
1
 62
257
176
1
 90
1
176
1
 90
1
176
1
 40
1.0
176
1
 90
0
176
1
 62
257
176
1
 40
1.0
176
1
 90
1
176
1
 90
6
176
1
 90
2
176
1
 62
7
176
1
 90
5
176
1
 90
0
176
1
 90
0
176
1
290
0
176
1
 90
1
176
1
 40
0.0
176
1
 90
0
176
1
290
1
176
1
290
1
176
1
290
0
176
1
290
0
176
1
290
0
176
1
290
0
176
1
290
0
176
1
290
0
176
1
290
0
176
1
 90
50
176
1
 40
0.0
176
1
 40
1.0
176
1
 90
0
176
1
 62
18
420
0
176
1
 90
50
176
1
 90
3
176
1
 62
5
420
255
176
1
290
0
176
1
 90
50
176
1
 90
50
176
1
 90
50
176
1
290
0
176
1
 90
50
176
1
 62
256
176
0
 40
1.0
176
0
 90
2
176
1
  1
strokes_ogs.tif
176
1
290
0
176
1
 40
1.0
176
1
 40
1.0
176
1
  0
VISUALSTYLE
  5
F4
102
{ACAD_REACTORS
330
EF
102
}
330
EF
100
AcDbVisualStyle
  2
Basic
 70
7
177
3
291
1
 70
58
 90
1
176
1
 90
0
176
1
 90
1
176
1
 90
0
176
1
 40
0.6
176
1
 40
30.0
176
1
 62
7
420
16777215
176
1
 90
0
176
1
 90
4
176
1
 62
7
176
1
 62
257
176
1
 90
1
176
1
 90
1
176
1
 40
1.0
176
1
 90
8
176
1
 62
7
176
1
 40
1.0
176
1
 90
1
176
1
 90
6
176
1
 90
2
176
1
 62
7
176
1
 90
5
176
1
 90
0
176
1
 90
0
176
1
290
0
176
1
 90
1
176
1
 40
0.0
176
1
 90
0
176
1
290
0
176
1
290
1
176
1
290
1
176
1
290
0
176
1
290
0
176
1
290
0
176
1
290
0
176
1
290
0
176
1
290
0
176
1
 90
50
176
1
 40
0.0
176
1
 40
1.0
176
1
 90
0
176
1
 62
18
420
0
176
1
 90
50
176
1
 90
3
176
1
 62
5
420
255
176
1
290
0
176
1
 90
50
176
1
 90
50
176
1
 90
50
176
1
290
0
176
1
 90
50
176
1
 62
256
176
0
 40
1.0
176
0
 90
2
176
1
  1
strokes_ogs.tif
176
1
290
0
176
1
 40
1.0
176
1
 40
1.0
176
1
  0
VISUALSTYLE
  5
FB
102
{ACAD_REACTORS
330
EF
102
}
330
EF
100
AcDbVisualStyle
  2
Brighten
 70
12
177
3
291
1
 70
58
 90
2
176
1
 90
2
176
1
 90
1
176
1
 90
0
176
1
 40
0.6
176
1
 40
30.0
176
1
 62
7
420
16777215
176
1
 90
1
176
1
 90
4
176
1
 62
7
176
1
 62
257
176
1
 90
1
176
1
 90
1
176
1
 40
1.0
176
1
 90
8
176
1
 62
7
176
1
 40
1.0
176
1
 90
1
176
1
 90
6
176
1
 90
2
176
1
 62
7
176
1
 90
5
176
1
 90
0
176
1
 90
0
176
1
290
0
176
1
 90
1
176
1
 40
50.0
176
1
 90
0
176
1
290
0
176
1
290
1
176
1
290
1
176
1
290
0
176
1
290
0
176
1
290
0
176
1
290
0
176
1
290
0
176
1
290
0
176
1
 90
50
176
1
 40
0.0
176
1
 40
1.0
176
1
 90
0
176
1
 62
18
420
0
176
1
 90
50
176
1
 90
3
176
1
 62
5
420
255
176
1
290
0
176
1
 90
50
176
1
 90
50
176
1
 90
50
176
1
290
0
176
1
 90
50
176
1
 62
256
176
0
 40
1.0
176
0
 90
2
176
1
  1
strokes_ogs.tif
176
1
290
0
176
1
 40
1.0
176
1
 40
1.0
176
1
  0
VISUALSTYLE
  5
FF
102
{ACAD_REACTORS
330
EF
102
}
330
EF
100
AcDbVisualStyle
  2
ColorChange
 70
16
177
3
291
1
 70
58
 90
2
176
1
 90
2
176
1
 90
3
176
1
 90
0
176
1
 40
0.6
176
1
 40
30.0
176
1
 62
8
420
8421504
176
1
 90
1
176
1
 90
4
176
1
 62
7
176
1
 62
257
176
1
 90
1
176
1
 90
1
176
1
 40
1.0
176
1
 90
8
176
1
 62
8
420
8421504
176
1
 40
1.0
176
1
 90
1
176
1
 90
6
176
1
 90
2
176
1
 62
7
176
1
 90
5
176
1
 90
0
176
1
 90
0
176
1
290
0
176
1
 90
1
176
1
 40
0.0
176
1
 90
0
176
1
290
0
176
1
290
1
176
1
290
1
176
1
290
0
176
1
290
0
176
1
290
0
176
1
290
0
176
1
290
0
176
1
290
0
176
1
 90
50
176
1
 40
0.0
176
1
 40
1.0
176
1
 90
0
176
1
 62
18
420
0
176
1
 90
50
176
1
 90
3
176
1
 62
5
420
255
176
1
290
0
176
1
 90
50
176
1
 90
50
176
1
 90
50
176
1
290
0
176
1
 90
50
176
1
 62
256
176
0
 40
1.0
176
0
 90
2
176
1
  1
strokes_ogs.tif
176
1
290
0
176
1
 40
1.0
176
1
 40
1.0
176
1
  0
VISUALSTYLE
  5
F8
102
{ACAD_REACTORS
330
EF
102
}
330
EF
100
AcDbVisualStyle
  2
Conceptual
 70
9
177
3
291
0
 70
58
 90
3
176
1
 90
2
176
1
 90
1
176
1
 90
0
176
1
 40
0.6
176
1
 40
30.0
176
1
 62
7
420
16777215
176
1
 90
2
176
1
 90
2
176
1
 62
7
176
1
 62
257
176
1
 90
1
176
1
 90
1
176
1
 40
40.0
176
1
 90
8
176
1
 62
7
176
1
 40
1.0
176
1
 90
1
176
1
 90
6
176
1
 90
2
176
1
 62
7
176
1
 90
3
176
1
 90
0
176
1
 90
0
176
1
290
0
176
1
 90
1
176
1
 40
0.0
176
1
 90
0
176
1
290
0
176
1
290
1
176
1
290
1
176
1
290
0
176
1
290
0
176
1
290
0
176
1
290
0
176
1
290
0
176
1
290
0
176
1
 90
50
176
1
 40
0.0
176
1
 40
1.0
176
1
 90
0
176
1
 62
18
420
0
176
1
 90
50
176
1
 90
3
176
1
 62
5
420
255
176
1
290
0
176
1
 90
50
176
1
 90
50
176
1
 90
50
176
1
290
0
176
1
 90
50
176
1
 62
256
176
0
 40
1.0
176
0
 90
2
176
1
  1
strokes_ogs.tif
176
1
290
0
176
1
 40
1.0
176
1
 40
1.0
176
1
  0
VISUALSTYLE
  5
FA
102
{ACAD_REACTORS
330
EF
102
}
330
EF
100
AcDbVisualStyle
  2
Dim
 70
11
177
3
291
1
 70
58
 90
2
176
1
 90
2
176
1
 90
1
176
1
 90
0
176
1
 40
0.6
176
1
 40
30.0
176
1
 62
7
420
16777215
176
1
 90
1
176
1
 90
4
176
1
 62
7
176
1
 62
257
176
1
 90
1
176
1
 90
1
176
1
 40
1.0
176
1
 90
8
176
1
 62
7
176
1
 40
1.0
176
1
 90
1
176
1
 90
6
176
1
 90
2
176
1
 62
7
176
1
 90
5
176
1
 90
0
176
1
 90
0
176
1
290
0
176
1
 90
1
176
1
 40
-50.0
176
1
 90
0
176
1
290
0
176
1
290
1
176
1
290
1
176
1
290
0
176
1
290
0
176
1
290
0
176
1
290
0
176
1
290
0
176
1
290
0
176
1
 90
50
176
1
 40
0.0
176
1
 40
1.0
176
1
 90
0
176
1
 62
18
420
0
176
1
 90
50
176
1
 90
3
176
1
 62
5
420
255
176
1
290
0
176
1
 90
50
176
1
 90
50
176
1
 90
50
176
1
290
0
176
1
 90
50
176
1
 62
256
176
0
 40
1.0
176
0
 90
2
176
1
  1
strokes_ogs.tif
176
1
290
0
176
1
 40
1.0
176
1
 40
1.0
176
1
  0
VISUALSTYLE
  5
1E6
102
{ACAD_REACTORS
330
EF
102
}
330
EF
100
AcDbVisualStyle
  2
EdgeColorOff
 70
22
177
3
291
1
 70
58
 90
2
176
0
 90
2
176
0
 90
0
176
0
 90
0
176
0
 40
0.6
176
0
 40
30.0
176
0
 62
7
420
16777215
176
0
 90
1
176
0
 90
4
176
0
 62
7
176
0
 62
257
176
0
 90
1
176
0
 90
1
176
0
 40
1.0
176
0
 90
8
176
2
 62
7
176
0
 40
1.0
176
0
 90
1
176
0
 90
6
176
0
 90
2
176
0
 62
7
176
0
 90
5
176
0
 90
0
176
0
 90
0
176
0
290
0
176
0
 90
1
176
0
 40
0.0
176
0
 90
0
176
0
290
0
176
1
290
1
176
1
290
1
176
1
290
0
176
1
290
0
176
1
290
0
176
1
290
0
176
1
290
0
176
1
290
0
176
1
 90
50
176
1
 40
0.0
176
1
 40
1.0
176
1
 90
0
176
1
 62
18
420
0
176
1
 90
50
176
1
 90
3
176
1
 62
5
420
255
176
1
290
0
176
1
 90
50
176
1
 90
50
176
1
 90
50
176
1
290
0
176
1
 90
50
176
1
 62
256
176
0
 40
1.0
176
0
 90
2
176
1
  1
strokes_ogs.tif
176
1
290
0
176
1
 40
1.0
176
1
 40
1.0
176
1
  0
VISUALSTYLE
  5
FE
102
{ACAD_REACTORS
330
EF
102
}
330
EF
100
AcDbVisualStyle
  2
Facepattern
 70
15
177
3
291
1
 70
58
 90
2
176
1
 90
2
176
1
 90
1
176
1
 90
0
176
1
 40
0.6
176
1
 40
30.0
176
1
 62
7
420
16777215
176
1
 90
1
176
1
 90
4
176
1
 62
7
176
1
 62
257
176
1
 90
1
176
1
 90
1
176
1
 40
1.0
176
1
 90
8
176
1
 62
7
176
1
 40
1.0
176
1
 90
1
176
1
 90
6
176
1
 90
2
176
1
 62
7
176
1
 90
5
176
1
 90
0
176
1
 90
0
176
1
290
0
176
1
 90
1
176
1
 40
0.0
176
1
 90
0
176
1
290
0
176
1
290
1
176
1
290
1
176
1
290
0
176
1
290
0
176
1
290
0
176
1
290
0
176
1
290
0
176
1
290
0
176
1
 90
50
176
1
 40
0.0
176
1
 40
1.0
176
1
 90
0
176
1
 62
18
420
0
176
1
 90
50
176
1
 90
3
176
1
 62
5
420
255
176
1
290
0
176
1
 90
50
176
1
 90
50
176
1
 90
50
176
1
290
0
176
1
 90
50
176
1
 62
256
176
0
 40
1.0
176
0
 90
2
176
1
  1
strokes_ogs.tif
176
1
290
0
176
1
 40
1.0
176
1
 40
1.0
176
1
  0
VISUALSTYLE
  5
F0
102
{ACAD_REACTORS
330
EF
102
}
330
EF
100
AcDbVisualStyle
  2
Flat
 70
0
177
3
291
1
 70
58
 90
2
176
1
 90
1
176
1
 90
1
176
1
 90
2
176
1
 40
0.6
176
1
 40
30.0
176
1
 62
7
420
16777215
176
1
 90
0
176
1
 90
0
176
1
 62
7
176
1
 62
257
176
1
 90
1
176
1
 90
1
176
1
 40
1.0
176
1
 90
8
176
1
 62
7
176
1
 40
1.0
176
1
 90
1
176
1
 90
6
176
1
 90
2
176
1
 62
7
176
1
 90
5
176
1
 90
0
176
1
 90
0
176
1
290
0
176
1
 90
13
176
1
 40
0.0
176
1
 90
0
176
1
290
0
176
1
290
1
176
1
290
1
176
1
290
0
176
1
290
0
176
1
290
0
176
1
290
0
176
1
290
0
176
1
290
0
176
1
 90
50
176
1
 40
0.0
176
1
 40
1.0
176
1
 90
0
176
1
 62
18
420
0
176
1
 90
50
176
1
 90
3
176
1
 62
5
420
255
176
1
290
0
176
1
 90
50
176
1
 90
50
176
1
 90
50
176
1
290
0
176
1
 90
50
176
1
 62
256
176
0
 40
1.0
176
0
 90
2
176
1
  1
strokes_ogs.tif
176
1
290
0
176
1
 40
1.0
176
1
 40
1.0
176
1
  0
VISUALSTYLE
  5
F1
102
{ACAD_REACTORS
330
EF
102
}
330
EF
100
AcDbVisualStyle
  2
FlatWithEdges
 70
1
177
3
291
1
 70
58
 90
2
176
1
 90
1
176
1
 90
1
176
1
 90
2
176
1
 40
0.6
176
1
 40
30.0
176
1
 62
7
420
16777215
176
1
 90
1
176
1
 90
0
176
1
 62
7
176
1
 62
257
176
1
 90
1
176
1
 90
1
176
1
 40
1.0
176
1
 90
0
176
1
 62
257
176
1
 40
1.0
176
1
 90
1
176
1
 90
6
176
1
 90
2
176
1
 62
7
176
1
 90
5
176
1
 90
0
176
1
 90
0
176
1
290
0
176
1
 90
13
176
1
 40
0.0
176
1
 90
0
176
1
290
0
176
1
290
1
176
1
290
1
176
1
290
0
176
1
290
0
176
1
290
0
176
1
290
0
176
1
290
0
176
1
290
0
176
1
 90
50
176
1
 40
0.0
176
1
 40
1.0
176
1
 90
0
176
1
 62
18
420
0
176
1
 90
50
176
1
 90
3
176
1
 62
5
420
255
176
1
290
0
176
1
 90
50
176
1
 90
50
176
1
 90
50
176
1
290
0
176
1
 90
50
176
1
 62
256
176
0
 40
1.0
176
0
 90
2
176
1
  1
strokes_ogs.tif
176
1
290
0
176
1
 40
1.0
176
1
 40
1.0
176
1
  0
VISUALSTYLE
  5
F2
102
{ACAD_REACTORS
330
EF
102
}
330
EF
100
AcDbVisualStyle
  2
Gouraud
 70
2
177
3
291
1
 70
58
 90
2
176
1
 90
2
176
1
 90
1
176
1
 90
2
176
1
 40
0.6
176
1
 40
30.0
176
1
 62
7
420
16777215
176
1
 90
0
176
1
 90
0
176
1
 62
7
176
1
 62
257
176
1
 90
1
176
1
 90
1
176
1
 40
1.0
176
1
 90
0
176
1
 62
7
176
1
 40
1.0
176
1
 90
1
176
1
 90
6
176
1
 90
2
176
1
 62
7
176
1
 90
5
176
1
 90
0
176
1
 90
0
176
1
290
0
176
1
 90
13
176
1
 40
0.0
176
1
 90
0
176
1
290
0
176
1
290
1
176
1
290
1
176
1
290
0
176
1
290
0
176
1
290
0
176
1
290
0
176
1
290
0
176
1
290
0
176
1
 90
50
176
1
 40
0.0
176
1
 40
1.0
176
1
 90
0
176
1
 62
18
420
0
176
1
 90
50
176
1
 90
3
176
1
 62
5
420
255
176
1
290
0
176
1
 90
50
176
1
 90
50
176
1
 90
50
176
1
290
0
176
1
 90
50
176
1
 62
256
176
0
 40
1.0
176
0
 90
2
176
1
  1
strokes_ogs.tif
176
1
290
0
176
1
 40
1.0
176
1
 40
1.0
176
1
  0
VISUALSTYLE
  5
F3
102
{ACAD_REACTORS
330
EF
102
}
330
EF
100
AcDbVisualStyle
  2
GouraudWithEdges
 70
3
177
3
291
1
 70
58
 90
2
176
1
 90
2
176
1
 90
1
176
1
 90
2
176
1
 40
0.6
176
1
 40
30.0
176
1
 62
7
420
16777215
176
1
 90
1
176
1
 90
0
176
1
 62
7
176
1
 62
257
176
1
 90
1
176
1
 90
1
176
1
 40
1.0
176
1
 90
0
176
1
 62
257
176
1
 40
1.0
176
1
 90
1
176
1
 90
6
176
1
 90
2
176
1
 62
7
176
1
 90
5
176
1
 90
0
176
1
 90
0
176
1
290
0
176
1
 90
13
176
1
 40
0.0
176
1
 90
0
176
1
290
0
176
1
290
1
176
1
290
1
176
1
290
0
176
1
290
0
176
1
290
0
176
1
290
0
176
1
290
0
176
1
290
0
176
1
 90
50
176
1
 40
0.0
176
1
 40
1.0
176
1
 90
0
176
1
 62
18
420
0
176
1
 90
50
176
1
 90
3
176
1
 62
5
420
255
176
1
290
0
176
1
 90
50
176
1
 90
50
176
1
 90
50
176
1
290
0
176
1
 90
50
176
1
 62
256
176
0
 40
1.0
176
0
 90
2
176
1
  1
strokes_ogs.tif
176
1
290
0
176
1
 40
1.0
176
1
 40
1.0
176
1
  0
VISUALSTYLE
  5
F7
102
{ACAD_REACTORS
330
EF
102
}
330
EF
100
AcDbVisualStyle
  2
Hidden
 70
6
177
3
291
0
 70
58
 90
1
176
1
 90
2
176
1
 90
2
176
1
 90
0
176
1
 40
0.6
176
1
 40
30.0
176
1
 62
7
420
16777215
176
1
 90
2
176
1
 90
2
176
1
 62
7
176
1
 62
257
176
1
 90
2
176
1
 90
1
176
1
 40
40.0
176
1
 90
0
176
1
 62
257
176
1
 40
1.0
176
1
 90
1
176
1
 90
6
176
1
 90
2
176
1
 62
7
176
1
 90
3
176
1
 90
0
176
1
 90
0
176
1
290
0
176
1
 90
1
176
1
 40
0.0
176
1
 90
0
176
1
290
0
176
1
290
1
176
1
290
1
176
1
290
0
176
1
290
0
176
1
290
0
176
1
290
0
176
1
290
0
176
1
290
0
176
1
 90
50
176
1
 40
0.0
176
1
 40
1.0
176
1
 90
0
176
1
 62
18
420
0
176
1
 90
50
176
1
 90
3
176
1
 62
5
420
255
176
1
290
0
176
1
 90
50
176
1
 90
50
176
1
 90
50
176
1
290
0
176
1
 90
50
176
1
 62
256
176
0
 40
1.0
176
0
 90
2
176
1
  1
strokes_ogs.tif
176
1
290
0
176
1
 40
1.0
176
1
 40
1.0
176
1
  0
VISUALSTYLE
  5
1E4
102
{ACAD_REACTORS
330
EF
102
}
330
EF
100
AcDbVisualStyle
  2
JitterOff
 70
20
177
3
291
1
 70
58
 90
2
176
0
 90
2
176
0
 90
0
176
0
 90
0
176
0
 40
0.6
176
0
 40
30.0
176
0
 62
7
420
16777215
176
0
 90
1
176
0
 90
4
176
0
 62
7
176
0
 62
257
176
0
 90
1
176
0
 90
1
176
0
 40
1.0
176
0
 90
10
176
2
 62
7
176
0
 40
1.0
176
0
 90
1
176
0
 90
6
176
0
 90
2
176
0
 62
7
176
0
 90
5
176
0
 90
0
176
0
 90
0
176
0
290
0
176
0
 90
1
176
0
 40
0.0
176
0
 90
0
176
0
290
0
176
1
290
1
176
1
290
1
176
1
290
0
176
1
290
0
176
1
290
0
176
1
290
0
176
1
290
0
176
1
290
0
176
1
 90
50
176
1
 40
0.0
176
1
 40
1.0
176
1
 90
0
176
1
 62
18
420
0
176
1
 90
50
176
1
 90
3
176
1
 62
5
420
255
176
1
290
0
176
1
 90
50
176
1
 90
50
176
1
 90
50
176
1
290
0
176
1
 90
50
176
1
 62
256
176
0
 40
1.0
176
0
 90
2
176
1
  1
strokes_ogs.tif
176
1
290
0
176
1
 40
1.0
176
1
 40
1.0
176
1
  0
VISUALSTYLE
  5
FD
102
{ACAD_REACTORS
330
EF
102
}
330
EF
100
AcDbVisualStyle
  2
Linepattern
 70
14
177
3
291
1
 70
58
 90
2
176
1
 90
2
176
1
 90
1
176
1
 90
0
176
1
 40
0.6
176
1
 40
30.0
176
1
 62
7
420
16777215
176
1
 90
1
176
1
 90
4
176
1
 62
7
176
1
 62
257
176
1
 90
7
176
1
 90
7
176
1
 40
1.0
176
1
 90
8
176
1
 62
7
176
1
 40
1.0
176
1
 90
1
176
1
 90
6
176
1
 90
2
176
1
 62
7
176
1
 90
5
176
1
 90
0
176
1
 90
0
176
1
290
0
176
1
 90
1
176
1
 40
0.0
176
1
 90
0
176
1
290
0
176
1
290
1
176
1
290
1
176
1
290
0
176
1
290
0
176
1
290
0
176
1
290
0
176
1
290
0
176
1
290
0
176
1
 90
50
176
1
 40
0.0
176
1
 40
1.0
176
1
 90
0
176
1
 62
18
420
0
176
1
 90
50
176
1
 90
3
176
1
 62
5
420
255
176
1
290
0
176
1
 90
50
176
1
 90
50
176
1
 90
50
176
1
290
0
176
1
 90
50
176
1
 62
256
176
0
 40
1.0
176
0
 90
2
176
1
  1
strokes_ogs.tif
176
1
290
0
176
1
 40
1.0
176
1
 40
1.0
176
1
  0
VISUALSTYLE
  5
1E5
102
{ACAD_REACTORS
330
EF
102
}
330
EF
100
AcDbVisualStyle
  2
OverhangOff
 70
21
177
3
291
1
 70
58
 90
2
176
0
 90
2
176
0
 90
0
176
0
 90
0
176
0
 40
0.6
176
0
 40
30.0
176
0
 62
7
420
16777215
176
0
 90
1
176
0
 90
4
176
0
 62
7
176
0
 62
257
176
0
 90
1
176
0
 90
1
176
0
 40
1.0
176
0
 90
9
176
2
 62
7
176
0
 40
1.0
176
0
 90
1
176
0
 90
6
176
0
 90
2
176
0
 62
7
176
0
 90
5
176
0
 90
0
176
0
 90
0
176
0
290
0
176
0
 90
1
176
0
 40
0.0
176
0
 90
0
176
0
290
0
176
1
290
1
176
1
290
1
176
1
290
0
176
1
290
0
176
1
290
0
176
1
290
0
176
1
290
0
176
1
290
0
176
1
 90
50
176
1
 40
0.0
176
1
 40
1.0
176
1
 90
0
176
1
 62
18
420
0
176
1
 90
50
176
1
 90
3
176
1
 62
5
420
255
176
1
290
0
176
1
 90
50
176
1
 90
50
176
1
 90
50
176
1
290
0
176
1
 90
50
176
1
 62
256
176
0
 40
1.0
176
0
 90
2
176
1
  1
strokes_ogs.tif
176
1
290
0
176
1
 40
1.0
176
1
 40
1.0
176
1
  0
VISUALSTYLE
  5
F9
102
{ACAD_REACTORS
330
EF
102
}
330
EF
100
AcDbVisualStyle
  2
Realistic
 70
8
177
3
291
0
 70
58
 90
2
176
1
 90
3
176
1
 90
0
176
1
 90
2
176
1
 40
0.6
176
1
 40
30.0
176
1
 62
7
420
16777215
176
1
 90
0
176
1
 90
0
176
1
 62
7
176
1
 62
257
176
1
 90
1
176
1
 90
1
176
1
 40
1.0
176
1
 90
8
176
1
 62
257
176
1
 40
1.0
176
1
 90
1
176
1
 90
6
176
1
 90
2
176
1
 62
7
176
1
 90
3
176
1
 90
0
176
1
 90
0
176
1
290
0
176
1
 90
13
176
1
 40
0.0
176
1
 90
0
176
1
290
0
176
1
290
1
176
1
290
1
176
1
290
0
176
1
290
0
176
1
290
0
176
1
290
0
176
1
290
0
176
1
290
0
176
1
 90
50
176
1
 40
0.0
176
1
 40
1.0
176
1
 90
0
176
1
 62
18
420
0
176
1
 90
50
176
1
 90
3
176
1
 62
5
420
255
176
1
290
0
176
1
 90
50
176
1
 90
50
176
1
 90
50
176
1
290
0
176
1
 90
50
176
1
 62
256
176
0
 40
1.0
176
0
 90
2
176
1
  1
strokes_ogs.tif
176
1
290
0
176
1
 40
1.0
176
1
 40
1.0
176
1
  0
VISUALSTYLE
  5
1F3
102
{ACAD_REACTORS
330
EF
102
}
330
EF
100
AcDbVisualStyle
  2
Shaded
 70
27
177
3
291
0
 70
58
 90
2
176
1
 90
2
176
1
 90
1
176
1
 90
2
176
1
 40
0.6
176
1
 40
30.0
176
1
 62
7
420
16777215
176
1
 90
0
176
1
 90
4
176
1
 62
7
176
1
 62
257
176
1
 90
1
176
1
 90
1
176
1
 40
1.0
176
1
 90
8
176
1
 62
257
176
1
 40
1.0
176
1
 90
1
176
1
 90
6
176
1
 90
2
176
1
 62
8
420
7895160
176
1
 90
3
176
1
 90
0
176
1
 90
0
176
1
290
0
176
1
 90
5
176
1
 40
0.0
176
1
 90
0
176
1
290
0
176
1
290
1
176
1
290
1
176
1
290
0
176
1
290
0
176
1
290
0
176
1
290
0
176
1
290
0
176
1
290
0
176
1
 90
50
176
1
 40
0.0
176
1
 40
1.0
176
1
 90
0
176
1
 62
18
420
0
176
1
 90
50
176
1
 90
3
176
1
 62
5
420
255
176
1
290
0
176
1
 90
50
176
1
 90
50
176
1
 90
50
176
1
290
0
176
1
 90
50
176
1
 62
256
176
0
 40
1.0
176
0
 90
2
176
1
  1
strokes_ogs.tif
176
1
290
0
176
1
 40
1.0
176
1
 40
1.0
176
1
  0
VISUALSTYLE
  5
1F2
102
{ACAD_REACTORS
330
EF
102
}
330
EF
100
AcDbVisualStyle
  2
Shaded with edges
 70
26
177
3
291
0
 70
58
 90
2
176
1
 90
2
176
1
 90
1
176
1
 90
2
176
1
 40
0.6
176
1
 40
30.0
176
1
 62
7
420
16777215
176
1
 90
1
176
1
 90
2
176
1
 62
7
176
1
 62
257
176
1
 90
2
176
1
 90
1
176
1
 40
1.0
176
1
 90
8
176
1
 62
257
176
1
 40
1.0
176
1
 90
1
176
1
 90
6
176
1
 90
2
176
1
 62
7
176
1
 90
3
176
1
 90
0
176
1
 90
0
176
1
290
0
176
1
 90
5
176
1
 40
0.0
176
1
 90
0
176
1
290
0
176
1
290
1
176
1
290
1
176
1
290
0
176
1
290
0
176
1
290
0
176
1
290
0
176
1
290
0
176
1
290
0
176
1
 90
50
176
1
 40
0.0
176
1
 40
1.0
176
1
 90
0
176
1
 62
18
420
0
176
1
 90
50
176
1
 90
3
176
1
 62
5
420
255
176
1
290
0
176
1
 90
50
176
1
 90
50
176
1
 90
50
176
1
290
0
176
1
 90
50
176
1
 62
256
176
0
 40
1.0
176
0
 90
2
176
1
  1
strokes_ogs.tif
176
1
290
0
176
1
 40
1.0
176
1
 40
1.0
176
1
  0
VISUALSTYLE
  5
1EF
102
{ACAD_REACTORS
330
EF
102
}
330
EF
100
AcDbVisualStyle
  2
Shades of Gray
 70
23
177
3
291
0
 70
58
 90
2
176
1
 90
2
176
1
 90
3
176
1
 90
0
176
1
 40
0.6
176
1
 40
30.0
176
1
 62
7
420
16777215
176
1
 90
2
176
1
 90
2
176
1
 62
7
176
1
 62
7
176
1
 90
1
176
1
 90
1
176
1
 40
40.0
176
1
 90
8
176
1
 62
7
176
1
 40
1.0
176
1
 90
1
176
1
 90
6
176
1
 90
2
176
1
 62
7
176
1
 90
3
176
1
 90
0
176
1
 90
0
176
1
290
0
176
1
 90
1
176
1
 40
0.0
176
1
 90
0
176
1
290
0
176
1
290
1
176
1
290
1
176
1
290
0
176
1
290
0
176
1
290
0
176
1
290
0
176
1
290
0
176
1
290
0
176
1
 90
50
176
1
 40
0.0
176
1
 40
1.0
176
1
 90
0
176
1
 62
18
420
0
176
1
 90
50
176
1
 90
3
176
1
 62
5
420
255
176
1
290
0
176
1
 90
50
176
1
 90
50
176
1
 90
50
176
1
290
0
176
1
 90
50
176
1
 62
256
176
0
 40
1.0
176
0
 90
2
176
1
  1
strokes_ogs.tif
176
1
290
0
176
1
 40
1.0
176
1
 40
1.0
176
1
  0
VISUALSTYLE
  5
1F0
102
{ACAD_REACTORS
330
EF
102
}
330
EF
100
AcDbVisualStyle
  2
Sketchy
 70
24
177
3
291
0
 70
58
 90
1
176
1
 90
2
176
1
 90
2
176
1
 90
0
176
1
 40
0.6
176
1
 40
30.0
176
1
 62
7
420
16777215
176
1
 90
2
176
1
 90
2
176
1
 62
7
176
1
 62
7
176
1
 90
1
176
1
 90
1
176
1
 40
40.0
176
1
 90
11
176
1
 62
7
176
1
 40
1.0
176
1
 90
1
176
1
 90
6
176
1
 90
2
176
1
 62
7
176
1
 90
6
176
1
 90
0
176
1
 90
0
176
1
290
0
176
1
 90
1
176
1
 40
0.0
176
1
 90
0
176
1
290
0
176
1
290
1
176
1
290
1
176
1
290
0
176
1
290
0
176
1
290
0
176
1
290
0
176
1
290
0
176
1
290
0
176
1
 90
50
176
1
 40
0.0
176
1
 40
1.0
176
1
 90
0
176
1
 62
18
420
0
176
1
 90
50
176
1
 90
3
176
1
 62
5
420
255
176
1
290
0
176
1
 90
50
176
1
 90
50
176
1
 90
50
176
1
290
0
176
1
 90
50
176
1
 62
256
176
0
 40
1.0
176
0
 90
2
176
1
  1
strokes_ogs.tif
176
1
290
0
176
1
 40
1.0
176
1
 40
1.0
176
1
  0
VISUALSTYLE
  5
FC
102
{ACAD_REACTORS
330
EF
102
}
330
EF
100
AcDbVisualStyle
  2
Thicken
 70
13
177
3
291
1
 70
58
 90
2
176
1
 90
2
176
1
 90
1
176
1
 90
0
176
1
 40
0.6
176
1
 40
30.0
176
1
 62
7
420
16777215
176
1
 90
1
176
1
 90
4
176
1
 62
7
176
1
 62
257
176
1
 90
1
176
1
 90
1
176
1
 40
1.0
176
1
 90
12
176
1
 62
7
176
1
 40
1.0
176
1
 90
1
176
1
 90
6
176
1
 90
2
176
1
 62
7
176
1
 90
5
176
1
 90
0
176
1
 90
0
176
1
290
0
176
1
 90
1
176
1
 40
0.0
176
1
 90
0
176
1
290
0
176
1
290
1
176
1
290
1
176
1
290
0
176
1
290
0
176
1
290
0
176
1
290
0
176
1
290
0
176
1
290
0
176
1
 90
50
176
1
 40
0.0
176
1
 40
1.0
176
1
 90
0
176
1
 62
18
420
0
176
1
 90
50
176
1
 90
3
176
1
 62
5
420
255
176
1
290
0
176
1
 90
50
176
1
 90
50
176
1
 90
50
176
1
290
0
176
1
 90
50
176
1
 62
256
176
0
 40
1.0
176
0
 90
2
176
1
  1
strokes_ogs.tif
176
1
290
0
176
1
 40
1.0
176
1
 40
1.0
176
1
  0
VISUALSTYLE
  5
F6
102
{ACAD_REACTORS
330
EF
102
}
330
EF
100
AcDbVisualStyle
  2
Wireframe
 70
5
177
3
291
0
 70
58
 90
0
176
1
 90
2
176
1
 90
0
176
1
 90
0
176
1
 40
0.6
176
1
 40
30.0
176
1
 62
7
420
16777215
176
1
 90
1
176
1
 90
4
176
1
 62
7
176
1
 62
257
176
1
 90
1
176
1
 90
1
176
1
 40
1.0
176
1
 90
0
176
1
 62
257
176
1
 40
1.0
176
1
 90
1
176
1
 90
6
176
1
 90
2
176
1
 62
7
176
1
 90
3
176
1
 90
0
176
1
 90
0
176
1
290
0
176
1
 90
1
176
1
 40
0.0
176
1
 90
0
176
1
290
0
176
1
290
1
176
1
290
1
176
1
290
0
176
1
290
0
176
1
290
0
176
1
290
0
176
1
290
0
176
1
290
0
176
1
 90
50
176
1
 40
0.0
176
1
 40
1.0
176
1
 90
0
176
1
 62
18
420
0
176
1
 90
50
176
1
 90
3
176
1
 62
5
420
255
176
1
290
0
176
1
 90
50
176
1
 90
50
176
1
 90
50
176
1
290
0
176
1
 90
50
176
1
 62
256
176
0
 40
1.0
176
0
 90
2
176
1
  1
strokes_ogs.tif
176
1
290
0
176
1
 40
1.0
176
1
 40
1.0
176
1
  0
VISUALSTYLE
  5
1F1
102
{ACAD_REACTORS
330
EF
102
}
330
EF
100
AcDbVisualStyle
  2
X-Ray
 70
25
177
3
291
0
 70
58
 90
2
176
1
 90
2
176
1
 90
1
176
1
 90
1
176
1
 40
0.5
176
1
 40
30.0
176
1
 62
7
420
16777215
176
1
 90
1
176
1
 90
0
176
1
 62
7
176
1
 62
257
176
1
 90
1
176
1
 90
1
176
1
 40
1.0
176
1
 90
8
176
1
 62
7
176
1
 40
1.0
176
1
 90
1
176
1
 90
6
176
1
 90
2
176
1
 62
7
176
1
 90
3
176
1
 90
0
176
1
 90
0
176
1
290
0
176
1
 90
13
176
1
 40
0.0
176
1
 90
0
176
1
290
0
176
1
290
1
176
1
290
1
176
1
290
0
176
1
290
0
176
1
290
0
176
1
290
0
176
1
290
0
176
1
290
0
176
1
 90
50
176
1
 40
0.0
176
1
 40
1.0
176
1
 90
0
176
1
 62
18
420
0
176
1
 90
50
176
1
 90
3
176
1
 62
5
420
255
176
1
290
0
176
1
 90
50
176
1
 90
50
176
1
 90
50
176
1
290
0
176
1
 90
50
176
1
 62
256
176
0
 40
1.0
176
0
 90
2
176
1
  1
strokes_ogs.tif
176
1
290
0
176
1
 40
1.0
176
1
 40
1.0
176
1
  0
DICTIONARYVAR
  5
146
102
{ACAD_REACTORS
330
5E
102
}
330
5E
100
DictionaryVariables
280
0
  1
1:1
  0
DICTIONARYVAR
  5
259
102
{ACAD_REACTORS
330
5E
102
}
330
5E
100
DictionaryVariables
280
0
  1
3.500000
  0
DICTIONARYVAR
  5
25A
102
{ACAD_REACTORS
330
5E
102
}
330
5E
100
DictionaryVariables
280
0
  1
acadiso.lin
  0
DICTIONARYVAR
  5
145
102
{ACAD_REACTORS
330
5E
102
}
330
5E
100
DictionaryVariables
280
0
  1
STANDARD
  0
DICTIONARYVAR
  5
84
102
{ACAD_REACTORS
330
5E
102
}
330
5E
100
DictionaryVariables
280
0
  1
STANDARD
  0
DICTIONARYVAR
  5
227
102
{ACAD_REACTORS
330
5E
102
}
330
5E
100
DictionaryVariables
280
0
  1
Metric50
  0
DICTIONARYVAR
  5
228
102
{ACAD_REACTORS
330
5E
102
}
330
5E
100
DictionaryVariables
280
0
  1
Metric50
  0
DICTIONARYVAR
  5
5F
102
{ACAD_REACTORS
330
5E
102
}
330
5E
100
DictionaryVariables
280
0
  1
2
  0
DICTIONARYVAR
  5
63
102
{ACAD_REACTORS
330
5E
102
}
330
5E
100
DictionaryVariables
280
0
  1
1
  0
DICTIONARYVAR
  5
1AE
102
{ACAD_REACTORS
330
5E
102
}
330
5E
100
DictionaryVariables
280
0
  1
0
  0
DICTIONARYVAR
  5
1AF
102
{ACAD_REACTORS
330
5E
102
}
330
5E
100
DictionaryVariables
280
0
  1
0
  0
XRECORD
  5
FBF
102
{ACAD_REACTORS
330
FBD
102
}
330
FBD
100
AcDbXrecord
280
1
  0
DICTIONARY
  5
205
330
22
100
AcDbDictionary
281
1
  0
DICTIONARY
  5
1F9
330
ED
100
AcDbDictionary
281
1
  3
FBXASSET
360
1FA
  0
DICTIONARY
  5
1F7
330
EC
100
AcDbDictionary
281
1
  3
FBXASSET
360
1F8
  0
DICTIONARY
  5
173
330
EE
100
AcDbDictionary
281
1
  3
BUMPTILE
360
175
  3
DIFFUSETILE
360
174
  3
FBXASSET
360
1FB
  3
OPACITYTILE
360
176
  3
REFLECTIONTILE
360
177
  0
DICTIONARY
  5
162
330
7F
100
AcDbDictionary
281
1
  3
ACAD_ROUNDTRIP_2008_TABLESTYLE_CELLSTYLEMAP
360
FC0
  0
XRECORD
  5
1FA
102
{ACAD_REACTORS
330
1F9
102
}
330
1F9
100
AcDbXrecord
280
1
 70
1
 90
429727718
  1
D62C5603-E3A1-4AEA-B7FB-FE5D8D0755AF
310
504B03040A0000080000CC70623B3DEE336E79000000790000001B0000006175746F6465736B2D64657369676E2D7061636B6167652E786D6C3C3F786D6C2076657273696F6E3D22312E302220656E636F64696E673D227574662D3822203F3E3C666F726D6174733E3C666F726D61743E687474703A2F2F736368656D612E
310
6175746F6465736B2E636F6D2F64657369676E2D7061636B6167652F323030393C2F666F726D61743E3C2F666F726D6174733E504B0304140006080800CC70623BD486FD9CA0000000F4000000130000005B436F6E74656E745F54797065735D2E786D6C7D8EC10E82300C865F65E91D8A1E8C310C0EEA1BF002731658846E
310
D98AC1B77784ABF1D8FE5FBFBF75BBCE937A534CCEB38643598122B6FEE978D0B0485F9C41B54DDD7D022595594E1A469170414C76A4D9A4D207E29CF43ECE46F218070CC6BECC4078ACAA135ACF422C856C0E68EA1BF5669944DDD7BCDE7B1F8E415D77AECB980613C2E4AC91FC167A2B244592486606FC29C8FD7F045B9A
310
EF7053A7E60B504B0304140006080800CC70623B853B8169EB0000007C01000008000000636F72652E786D6C8D90416EC3201045AF62CDB6C206821CC7C244919D9CA01740401C94182C03558F5F9C3852BBEB6A467FFE9B197D7EFC9E1EC5975982F5AE035262288C535E5B377690E21535501C055FBC8FBF6C503839990E
310
5619041F179FE64D52DE45E362569DD7661365082642A11EB9E920A89B99642953CC8E702F67A9EE7234257977194EC9EAE275C4EABCCF5EAD5940D4AC6F0E35A568B8F43562CD7046CD199FD07E60174276A7BE677B5EADB0E0D14EEFFB6A31321A0D82627C4084204C3F096B71DD52F6819B16635EADF63F509AF53FA164
310
5DDCD1EDDD17164090FCC8732078B56691CB33A85CD7DCC40F504B0304140006080800CC70623B55019EA25F0000007C00000007000000636E782E786D6C4DCB3B0E80201045D1AD90E915ED2CF8AC45050C11660C8261F98AB1B07AC9C97D42D718D865D3E909258CFD00CCE24AC6E326A164D74DC0B4128928FF32603847
310
2BA13128B1252AC747C6BAB984FC68F0B87FE8960A5C09FE86CFB69FBA01504B0304140006080800CC70623BDBABAAF470010000D40300000C0000006662782F636F72652E786D6CC553D16E823014FD95A6AF4B694182CC941A83FA05FB810A9511A125A5257EFE2E82712ECEB8A7F100CD39F7F69E734AF9FADC366850B6
310
AF8DCE7018308C942E4C59EB2AC3DE1D498AD15A706B8CFB56869196ADCAF00863C12B6B7C374385D14E6907A836A59A41D9F7CA615434B0C8705F7CAA5606D23BA8E84F41278B93AC54100640439DE0BDB320004D43C63716C7C399D30917DCFBBA9CD9BA8469F5B156168B24CED3F7248AC8769F27244EB73B92EED8862C
310
B7F13E0C179B3C8F979C8ECD82BBBABDAA2BAC924E9558448CBD9330242CFA08E3154B5651FCC6D215639C8EE5774DBE2B5F6CF2B5768B68963BB5F5588420E442FC700B1139D4CB01F450C1E918227C2E09DF070D8140C84E1E9AAB8F1340832A9CB13130A5F1376A908D57309505ECF2A0DF179C4E9D30F5B239B87E3823
310
7A79C6F31DE1A8A5AEC08474B03C7837EAE4938639B44E5932B833D2C6B6B279CDC613877FA26EE21F4A2A4C63EC7F29A2F301D1F9F7A0E37D145F504B0304140006080800CC70623B9C113CC27E0000009D0000000B0000006662782F636E782E786D6C4DCCDF0A83201C86E15B91DFB94BFB330DD428C8FB886521330DA7
310
6397BF1A1DECE883878F57749FCDA1B7892F1BBC047A23808C7F84D9FA55424E0BE6803A256208E9EF06C84F9B91703228B1C690F78B66B34CD9A5439DF5CF0BFBF65E35BCA1B8D6A5C6F540381E886698B5741C695F9503EBA150A2F8958E3DC3EA0B504B0304140006080800CC70623B7DF2F77C2A010000120200003100
310
00006662782F41393633353835312D344632462D344230382D423046372D3739314545314133324237412F636F72652E786D6C8D51DB8EC22014FC15C2939B0D2DB4B45643319AE817EC0F6041255A68B86CFCFC856D4D76DF7CE190393373060EDB3DC707F856CE6B6B7A480A0C81328395DA5C7B18C3057510EC3873D686
310
3F34088C18550F330C39BB3A1BA7051AAC09CA84841A2BD5020AEF55806078A44B0FFD7053A328440C89E1EFC52486BBB8AA8214A99D789CF9E05200300FC927E4FB4D5B375D43103D5527440FB843077C5AA3F5861C8F645F5787F59E95B390B318B55CE45AA638FAA2957BD7248B390B7A7CC51F9C124149C82B8C378810
310
84AB2F42B7B8DD56F413775B8C5999E9FF4471926F8AA236A1AE96B8B3CC434E5839373893369E1FAF30EA395917409EB7F26AF8801C171837A4A6AC9C89E9F9C9B1A58BA30FD6A5EF5DDDCF894B9AD9B6A59C957943A9FCAE2FD5BC4DFE03504B0304140006080800CC70623BAD7543B64E01000033030000300000006662
310
782F41393633353835312D344632462D344230382D423046372D3739314545314133324237412F636E782E786D6CD593CD6EC32010845F0571AD6CE3D48AD20813A9873E410FBD12D82434182C7EAAE6EDBB2424CD25871E7B41D6EC30B3FA84F9E67BB2E40B4234DE8DB46F1925E094D7C6ED479AD3AE5951B2113C789FEE
310
6C943839C1488B4C05DF079FE72A69D8C96C13AAD6B8631503449F83828872B949AC57D26200B826A308D316B4064D6E46FCDA41C05550DC9E483A00797BFD207EFB092A45DE9514C1BBD22178396BD39D891265658C238DEA00936C654E5E433CB65A26D9F6EDB5EBC14EBF49A45CB856E66048291F6939A9A81BB5C89177
310
38143CA680F4AA299D66A042CEB3354A2684DC9D8D178FE0D9B8B41CAAD720F880EE7EF93C0C18769E099ECC04D5A102C8049A8A05632F4DDF376CF1DE0F6BB65C2F8627B65A33C6BB62177CEBBDAD973006829F89F22E814B54F4BC2BE347F8AA8F681390B50FA73F804400B5F542E796F19FF974E7F78DB802FE05E20750
310
4B0304140006080800CC70623BE75B7789680500003C100000340000006662782F41393633353835312D344632462D344230382D423046372D3739314545314133324237412F6F626A656374732E786D6CAD575B8F9B3818FD2B887D06C22499CB8AA1CA655245D5B455A356FB305264C061D8018C6C3393D95FBFC7600890
310
A4CD5EF210B0B1BFEBF98E3F7B1FF6596ABC522E1296DF9BAE3D320D9A872C4AF2F8DE2CE5CEBA358D0FBEC719939D65A691938CDE9B6ADAF4BD98B3B2D05311DD91329583D9D5FC0F438434A7A611A644887B5384CF34233629258BA878B12322891DEFF6B66BD70BFB62634E8AE781D082709A4B588AF91C528CDA28B73F
310
1C998EEF39EABBEFA97FBD6A7C7E9553F9D3D79FE442923C3C523610337627CB87ABE99D359D4CC6D6E4FACAB5E6ABF9D2726FC6A3C5F56271377BB88362213924694B38DD99FE47C48627A1E7D49F5A8BB5E1A74C0A599ED3B0F21F1E56366B89112D681E218F0915D0D6F17AD41FBA2A369DCF6335D62ABBD39779D5DDD1
310
11D4D8DE3CBB96B2E04FB8202E41051754A1AA8E8F76B4C6DFE810B580B1547F4B84911149794252234D024EF8BBE963A95AE27B3D310A9D5C215C7960FAEE415ED75694C6AFB17BCACA5D99A60A9AA65F217B0BFC53292ACB92BF283FAD0D3621576592CB5BED907C2FA8E9DF794E35E97BEA31BED21FEB401ABB94C44839
310
DCACBF0E1C5DA8DA5B2F4DFFD32AD86F543D9E565E7056502E157C00AD2671CD534549AB752FCA9CDA00677A313F04E51B22FF19E57B300579E3C97EB29F682D92935CEC18CF901B7B54FD8C51F362B56FC72FE0B3C1EAE335EDCCBF5AEC39ADB17DC238973F804BA5E6F6BFE7AF1FB32E523BE9F3BD571418E3631DCA4D48
310
5250CF639223210A9446CA30052EDF057BD35F8329C1ECD84552BF0DC8D18BE7BCE23BFE6BD960AB4A7DE79923A103BEBD80F911CBAA2C60DB19B01CF164A5583B772EE6D3FFA56666CBCDA74DC97724A48F9A58967497E489C4D979006FD7A05E227A1EBDD0F737C623387A9C844D3709995625106D157315F8B8392CD4E0
310
A0B9A720C4BE9829CEF37EA1E13111214D53925356365ADA634861B52519DD27A00AEB808EAF0628E6F435519D446F45CF2C9CF5214F0A15B2F6D06B79DA3EE3CBF7F56780D2F4E7EF73A0F5E5B02A38D07DC852C6B7C1FBB6664213E0C39E3EBA7FF4E1AD23EA2829407C85E586727488B751B2DB9502BC7B228A3FD68B6E
310
A65A22397E690AA8D158D7E404EC8CDA235CC3B7D1898680131CEC2CDF2638C65196279577750F15884AEE19F94199155B92B13297978469D4F8D358DF0AEF7631E28DC8F0D9F437D5D39A83B2231A1D52D543813A824EF8D44BCFF2FA6A31BD1E8DAD87F1CCB526B3879935BF59CDADD5C37479BB1CDD4CA7B3556B516589
310
EF352754B706114D9C885EC9131DE6EFEB43D99AFE2391C2F958179413D7CFEF6B1B6DB1E7600F00DE6E5C67454A339A4BA2E0FBA85ED26F045D454F463DBFCE484C2F90F2E5E3666003662ED8F755951A7D1BECD5B30B550B2785C8E7320B7292A4838DDA71BBC863ED7613CAF659337A3354231D4FF4A182A54904C2898C
310
98B28C4AD0CE056CCF332A80986E571EE9DBC305BB5FEB7E509220A58D25CF042D712A806AC0AD0C657FDEF80D2D9CEAA2EE4D1C76F60BFE74219A06527D6F82DF6412526107381E55E353090704D085B52408A8913C4ED159D79BDA71BB4BC506F4831350EB6F975CD22D69BF7AC49B91A2C0A9DDA3D5CA36AD20FC478E37
310
E61844E2352865EBCB61A275A65283CAAA9DD27703B4102F5AF51EF5F573B75CBB5AD38BC845F7A49F82A0966A49C2E3EA5EA0ECD326CD965F1DB402C6FA8B51A4658C5C5E2EC9E214602E55810345408596591009A82E7E7FFACA19EEA299B14A0081A705CB3296EBC14CDF658DCD336EA6D1136881AAEB87B81AB9EE53D5
310
F5EB8BC8362082DA24122F98680A4E7930C01A0079749CEA14382A0783E5EBA5A10F8C098456A03D6A4AEB6BB881E2513747552A5DB22C7EDAF83BD5528081A365F7FF06504B0304140006080000CC70623B000000000000000000000000350000006662782F41393633353835312D344632462D344230382D423046372D37
310
39314545314133324237412F76657274696365732E62696E504B0304140006080800CC70623BF270F1330600000004000000360000006662782F41393633353835312D344632462D344230382D423046372D3739314545314133324237412F747269616E676C65732E62696E636660600000504B0304140006080000CC7062
310
3B000000000000000000000000370000006662782F41393633353835312D344632462D344230382D423046372D3739314545314133324237412F617474726962757465732E62696E504B0304140006080800CC70623B08DA0BD19000000041010000360000006662782F41393633353835312D344632462D344230382D4230
310
46372D3739314545314133324237412F6469726563746F72792E786D6C858F410AC3201045AF22B36F53E9A60B35CBEEBAE80D244E44489C6234F4F835464A48035D0DF398FF9F8AF63D0E6CC63039F212F8F9020C7D47C6792B21C5FE7403D62A1188E2E60C98D7234A5830286103A55745067B9D86B8A3CF9C7F90C11DE6
310
07FB144396D7B6A82D282E9A152AD114D5EF2CB866EEE831B8EEA07A7BB5A8D7D61A2BAAEB7FD5F70921FF497D00504B0304140006080800CC70623BEDD1DC58FD000000A00100003B0000006662782F41393633353835312D344632462D344230382D423046372D3739314545314133324237412F7265736F75726365732F
310
636F72652E786D6C8D504B6E833010BD0A9A6D65B00922041947112427E8052C33A156828DFCA97AFC9A40A576D7CDCCE87D344F8F9FBFE667F689CE6B6B3A6039850C8DB2A336530731DC4903D95970676DF82583CCC8193B5861107C72362E3BA4AC096842428D1D7107A5F7182053CF7474E0D507CE32973124857FE48B
310
540F3961CEF244279DE03EB81420DB9EAC1384436FA353E879B1B182C7A8C75DA3C7F453DF353A1075D537A7BA6464B8F535A99AE14A9A2BBD90E350DD183B5CFABE3AF262350B1EF4FC9351399401471025A527C218A1E53BAB5A5AB765F5469B96525EACF23FA6B88CFF34456DC2A1DCE36E360F82A5202F42F062ED2BAD
310
579969AFDD8A6F504B010214000A0000080000CC70623B3DEE336E79000000790000001B00000000000000000000000000000000006175746F6465736B2D64657369676E2D7061636B6167652E786D6C504B01021400140006080800CC70623BD486FD9CA0000000F40000001300000000000000000000000000B20000005B
310
436F6E74656E745F54797065735D2E786D6C504B01021400140006080800CC70623B853B8169EB0000007C010000080000000000000000000000000083010000636F72652E786D6C504B01021400140006080800CC70623B55019EA25F0000007C000000070000000000000000000000000094020000636E782E786D6C504B
310
01021400140006080800CC70623BDBABAAF470010000D40300000C00000000000000000000000000180300006662782F636F72652E786D6C504B01021400140006080800CC70623B9C113CC27E0000009D0000000B00000000000000000000000000B20400006662782F636E782E786D6C504B01021400140006080800CC70
310
623B7DF2F77C2A010000120200003100000000000000000000000000590500006662782F41393633353835312D344632462D344230382D423046372D3739314545314133324237412F636F72652E786D6C504B01021400140006080800CC70623BAD7543B64E010000330300003000000000000000000000000000D2060000
310
6662782F41393633353835312D344632462D344230382D423046372D3739314545314133324237412F636E782E786D6C504B01021400140006080800CC70623BE75B7789680500003C10000034000000000000000000000000006E0800006662782F41393633353835312D344632462D344230382D423046372D3739314545
310
314133324237412F6F626A656374732E786D6C504B01021400140006080000CC70623B0000000000000000000000003500000000000000000000000000280E00006662782F41393633353835312D344632462D344230382D423046372D3739314545314133324237412F76657274696365732E62696E504B01021400140006
310
080800CC70623BF270F133060000000400000036000000000000000000000000007B0E00006662782F41393633353835312D344632462D344230382D423046372D3739314545314133324237412F747269616E676C65732E62696E504B01021400140006080000CC70623B0000000000000000000000003700000000000000
310
000000000000D50E00006662782F41393633353835312D344632462D344230382D423046372D3739314545314133324237412F617474726962757465732E62696E504B01021400140006080800CC70623B08DA0BD1900000004101000036000000000000000000000000002A0F00006662782F41393633353835312D344632
310
462D344230382D423046372D3739314545314133324237412F6469726563746F72792E786D6C504B01021400140006080800CC70623BEDD1DC58FD000000A00100003B000000000000000000000000000E1000006662782F41393633353835312D344632462D344230382D423046372D3739314545314133324237412F7265
310
736F75726365732F636F72652E786D6C504B0506000000000E000E0080040000641100000000
  0
XRECORD
  5
1F8
102
{ACAD_REACTORS
330
1F7
102
}
330
1F7
100
AcDbXrecord
280
1
 70
1
 90
429727718
  1
30362254-06B7-45E0-A893-8CFA70E3D6BC
310
504B03040A0000080000CC70623B3DEE336E79000000790000001B0000006175746F6465736B2D64657369676E2D7061636B6167652E786D6C3C3F786D6C2076657273696F6E3D22312E302220656E636F64696E673D227574662D3822203F3E3C666F726D6174733E3C666F726D61743E687474703A2F2F736368656D612E
310
6175746F6465736B2E636F6D2F64657369676E2D7061636B6167652F323030393C2F666F726D61743E3C2F666F726D6174733E504B0304140006080800CC70623BD486FD9CA0000000F4000000130000005B436F6E74656E745F54797065735D2E786D6C7D8EC10E82300C865F65E91D8A1E8C310C0EEA1BF002731658846E
310
D98AC1B77784ABF1D8FE5FBFBF75BBCE937A534CCEB38643598122B6FEE978D0B0485F9C41B54DDD7D022595594E1A469170414C76A4D9A4D207E29CF43ECE46F218070CC6BECC4078ACAA135ACF422C856C0E68EA1BF5669944DDD7BCDE7B1F8E415D77AECB980613C2E4AC91FC167A2B244592486606FC29C8FD7F045B9A
310
EF7053A7E60B504B0304140006080800CC70623B1EC5D7A3EB0000007C01000008000000636F72652E786D6C8D90416EC3201045AF82665B6103C6756C6122AB4D4ED00B204C5C94182C03558F5F9C3852BBEB6A467FFE9B197D71FC9E6FE8CBACC17AD7032D0820E3B41FAD9B7A48F1820F808E52ACDEC75F36404ECDA687
310
4D0629A6D5A76597B477D1B89855E747B38B2A041301E95B6E7A08FAD3CCAA50296647B8168BD2573599823EBB0CA76447F43862C7BCCF5EAC59410E4DDD9C7973C2755553CCCFA4C603E3040F1565ED3B1FDE4E432BCA0D9622DAF9795FAF464533826484B498524CD807E51D79ED187F21878E10516EF63F505AC67F42C9
310
BA58B1FDDD071640D2FCC87D2045B96591CB3DA85CB7DCE40F504B0304140006080800CC70623B55019EA25F0000007C00000007000000636E782E786D6C4DCB3B0E80201045D1AD90E915ED2CF8AC45050C11660C8261F98AB1B07AC9C97D42D718D865D3E909258CFD00CCE24AC6E326A164D74DC0B4128928FF32603847
310
2BA13128B1252AC747C6BAB984FC68F0B87FE8960A5C09FE86CFB69FBA01504B0304140006080800CC70623B8C9102E971010000D40300000C0000006662782F636F72652E786D6CC5535B6E833010BC8AE5DF0A6C08340F1947A84D4ED00B38C6A128602363A31CBFCB234A53A551FA553EC09AD9F5CE8C31DB9E9B1AF5CA
310
7695D1198E428A91D2D214952E33ECDD315861B4E5CC1AE3BE9561A445A3323CC098B3D21ADFCE9034DA29ED00D5A6503328BA4E398C640D8B0C77F253352214DE4145770A5B214FA2546114020D759C75CE8200340D19DE981F0F6746269C33EFAB6266AB02A655C74A59CCF365BADC27CB5D902ED22848F6340DF238A141
310
BE88E2F57B92BFEDF23523433367AE6A2EEAA455C2A902F398D2751045018D3FA264435F3771F242571B4A1919CA6F9A7C5B3CD9E42BED16F12C776AEB308F40C848FC700B1139D4891EF410CEC810227CC6846F8386402064270EF5C5C709A05E49676C024C61FC95EA45ED154CA5211D1FF4FB8291A913A68E9B83EBBB33
310
E2A7673CDE118E5AE8124C0807CB8377834E366998436B950D7A7746DAD846D4CFD978E0F04FD455FC5D49D2D4C6FE9722321F10997F0F32DC47FE05504B0304140006080800CC70623BFFEA85907E0000009D0000000B0000006662782F636E782E786D6C4DCCD10A83201886E15B91FFDC95D95A811AB6F23E625948A6C3
310
E9D8E5AF46073BFAE0E1E365ED67B3E8ADC3CB78C7815C7240DA3DFC64DCC221C519D7805AC182F7F1EF06C88D9BE6703008B6049F9E274D7A1E938DBB5AE3D6131B2589BA0D3D965551E0B2EA732C9B9A624AAEB41E3A557677029960D9AFB4EF11165F504B0304140006080800CC70623B4FEEA4082C0100001202000031
310
0000006662782F39464131463745442D413632322D343644302D413938332D3331353338454246344243312F636F72652E786D6C8D515B6EC32010BC0AE2AB55850DD871ED0813254D72825EC00192A2C460F1A872FC42ED48ED5F7E00CDCECCCEB26C731F6FE05B39AFADE921293004CA082BB5B9F43086336A21D870E6AC
310
0D7F68109861543DCC30E4ECE26C9C164858139409093556AA051CBC570102714B8F1E7AF1A5C6A11862480C7F2DA6415C878B2A4891CA89C7990F2E050073937C42DE1DB7E4F87ED8A36D4329AA9B3D46DBAEAD504556557BD81DEBDD0761E52CE42C462D17B996298E3E6BE59E35C962CE821E1FF18553435012728A7187
310
0841987E927A8D9B35ADDF70BBC6989599FE4F1427F9A4286A132ABAC49D651EF234CD5CE04CDA78BA3DC2A8FB645D00B9DF8B57E215725C60BCA2A463E54C4CE327C7A65E1C7DB02E7DEFCBF594B864C5CA6CDBD49C957943E9FA5D5FBAF336F90F504B0304140006080800CC70623BAD7543B64E01000033030000300000
310
006662782F39464131463745442D413632322D343644302D413938332D3331353338454246344243312F636E782E786D6CD593CD6EC32010845F0571AD6CE3D48AD20813A9873E410FBD12D82434182C7EAAE6EDBB2424CD25871E7B41D6EC30B3FA84F9E67BB2E40B4234DE8DB46F1925E094D7C6ED479AD3AE5951B2113C
310
789FEE6C943839C1488B4C05DF079FE72A69D8C96C13AAD6B8631503449F83828872B949AC57D26200B826A308D316B4064D6E46FCDA41C05550DC9E483A00797BFD207EFB092A45DE9514C1BBD22178396BD39D891265658C238DEA00936C654E5E433CB65A26D9F6EDB5EBC14EBF49A45CB856E66048291F6939A9A81BB5
310
C8917738143CA680F4AA299D66A042CEB3354A2684DC9D8D178FE0D9B8B41CAAD720F880EE7EF93C0C18769E099ECC04D5A102C8049A8A05632F4DDF376CF1DE0F6BB65C2F8627B65A33C6BB62177CEBBDAD973006829F89F22E814B54F4BC2BE347F8AA8F681390B50FA73F804400B5F542E796F19FF974E7F78DB802FE05
310
E207504B0304140006080800CC70623B16AB87BA640500003C100000340000006662782F39464131463745442D413632322D343644302D413938332D3331353338454246344243312F6F626A656374732E786D6CAD575B6FA33818FD2B887DE6924B3BED8A326A92B68A663B534DD4D13E548A0C38942D60649B369D5FBFC7
310
600890A493BDE42160637FD7F31D7FF63E6FB3D478A55C242CBF3247B66B1A340F5994E4F19559CA8D75611A9F7D8F33263BCB4C232719BD32D5B4E97B316765A1A722BA21652A07B3B7B33F0D11D29C9A46981221AE4C113ED38CD8A4942CA2E2C58E882476BCD9DA23BB5ED8171B73523C0F841684D35CC252CCE79062D4
310
468DFA43D7747CCF51DF7D4FFDEB5593E3AB9CCA9FBEFE241792E4E19EB28198C968BAB8199F5D5A67D3E9C49A9E8F47D6EC76B6B0469F26EEFC7C3EBFBCBEB98462213924694B38DD98FE1D62C393D073EA4FADC5DAF04326852CCF6958F90F0F2B9BB5C48816348F90C7840A68EB78EDF68723159BCEE7891A6B95DDE9D3
310
BCEAEEE8086A6C6F9E5D4B59F0175C10A7A0820BAA5055C7473B5AE3CFDD452D602CD5DF12616444529E90D448938013FE6EFA58AA96F85E4F8C42275708571E98FE6827AF6B2B4AE3D7D83D64E5A64C53054DD3AF90BD06FEA9149565C94FCA0F6B834DC85599E4F2423B24DF0B6AFA979E534DFA9E7A4CC6FA631D486393
310
921829879BF5D781A373557BCB85E97FB90DB62B558F8795179C15944B051F40AB495CF35451D26A4727654E6D8033BD98EF82F21D91FF8AF2DD9982BCF1643BDD4EB516C9492E368C67C88DED563FC36D5EACF66DFF057C3658BDBFA69DF9578B3DA735B64F18C7F20770A9D45CFCF7FCF563D6456A277DBEF78A02637CA2
310
43B90A490AEAB94F72244481D24819A6C0E59B606BFA4B3025981DBB48EAB701D97BF19C577CC77F2D1B6C55A9EF3C732474C0B727303F625995056C3B02963D9EAC146BE78EC5FCEC7FA999EBC5EACBAAE41B12D27B4D2C0BBA49F244E2ECDC81B76B502F113D8F5EE8FB1BE3111CDD4FC2AA9B844CAB1288B68AB90A7CDC
310
1C166AB0D3DC5310625FCC14E779BFD0709F8890A629C9292B1B2DED31A4B0DA928CEE135085754027E3018A397D4D5427D15BD1330B677DC8934285AC3DF45A9EB68FF8F2B8FC0A509AFEECFD0FF2DE25CC6047F7214B195F07EFEB9A094D800F7BFAE8FED187B78EA8A3A400F115961BCAD1215E47C966530AF0EE8128FE
310
58CEBB996A8964FFA529A046635D9353B0336A8F700DDF46271A024E70B0B37C9DE01847591E54DED53D54202AB947E4076556AC49C6CA5C9E1226B7F1A7B1BE15DEED62C41B91E1B3E9AFAAA735036547343A925075041DF0A9979E893B391F8FCFA6967B3EFB644DCF6E5CEBFAE272625DCC6FAF3FB93793C5F90CE1EF57
310
407342756B10D1C489E8953CD1617E5CEECAD6F4EF8914CE5D5D504E5C3F1F9736DA62CFC11E00BCDDB8CC8A9466349744C1F75EBDA4DF09BA8A9E8C7A7E9991989E20E5DBDD6A6003664ED8F7A04A8DBE0DF6EAD9B9AA858342E47399053949D2C146EDB85DE4B176BB0965FBAC19BD19AA918E27FA50C1D22402E144464C
310
59462568E704B6E71915404CB72B8FF4EDE184DDAF753F284990D2C6926782963815403548A70C657FDEF80D2D9CEAA2AE4C1C76F60BFE74219A06527D6582DF6412526107381E55E353090704D085B52408D0933C4ED159D79BDA71BB4BC506F4831350EB6F979CD22D69BF7AC49B91A2C0A9DDA3D5CA36AD20FC478E37E6
310
1844E2352865EBCB6EA275A652E3836BE04EFB400BF1A2556F515F1FBB35B2AB35BD889C744FFA1004B5544B121E57F70215746DD2F5E2C1412B602CBF19455AC6C8E5E9922C4E01E65215385004546899059180EAFCF7A707CE7017CD8CDB0410789AB32C63B91E5CEBBBACB17AC6CD347A022D5075FD106377347AAABA7E
310
7D11590744509B44E205134DC1290F06580320F78E537D3D73540E06CB970B431F185308AD40BBD794D6D77003C5A36E8EAA54BA64597CD8F83BD552A080A365F7FF06504B0304140006080000CC70623B000000000000000000000000350000006662782F39464131463745442D413632322D343644302D413938332D3331
310
353338454246344243312F76657274696365732E62696E504B0304140006080800CC70623BF270F1330600000004000000360000006662782F39464131463745442D413632322D343644302D413938332D3331353338454246344243312F747269616E676C65732E62696E636660600000504B0304140006080000CC70623B
310
000000000000000000000000370000006662782F39464131463745442D413632322D343644302D413938332D3331353338454246344243312F617474726962757465732E62696E504B0304140006080800CC70623B08DA0BD19000000041010000360000006662782F39464131463745442D413632322D343644302D413938
310
332D3331353338454246344243312F6469726563746F72792E786D6C858F410AC3201045AF22B36F53E9A60B35CBEEBAE80D244E44489C6234F4F835464A48035D0DF398FF9F8AF63D0E6CC63039F212F8F9020C7D47C6792B21C5FE7403D62A1188E2E60C98D7234A5830286103A55745067B9D86B8A3CF9C7F90C11DE607
310
FB144396D7B6A82D282E9A152AD114D5EF2CB866EEE831B8EEA07A7BB5A8D7D61A2BAAEB7FD5F70921FF497D00504B0304140006080800CC70623B0D6EF93BFE000000A00100003B0000006662782F39464131463745442D413632322D343644302D413938332D3331353338454246344243312F7265736F75726365732F63
310
6F72652E786D6C8D50596E833010BD0A9ADFCA60B334011947A8694ED00B586642AC041B79A97AFC9A40A5F6AF3F33A3B7689E1E3F7DCD8FEC139DD7D6F4C0720A191A65476DA61E62B892236427C19DB5E1970C322367EC618541F0C9D9B8EC90B226A009093576C41D94DE63804C3DD2D18357379C652E63480A7FCF17A9
310
EE72C29CE5894E3AC17D702940B63D59270887DE46A7D0F36263058F518FBB468FE9A7BE6A7420864373B8D4873369AA8691FA421B3294352543C5CAF65C0F6FEF43CB8BD52C78D0F34F46E550061C419494B6843142CB0F5677F4B52BEB177AEC28E5C52AFF638ACBF84F53D42654E51E77B379102C05791282176B5F693D
310
CB4C7BED567C03504B010214000A0000080000CC70623B3DEE336E79000000790000001B00000000000000000000000000000000006175746F6465736B2D64657369676E2D7061636B6167652E786D6C504B01021400140006080800CC70623BD486FD9CA0000000F40000001300000000000000000000000000B20000005B
310
436F6E74656E745F54797065735D2E786D6C504B01021400140006080800CC70623B1EC5D7A3EB0000007C010000080000000000000000000000000083010000636F72652E786D6C504B01021400140006080800CC70623B55019EA25F0000007C000000070000000000000000000000000094020000636E782E786D6C504B
310
01021400140006080800CC70623B8C9102E971010000D40300000C00000000000000000000000000180300006662782F636F72652E786D6C504B01021400140006080800CC70623BFFEA85907E0000009D0000000B00000000000000000000000000B30400006662782F636E782E786D6C504B01021400140006080800CC70
310
623B4FEEA4082C0100001202000031000000000000000000000000005A0500006662782F39464131463745442D413632322D343644302D413938332D3331353338454246344243312F636F72652E786D6C504B01021400140006080800CC70623BAD7543B64E010000330300003000000000000000000000000000D5060000
310
6662782F39464131463745442D413632322D343644302D413938332D3331353338454246344243312F636E782E786D6C504B01021400140006080800CC70623B16AB87BA640500003C1000003400000000000000000000000000710800006662782F39464131463745442D413632322D343644302D413938332D3331353338
310
454246344243312F6F626A656374732E786D6C504B01021400140006080000CC70623B0000000000000000000000003500000000000000000000000000270E00006662782F39464131463745442D413632322D343644302D413938332D3331353338454246344243312F76657274696365732E62696E504B01021400140006
310
080800CC70623BF270F133060000000400000036000000000000000000000000007A0E00006662782F39464131463745442D413632322D343644302D413938332D3331353338454246344243312F747269616E676C65732E62696E504B01021400140006080000CC70623B0000000000000000000000003700000000000000
310
000000000000D40E00006662782F39464131463745442D413632322D343644302D413938332D3331353338454246344243312F617474726962757465732E62696E504B01021400140006080800CC70623B08DA0BD190000000410100003600000000000000000000000000290F00006662782F39464131463745442D413632
310
322D343644302D413938332D3331353338454246344243312F6469726563746F72792E786D6C504B01021400140006080800CC70623B0D6EF93BFE000000A00100003B000000000000000000000000000D1000006662782F39464131463745442D413632322D343644302D413938332D3331353338454246344243312F7265
310
736F75726365732F636F72652E786D6C504B0506000000000E000E0080040000641100000000
  0
XRECORD
  5
175
102
{ACAD_REACTORS
330
173
102
}
330
173
100
AcDbXrecord
280
1
270
1
271
1
  0
XRECORD
  5
174
102
{ACAD_REACTORS
330
173
102
}
330
173
100
AcDbXrecord
280
1
270
1
271
1
  0
XRECORD
  5
1FB
102
{ACAD_REACTORS
330
173
102
}
330
173
100
AcDbXrecord
280
1
 70
0
 90
1673772943
  1
ECE7A1D2-D628-4531-984C-D00F80459256
310
504B03040A0000080000CC70623B3DEE336E79000000790000001B0000006175746F6465736B2D64657369676E2D7061636B6167652E786D6C3C3F786D6C2076657273696F6E3D22312E302220656E636F64696E673D227574662D3822203F3E3C666F726D6174733E3C666F726D61743E687474703A2F2F736368656D612E
310
6175746F6465736B2E636F6D2F64657369676E2D7061636B6167652F323030393C2F666F726D61743E3C2F666F726D6174733E504B0304140006080800CC70623BD486FD9CA0000000F4000000130000005B436F6E74656E745F54797065735D2E786D6C7D8EC10E82300C865F65E91D8A1E8C310C0EEA1BF002731658846E
310
D98AC1B77784ABF1D8FE5FBFBF75BBCE937A534CCEB38643598122B6FEE978D0B0485F9C41B54DDD7D022595594E1A469170414C76A4D9A4D207E29CF43ECE46F218070CC6BECC4078ACAA135ACF422C856C0E68EA1BF5669944DDD7BCDE7B1F8E415D77AECB980613C2E4AC91FC167A2B244592486606FC29C8FD7F045B9A
310
EF7053A7E60B504B0304140006080800CC70623BD9DDAED0EC0000007C01000008000000636F72652E786D6C8D90416EC3201045AF82665B61836D9CD8C2444DD39CA01740405C94182C03558F5F9C3852BBEB6A467FFE9B197D7EF89E6EE8CB2CC17A37002D0820E394D7D68D03A478C17B4007C117EFE32F1B20272733C0
310
2A83E0E3E2D3BC49CABB685CCCAAF3DA6CA20CC14440EA969B0182FA34932C648AD911AEC52CD5558EA6A0CF2EC329598D1E47ACCEFBECC59A050463A7EA5833865FEBDD0E37353BE3EE8DBDE3F6786A48D375FBF6CC78B9C282473B3DEFABC5C86834888A900E538A49F5419B9EB47DD5BC907D4F082F57FB1F28CDFA9F50
310
B22ED6D5F6EE030B20687EE43E10BC5CB3C8E51E54AE6B6EE207504B0304140006080800CC70623B55019EA25F0000007C00000007000000636E782E786D6C4DCB3B0E80201045D1AD90E915ED2CF8AC45050C11660C8261F98AB1B07AC9C97D42D718D865D3E909258CFD00CCE24AC6E326A164D74DC0B4128928FF326038
310
472BA13128B1252AC747C6BAB984FC68F0B87FE8960A5C09FE86CFB69FBA01504B0304140006080800CC70623BA24EB22D72010000D40300000C0000006662782F636F72652E786D6CC5535B6E833010BC8AE5DF0A6C5E49888CA3A6694ED00B38E05014B091B1518EDFE511A5A9D228FD2A1F60CDEC7A67C6986DCE4D8D7A
310
69BA4AAB0C073EC548AA5C17952A33ECECD15B61B4E1CC686DBF9561A44423333CC098B3D268D7CE50AE9595CA02AA74216750749DB418E5352C32DCE59FB211BE70162ABA93DF8AFC244AE9073ED050C759670D0840D390E18DF9F1706664C23973AE2A66B62A605A75ACA4C13C4976E1364A12EF355A2EBD384AF65EFA96
310
BC7B8BED2EA6719AAE16FB8491A199335B351775B991C2CA02F390D2D40B028F861F41BCA68B7518BFD0D59A524686F29B26D7164F36B94AD9289CE54E6D1DE6010819891F6E21228B3AD1831EC219194284CF98F06DD01008846CC5A1BEF83801D4CBDC6A1303536877A57A513B0953A94FC707FDBE6064EA84A9E3E6E0FA
310
EE8CF0E9198F7784A316AA0413C2C2F2E0ECA0934D1AE6D05A69BCDE9E91D2A611F573361E38FC1375157F5752AE6B6DFE4B11990F88CCBF0719EE23FF02504B0304140006080800CC70623B408A7D3B7C0000009D0000000B0000006662782F636E782E786D6C4DCCD10A83201886E15B91FFDC552A92A0064DBC8F581632
310
D3703A76F9ABD1C18E3E78F878E5F0D9027ABBFCF2292AE86E2D20171F69F6715550CB827B40839639A5F2770314A7CD293819B45C73AAFB45B35BA61ACAA1C1C7E7855C58C15BC331339661262CC762340413D68D77DA5B42298546CBE6573AF60CEB2F504B0304140006080800CC70623B449FB9BD290100001202000031
310
0000006662782F36394639363044362D344446342D343946362D394244322D3234314243333846323333332F636F72652E786D6C8D515B6EC32010BC0AE22B55850D98B871848994463E412FE002495162B07854397EA176A4F62F3F2C9A9D991D587EB84F37F0AD7D30CEF6905418026DA553C65E7A98E219ED203808EE9D
310
8B7F6810D871D23D2C3014FCE25D9A57483A1BB58D19B54EE9151C43D0110279CB971E06F9A5A7B11A53CC8C70ADE6515EC78BAE4895DB992778883E0700CB907242D17643D7E2538BD869608875438BBAE38922CAC8F1BDD90DB4691A5E2F42C153326A951B95E398B3D1FE599322163C9AE9115F7A3D46ADA0A018778810
310
84E907617BDCEE297BC5BB3DC6BC2EF47FA234AB2745C9D8D8D035EE220B50105E2F0DC1954B9FB747187D9F9D8FA0CCDB042D5FA0C015C65B42DF78BD10F3F3B363CB56C7109DCFDFBBB97E662ED92EB62D13BC2E1BCAE5777DB9966D8A1F504B0304140006080800CC70623BAD7543B64E01000033030000300000006662
310
782F36394639363044362D344446342D343946362D394244322D3234314243333846323333332F636E782E786D6CD593CD6EC32010845F0571AD6CE3D48AD20813A9873E410FBD12D82434182C7EAAE6EDBB2424CD25871E7B41D6EC30B3FA84F9E67BB2E40B4234DE8DB46F1925E094D7C6ED479AD3AE5951B2113C789FEE
310
6C943839C1488B4C05DF079FE72A69D8C96C13AAD6B8631503449F83828872B949AC57D26200B826A308D316B4064D6E46FCDA41C05550DC9E483A00797BFD207EFB092A45DE9514C1BBD22178396BD39D891265658C238DEA00936C654E5E433CB65A26D9F6EDB5EBC14EBF49A45CB856E66048291F6939A9A81BB5C89177
310
38143CA680F4AA299D66A042CEB3354A2684DC9D8D178FE0D9B8B41CAAD720F880EE7EF93C0C18769E099ECC04D5A102C8049A8A05632F4DDF376CF1DE0F6BB65C2F8627B65A33C6BB62177CEBBDAD973006829F89F22E814B54F4BC2BE347F8AA8F681390B50FA73F804400B5F542E796F19FF974E7F78DB802FE05E20750
310
4B0304140006080800CC70623B8D05915C650500003B100000340000006662782F36394639363044362D344446342D343946362D394244322D3234314243333846323333332F6F626A656374732E786D6CAD575B6FA33814FE2B887D06429276DA1565D4266D158D3A339A6846FB502932E050B66023DB74D2FDF5FB190C01
310
9276B2973C046C8ECFF53B17071F77456EBD502133CEAE6CDF9DD81665314F32965ED995DA3A17B6F5310C04E7AA47665B8C14F4CAD6DB7618A48257A5D94AE89654B91AEDDEDDFC61C998326A5B714EA4BCB265FC440BE2924AF184CA6737218AB8E976E7FA6E4338649B0A523E8D98964450A6A029F619B8588D52FE7039
310
B1BD30F0F4F730D0FF866AF6369557DB33949F31A9088B0F848DD8CCFCF9F2767A76E99CCDE733677E3EF59D9BBB9BA5E37F984D16E78BC5E5F5ED25044B25C0C96822E8D60EEFE11B91C581D77CEA34368A1F5329E68CD1B8B61F16D63A1B8E092D294B10C78C4A48EB593D192E7DED9BDEE7995E1B91FDEDD3ACEA9FE831
310
6A756F9F7D4D79F4274C90A7A04248AA51D5F8C718DAE06FB2F75AC4796EBE65D22A88A22223B995679120E2D50E41AA49C260C046A35368846B0BECD0DFF3EBEB8AD4F835768F69B9ADF25C43D30E6B646F807FAA64AD59F61715C7A54127C4AACA98BA3006A9D792DAE165E0D59B61A01FB3A9F9D838D2DAE62445C86166
310
F37564E842E7DE6A69879FEEA2DD5AE7E371E1A5E025154AC307D06A03D73EB5978C58FFA4C8E9033066E0F3BD53BEC1F39F91BE7B55103791EDE6BBB991A2046172CB4581D8B893FA674DDA17A77B3B7C413D1B511FD2743BFF8A38F03A658705E3ADF8015C3A3417FF3D7E439FF591DA0B5F18BC20C1B8981957AE6392A3
310
F43C640C01D1A0B4728E2DD4F26DB4B3C3152A252A3B4E913CEC1C72F012782FF88EFF8637AA552DBEF76408E8A8DE9E50F9E1CB3A2DA0DB1B6039A893B56063DC5B3E3FFB5F72E67AB9FEB4AEC496C4F4C1149625DD662C53E89D7BF0F6151A046260D1337DFDC94502430F83B0EE07A130A224BCAD7DAE1D9FB6CD422FF6
310
920702629C4BB9AE79C12F243C6432A6794E18E5552BA56B431AAB5D91317302B2B071E86C3A42B1A02F999E24061403B5D0EB639195DA655DD3EBEAB4FB862DDF579F014AD0E73C22F99E28DA57FB98E75C6CA2D74D53086D600F4786E0FE3144B771A8A7B900F03594DB8A633CBC49B2EDB69228BB479CF863B5E807AAAB
310
23872F6DFEB4129B949CA33823F58830E86D65621E10047D9DB34D862E8EAC3C2ABC2F7B2C40D67CDFE01F5545B92105AF983AC54D93D69E56FB8E797F88913F898A9FEC705D3F9D1B54EC8426FB500D40A03BD0119B06E1B95DDC7EB8F6975367793EBD70E66733DFB9BC982F9CE564727731999F5D4ECFCE3B8D6A4DC2A0
310
6D50FD148437D110834A64C6CDDF57FBACB5C307A2A477DFE4939736CFEF2B175371E0E10CF0DD1D5C15654E0BCA14D1E87DD02FF93782A162C0A3D95F1524A52770F972BF1EE9809D13CE7DD599467F8ECE9ADD85CE85A34CD45355448C64F9E8A031DC2D596ACC6E5DD93D9B82DE2EF5CAF81363A8E47996A0DE24564A79
310
4115AACE09C55E14540231FDA13C319787134EBF34E3A022514E5B4D9E0826E25C02D5805B15ABE1BEF51B26383D445DD9E875EE33FE4C22DA16427D65A3BCA92CA6D28DD01DF5DC53330704308475351050232CCD31583787BA75774AFB06E5070DD0C8EF484E19968C5D83BA5B90B244D31E54D55A372320FE4786B7EA58
310
44E135AA5467CB7EA333A61683CC6A8C3257034C10CF46F40EF9F5BE59BE5BD30C3C72D235E95D10345C1D45445A5F0BB47E46A5EBE5570F9380B5FA629579952296A773720405982B9DE04011506178964401AA8BDF1FBF0A8EAB6861DD6580C0E38217056766716DAEB2D6FA0917D3E4116581EADB879C4E7CFFB11EFACD
310
3D641311495D92C8676CB409A72D18610D803CE8A626049E8EC1887CB5B44CC39883690DDA8399B4B9855B481E7D71D4A9D22F96E5BB73BF5793020C02137BF837504B0304140006080000CC70623B000000000000000000000000350000006662782F36394639363044362D344446342D343946362D394244322D32343142
310
43333846323333332F76657274696365732E62696E504B0304140006080800CC70623BF270F1330600000004000000360000006662782F36394639363044362D344446342D343946362D394244322D3234314243333846323333332F747269616E676C65732E62696E636660600000504B0304140006080000CC70623B0000
310
00000000000000000000370000006662782F36394639363044362D344446342D343946362D394244322D3234314243333846323333332F617474726962757465732E62696E504B0304140006080800CC70623B08DA0BD19000000041010000360000006662782F36394639363044362D344446342D343946362D394244322D
310
3234314243333846323333332F6469726563746F72792E786D6C858F410AC3201045AF22B36F53E9A60B35CBEEBAE80D244E44489C6234F4F835464A48035D0DF398FF9F8AF63D0E6CC63039F212F8F9020C7D47C6792B21C5FE7403D62A1188E2E60C98D7234A5830286103A55745067B9D86B8A3CF9C7F90C11DE607FB14
310
4396D7B6A82D282E9A152AD114D5EF2CB866EEE831B8EEA07A7BB5A8D7D61A2BAAEB7FD5F70921FF497D00504B0304140006080800CC70623BCA768048FE000000A00100003B0000006662782F36394639363044362D344446342D343946362D394244322D3234314243333846323333332F7265736F75726365732F636F72
310
652E786D6C8D50596E833010BD0A9ADFCA60D600328E9AA639412F609909B1126CE4A5EAF16B0295DABFFECC8CDEA2797AECF8353F924FB44E193D409E5248504B332A3D0D10FC95B4901C39B3C6F85F3248B49871801506CE266BC2B243D2688FDA47549B11775038871E12F988C7004EDE7016A9083E2ADC3D5D84BC8B09
310
D33C8D74D471E6BC8D0192EDC93A815B742658898E651BCB59086ADC356A8C3FD555A1055ED7E7E254D615792D0F075295F585746FF53B694EE78A565DD736979A65AB9933AFE69F8CD2A2F038022F28ED489E135A7CE4554F9BBEA85E68DB53CAB255FEC71496F19FA6A0B42F8B3DEE6673C0F318E4497096AD7DC5F52C33
310
EEB55BFE0D504B010214000A0000080000CC70623B3DEE336E79000000790000001B00000000000000000000000000000000006175746F6465736B2D64657369676E2D7061636B6167652E786D6C504B01021400140006080800CC70623BD486FD9CA0000000F40000001300000000000000000000000000B20000005B436F
310
6E74656E745F54797065735D2E786D6C504B01021400140006080800CC70623BD9DDAED0EC0000007C010000080000000000000000000000000083010000636F72652E786D6C504B01021400140006080800CC70623B55019EA25F0000007C000000070000000000000000000000000095020000636E782E786D6C504B0102
310
1400140006080800CC70623BA24EB22D72010000D40300000C00000000000000000000000000190300006662782F636F72652E786D6C504B01021400140006080800CC70623B408A7D3B7C0000009D0000000B00000000000000000000000000B50400006662782F636E782E786D6C504B01021400140006080800CC70623B
310
449FB9BD290100001202000031000000000000000000000000005A0500006662782F36394639363044362D344446342D343946362D394244322D3234314243333846323333332F636F72652E786D6C504B01021400140006080800CC70623BAD7543B64E010000330300003000000000000000000000000000D20600006662
310
782F36394639363044362D344446342D343946362D394244322D3234314243333846323333332F636E782E786D6C504B01021400140006080800CC70623B8D05915C650500003B10000034000000000000000000000000006E0800006662782F36394639363044362D344446342D343946362D394244322D32343142433338
310
46323333332F6F626A656374732E786D6C504B01021400140006080000CC70623B0000000000000000000000003500000000000000000000000000250E00006662782F36394639363044362D344446342D343946362D394244322D3234314243333846323333332F76657274696365732E62696E504B010214001400060808
310
00CC70623BF270F13306000000040000003600000000000000000000000000780E00006662782F36394639363044362D344446342D343946362D394244322D3234314243333846323333332F747269616E676C65732E62696E504B01021400140006080000CC70623B00000000000000000000000037000000000000000000
310
00000000D20E00006662782F36394639363044362D344446342D343946362D394244322D3234314243333846323333332F617474726962757465732E62696E504B01021400140006080800CC70623B08DA0BD190000000410100003600000000000000000000000000270F00006662782F36394639363044362D344446342D
310
343946362D394244322D3234314243333846323333332F6469726563746F72792E786D6C504B01021400140006080800CC70623BCA768048FE000000A00100003B000000000000000000000000000B1000006662782F36394639363044362D344446342D343946362D394244322D3234314243333846323333332F7265736F
310
75726365732F636F72652E786D6C504B0506000000000E000E0080040000621100000000
  0
XRECORD
  5
176
102
{ACAD_REACTORS
330
173
102
}
330
173
100
AcDbXrecord
280
1
270
1
271
1
  0
XRECORD
  5
177
102
{ACAD_REACTORS
330
173
102
}
330
173
100
AcDbXrecord
280
1
270
1
271
1
  0
CELLSTYLEMAP
  5
FC0
102
{ACAD_REACTORS
330
162
102
}
330
162
100
AcDbCellStyleMap
 90
3
300
CELLSTYLE
  1
TABLEFORMAT_BEGIN
 90
5
170
1
 91
0
 92
32768
 62
257
 93
1
300
CONTENTFORMAT
  1
CONTENTFORMAT_BEGIN
 90
0
 91
0
 92
512
 93
0
300

 40
0.0
140
1.0
 94
5
 62
0
340
11
144
6.0
309
CONTENTFORMAT_END
171
1
301
MARGIN
  1
CELLMARGIN_BEGIN
 40
1.5
 40
1.5
 40
1.5
 40
1.5
 40
4.5
 40
4.5
309
CELLMARGIN_END
 94
6
 95
1
302
GRIDFORMAT
  1
GRIDFORMAT_BEGIN
 90
0
 91
1
 62
0
 92
-2
340
14
 93
0
 40
1.125
309
GRIDFORMAT_END
 95
2
302
GRIDFORMAT
  1
GRIDFORMAT_BEGIN
 90
0
 91
1
 62
0
 92
-2
340
14
 93
0
 40
1.125
309
GRIDFORMAT_END
 95
4
302
GRIDFORMAT
  1
GRIDFORMAT_BEGIN
 90
0
 91
1
 62
0
 92
-2
340
14
 93
0
 40
1.125
309
GRIDFORMAT_END
 95
8
302
GRIDFORMAT
  1
GRIDFORMAT_BEGIN
 90
0
 91
1
 62
0
 92
-2
340
14
 93
0
 40
1.125
309
GRIDFORMAT_END
 95
16
302
GRIDFORMAT
  1
GRIDFORMAT_BEGIN
 90
0
 91
1
 62
0
 92
-2
340
14
 93
0
 40
1.125
309
GRIDFORMAT_END
 95
32
302
GRIDFORMAT
  1
GRIDFORMAT_BEGIN
 90
0
 91
1
 62
0
 92
-2
340
14
 93
0
 40
1.125
309
GRIDFORMAT_END
309
TABLEFORMAT_END
  1
CELLSTYLE_BEGIN
 90
1
 91
1
300
_TITLE
309
CELLSTYLE_END
300
CELLSTYLE
  1
TABLEFORMAT_BEGIN
 90
5
170
1
 91
0
 92
0
 62
257
 93
1
300
CONTENTFORMAT
  1
CONTENTFORMAT_BEGIN
 90
0
 91
0
 92
512
 93
0
300

 40
0.0
140
1.0
 94
5
 62
0
340
11
144
4.5
309
CONTENTFORMAT_END
171
1
301
MARGIN
  1
CELLMARGIN_BEGIN
 40
1.5
 40
1.5
 40
1.5
 40
1.5
 40
4.5
 40
4.5
309
CELLMARGIN_END
 94
6
 95
1
302
GRIDFORMAT
  1
GRIDFORMAT_BEGIN
 90
0
 91
1
 62
0
 92
-2
340
14
 93
0
 40
1.125
309
GRIDFORMAT_END
 95
2
302
GRIDFORMAT
  1
GRIDFORMAT_BEGIN
 90
0
 91
1
 62
0
 92
-2
340
14
 93
0
 40
1.125
309
GRIDFORMAT_END
 95
4
302
GRIDFORMAT
  1
GRIDFORMAT_BEGIN
 90
0
 91
1
 62
0
 92
-2
340
14
 93
0
 40
1.125
309
GRIDFORMAT_END
 95
8
302
GRIDFORMAT
  1
GRIDFORMAT_BEGIN
 90
0
 91
1
 62
0
 92
-2
340
14
 93
0
 40
1.125
309
GRIDFORMAT_END
 95
16
302
GRIDFORMAT
  1
GRIDFORMAT_BEGIN
 90
0
 91
1
 62
0
 92
-2
340
14
 93
0
 40
1.125
309
GRIDFORMAT_END
 95
32
302
GRIDFORMAT
  1
GRIDFORMAT_BEGIN
 90
0
 91
1
 62
0
 92
-2
340
14
 93
0
 40
1.125
309
GRIDFORMAT_END
309
TABLEFORMAT_END
  1
CELLSTYLE_BEGIN
 90
2
 91
1
300
_HEADER
309
CELLSTYLE_END
300
CELLSTYLE
  1
TABLEFORMAT_BEGIN
 90
5
170
1
 91
0
 92
0
 62
257
 93
1
300
CONTENTFORMAT
  1
CONTENTFORMAT_BEGIN
 90
0
 91
0
 92
512
 93
0
300

 40
0.0
140
1.0
 94
2
 62
0
340
11
144
4.5
309
CONTENTFORMAT_END
171
1
301
MARGIN
  1
CELLMARGIN_BEGIN
 40
1.5
 40
1.5
 40
1.5
 40
1.5
 40
4.5
 40
4.5
309
CELLMARGIN_END
 94
6
 95
1
302
GRIDFORMAT
  1
GRIDFORMAT_BEGIN
 90
0
 91
1
 62
0
 92
-2
340
14
 93
0
 40
1.125
309
GRIDFORMAT_END
 95
2
302
GRIDFORMAT
  1
GRIDFORMAT_BEGIN
 90
0
 91
1
 62
0
 92
-2
340
14
 93
0
 40
1.125
309
GRIDFORMAT_END
 95
4
302
GRIDFORMAT
  1
GRIDFORMAT_BEGIN
 90
0
 91
1
 62
0
 92
-2
340
14
 93
0
 40
1.125
309
GRIDFORMAT_END
 95
8
302
GRIDFORMAT
  1
GRIDFORMAT_BEGIN
 90
0
 91
1
 62
0
 92
-2
340
14
 93
0
 40
1.125
309
GRIDFORMAT_END
 95
16
302
GRIDFORMAT
  1
GRIDFORMAT_BEGIN
 90
0
 91
1
 62
0
 92
-2
340
14
 93
0
 40
1.125
309
GRIDFORMAT_END
 95
32
302
GRIDFORMAT
  1
GRIDFORMAT_BEGIN
 90
0
 91
1
 62
0
 92
-2
340
14
 93
0
 40
1.125
309
GRIDFORMAT_END
309
TABLEFORMAT_END
  1
CELLSTYLE_BEGIN
 90
3
 91
2
300
_DATA
309
CELLSTYLE_END
  0
DICTIONARY
  5
FC5
330
C
100
AcDbDictionary
281
1
  3
WRITTEN_BY_EZDXF
350
FC6
  0
DICTIONARYVAR
  5
FC6
330
FC5
100
DictionaryVariables
280
0
  1
1.4.1 @ 2025-05-19T03:24:23.184154+00:00
  0
ENDSEC
  0
SECTION
  2
ACDSDATA
 70
2
 71
8
  0
ACDSSCHEMA
 90
0
  1
AcDb_Thumbnail_Schema
  2
AcDbDs::ID
280
10
 91
8
  2
Thumbnail_Data
280
15
 91
0
101
ACDSRECORD
 95
0
 90
1
  2
AcDbDs::TreatedAsObjectData
280
1
291
1
101
ACDSRECORD
 95
0
 90
2
  2
AcDbDs::Legacy
280
1
291
1
101
ACDSRECORD
  1
AcDbDs::ID
 90
3
  2
AcDs:Indexable
280
1
291
1
101
ACDSRECORD
  1
AcDbDs::ID
 90
4
  2
AcDbDs::HandleAttribute
280
7
282
1
  0
ACDSSCHEMA
 90
1
  1
AcDbDs::TreatedAsObjectDataSchema
  2
AcDbDs::TreatedAsObjectData
280
1
 91
0
  0
ACDSSCHEMA
 90
2
  1
AcDbDs::LegacySchema
  2
AcDbDs::Legacy
280
1
 91
0
  0
ACDSSCHEMA
 90
3
  1
AcDbDs::IndexedPropertySchema
  2
AcDs:Indexable
280
1
 91
0
  0
ACDSSCHEMA
 90
4
  1
AcDbDs::HandleAttributeSchema
  2
AcDbDs::HandleAttribute
280
7
 91
1
284
1
  0
ACDSRECORD
 90
0
  2
AcDbDs::ID
280
10
320
22
  2
Thumbnail_Data
280
15
 94
896
310
89504E470D0A1A0A0000000D49484452000001000000009108030000001BE1960600000300504C5445212830FFFFFF2128300000000000000000000000000000000000000000000000000000330000660000990000CC0000FF0033000033330033660033990033CC0033FF0066000066330066660066990066CC0066FF0099
310
000099330099660099990099CC0099FF00CC0000CC3300CC6600CC9900CCCC00CCFF00FF0000FF3300FF6600FF9900FFCC00FFFF3300003300333300663300993300CC3300FF3333003333333333663333993333CC3333FF3366003366333366663366993366CC3366FF3399003399333399663399993399CC3399FF33CC00
310
33CC3333CC6633CC9933CCCC33CCFF33FF0033FF3333FF6633FF9933FFCC33FFFF6600006600336600666600996600CC6600FF6633006633336633666633996633CC6633FF6666006666336666666666996666CC6666FF6699006699336699666699996699CC6699FF66CC0066CC3366CC6666CC9966CCCC66CCFF66FF0066
310
FF3366FF6666FF9966FFCC66FFFF9900009900339900669900999900CC9900FF9933009933339933669933999933CC9933FF9966009966339966669966999966CC9966FF9999009999339999669999999999CC9999FF99CC0099CC3399CC6699CC9999CCCC99CCFF99FF0099FF3399FF6699FF9999FFCC99FFFFCC0000CC00
310
33CC0066CC0099CC00CCCC00FFCC3300CC3333CC3366CC3399CC33CCCC33FFCC6600CC6633CC6666CC6699CC66CCCC66FFCC9900CC9933CC9966CC9999CC99CCCC99FFCCCC00CCCC33CCCC66CCCC99CCCCCCCCCCFFCCFF00CCFF33CCFF66CCFF99CCFFCCCCFFFFFF0000FF0033FF0066FF0099FF00CCFF00FFFF3300FF3333
310
FF3366FF3399FF33CCFF33FFFF6600FF6633FF6666FF6699FF66CCFF66FFFF9900FF9933FF9966FF9999FF99CCFF99FFFFCC00FFCC33FFCC66FFCC99FFCCCCFFCCFFFFFF00FFFF33FFFF66FFFF99FFFFCCFFFFFF0000000D0D0D1A1A1A2828283535354343435050505D5D5D6B6B6B787878868686939393A1A1A1AEAEAEBB
310
BBBBC9C9C9D6D6D6E4E4E4F1F1F1FFFFFF0000000000000000000000000000000000000000000000000000000000002E4550F10000003B4944415478DAEDC13101000000C2A0F54F6D0B2FA0000000000000000000000000000000000000000000000000000000000000000000000000CE06919100016C9A5B1B0000000049
310
454E44AE426082
  0
ENDSEC
  0
EOF
